dataset,attribute,model,arm,feature,leakage_drop,leakage_std,leakage_rank,shap_importance,shap_std,shap_rank,quadrant
home_credit,CODE_GENDER,gbm,baseline,EXT_SOURCE_3,0.0016299704644349,0.000463614274601,12,0.3629704776136346,0.2540991685756241,1,leaky_and_relied_on
home_credit,CODE_GENDER,gbm,baseline,EXT_SOURCE_2,0.0001211625173714,0.0009446899536738,33,0.2700077787832096,0.2144943184978414,2,safe_workhorse
home_credit,CODE_GENDER,gbm,baseline,EXT_SOURCE_1,0.0308244136308711,0.0019540723345872,3,0.1571862159466411,0.1660154522335423,3,leaky_and_relied_on
home_credit,CODE_GENDER,gbm,baseline,DAYS_EMPLOYED,0.0041075061984621,0.0005930434433023,10,0.0887950603043712,0.1126589381603563,4,leaky_and_relied_on
home_credit,CODE_GENDER,gbm,baseline,AMT_CREDIT,0.0008239667560342,0.0002416064254585,16,0.0839770637519708,0.0701589932751194,5,leaky_and_relied_on
home_credit,CODE_GENDER,gbm,baseline,NAME_EDUCATION_TYPE,0.0003579841674226,0.0003249992680935,21,0.0725168939233998,0.0553148050510815,6,leaky_and_relied_on
home_credit,CODE_GENDER,gbm,baseline,DAYS_BIRTH,0.0147218182126371,0.0008568487505479,5,0.0701959899373411,0.0662287363864547,7,leaky_and_relied_on
home_credit,CODE_GENDER,gbm,baseline,AMT_GOODS_PRICE,0.0004302766287322,0.0005450279885403,20,0.0692202229313662,0.0478759860306908,8,leaky_and_relied_on
home_credit,CODE_GENDER,gbm,baseline,NAME_INCOME_TYPE,0.0034200674098584,0.0011213435922101,11,0.0468379733301571,0.0248585943219194,9,leaky_and_relied_on
home_credit,CODE_GENDER,gbm,baseline,OWN_CAR_AGE,0.0394973956882961,0.0020412793509136,2,0.0462350807432938,0.0426279846264642,10,leaky_and_relied_on
home_credit,CODE_GENDER,gbm,baseline,ORGANIZATION_TYPE,0.0092835935957332,0.0012273117942544,8,0.0379384294787192,0.0301417928710752,11,leaky_and_relied_on
home_credit,CODE_GENDER,gbm,baseline,NAME_CONTRACT_TYPE,-0.0002238336621789,8.224588043978546e-05,112,0.0358026025868618,0.0501032696979466,12,safe_workhorse
home_credit,CODE_GENDER,gbm,baseline,AMT_ANNUITY,-0.0004193579135039,0.000232007618627,116,0.0348627782938948,0.02743636623813,13,safe_workhorse
home_credit,CODE_GENDER,gbm,baseline,DAYS_ID_PUBLISH,0.0049035157602628,0.0008211230669635,9,0.032820894232603,0.0439155093698933,14,leaky_and_relied_on
home_credit,CODE_GENDER,gbm,baseline,DAYS_LAST_PHONE_CHANGE,-7.23364883870703e-05,0.0001882092732913,103,0.0266571429867275,0.0275608653738736,15,safe_workhorse
home_credit,CODE_GENDER,gbm,baseline,FLAG_DOCUMENT_3,0.0002120344054,6.704810769414479e-05,23,0.0245182698636316,0.0208159670120655,16,leaky_and_relied_on
home_credit,CODE_GENDER,gbm,baseline,LIVINGAREA_MEDI,0.0001600384268332,6.516914726535205e-05,27,0.019125815061898,0.0188662138960008,17,safe_workhorse
home_credit,CODE_GENDER,gbm,baseline,DAYS_REGISTRATION,5.956863590244055e-05,0.0001862068290293,47,0.0175054204768961,0.0243270746742918,18,safe_workhorse
home_credit,CODE_GENDER,gbm,baseline,BASEMENTAREA_AVG,8.052552480823927e-05,0.0001106577831442,41,0.0160386972386186,0.0264596675751158,19,safe_workhorse
home_credit,CODE_GENDER,gbm,baseline,AMT_REQ_CREDIT_BUREAU_QRT,-5.4153305365733925e-06,0.0001391279753273,86,0.0137724968458448,0.0152290510930077,20,safe_workhorse
home_credit,CODE_GENDER,gbm,baseline,NONLIVINGAREA_AVG,-3.2139766599215136e-05,0.0001409733685179,94,0.0130510305944666,0.0287291863925389,21,safe_workhorse
home_credit,CODE_GENDER,gbm,baseline,HOUR_APPR_PROCESS_START,-1.144704015862974e-05,8.187331969833419e-05,88,0.01279224869735,0.0173020762824121,22,safe_workhorse
home_credit,CODE_GENDER,gbm,baseline,ENTRANCES_AVG,-0.0001181686760991,9.435665255457384e-05,109,0.0125941145132403,0.0191119013241453,23,safe_workhorse
home_credit,CODE_GENDER,gbm,baseline,AMT_INCOME_TOTAL,0.0261824627382332,0.0020454852148794,4,0.0115897772426679,0.0156652857715722,24,leaky_and_relied_on
home_credit,CODE_GENDER,gbm,baseline,OBS_30_CNT_SOCIAL_CIRCLE,-6.194609808929386e-05,5.493983043786978e-05,100,0.0112274814511229,0.0180740485144821,25,safe_workhorse
home_credit,CODE_GENDER,gbm,baseline,YEARS_BEGINEXPLUATATION_AVG,6.097750238354127e-05,0.0001187255270173,46,0.0097819394956773,0.0179916490936817,26,safe_workhorse
home_credit,CODE_GENDER,gbm,baseline,AMT_REQ_CREDIT_BUREAU_YEAR,0.0005009841152506,0.0001253104834193,17,0.0097170210685116,0.0139891528836703,27,leaky_and_relied_on
home_credit,CODE_GENDER,gbm,baseline,NONLIVINGAREA_MEDI,4.5259835704114514e-05,3.390330826641343e-05,52,0.0091068441921728,0.0273446049997648,28,safe_workhorse
home_credit,CODE_GENDER,gbm,baseline,LIVINGAREA_AVG,-2.637221944234991e-05,8.810888572827293e-05,92,0.0085888855669877,0.01211650840891,29,safe_workhorse
home_credit,CODE_GENDER,gbm,baseline,OCCUPATION_TYPE,0.127942247040775,0.003281702911736,1,0.0085621552092302,0.0172958095242883,30,leaky_and_relied_on
home_credit,CODE_GENDER,gbm,baseline,LANDAREA_MODE,-9.641929979780084e-05,0.0002108775223524,106,0.0077281408944803,0.0133487665215064,31,safe_workhorse
home_credit,CODE_GENDER,gbm,baseline,APARTMENTS_MODE,-7.832417093165401e-05,0.0001333818752215,105,0.0074753120167511,0.0129333585078012,32,safe_workhorse
home_credit,CODE_GENDER,gbm,baseline,BASEMENTAREA_MEDI,-7.607878997741845e-05,0.0001940719170932,104,0.0074513559216512,0.0122944356178557,33,safe_workhorse
home_credit,CODE_GENDER,gbm,baseline,LIVINGAREA_MODE,4.671272926271008e-05,0.0002208719786953,51,0.0064932504162312,0.0101322994634867,34,safe_workhorse
home_credit,CODE_GENDER,gbm,baseline,YEARS_BEGINEXPLUATATION_MEDI,0.0001448490850842,0.000147688173704,28,0.0062959054286724,0.0144356161307285,35,safe_workhorse
home_credit,CODE_GENDER,gbm,baseline,TOTALAREA_MODE,-7.198427176677847e-05,0.0001310080419526,102,0.0062895914562826,0.0084214213078797,36,safe_workhorse
home_credit,CODE_GENDER,gbm,baseline,LANDAREA_AVG,6.586450798968801e-05,0.0002230719290442,45,0.0056844436881745,0.0108663188559186,37,safe_workhorse
home_credit,CODE_GENDER,gbm,baseline,BASEMENTAREA_MODE,6.753753693595765e-05,0.0001677941990035,44,0.0054408669195898,0.0119601636712592,38,safe_workhorse
home_credit,CODE_GENDER,gbm,baseline,APARTMENTS_AVG,-0.0001002056284656,0.0001016921040465,107,0.0052522974430863,0.0112013688203057,39,safe_workhorse
home_credit,CODE_GENDER,gbm,baseline,WEEKDAY_APPR_PROCESS_START,-6.727337447076653e-05,0.0001356856101727,101,0.0052342809779276,0.009314249862885,40,safe_workhorse
home_credit,CODE_GENDER,gbm,baseline,DEF_60_CNT_SOCIAL_CIRCLE,7.81480626215636e-05,3.069258908004175e-05,42,0.0051780589452955,0.0198262409139898,41,safe_workhorse
home_credit,CODE_GENDER,gbm,baseline,APARTMENTS_MEDI,0.0001062813651651,3.6355917438248825e-05,35,0.0050575620538058,0.0101300416548405,42,safe_workhorse
home_credit,CODE_GENDER,gbm,baseline,ELEVATORS_AVG,-0.000147138493116,0.0001312542808552,110,0.0050493783957501,0.0136133896792366,43,safe_workhorse
home_credit,CODE_GENDER,gbm,baseline,LANDAREA_MEDI,-0.0002095688890581,0.0001835188336319,111,0.0046024584049162,0.0117464863575542,44,safe_workhorse
home_credit,CODE_GENDER,gbm,baseline,FLAG_EMAIL,-0.0001116086415466,3.5571590037032426e-05,108,0.0044766723846136,0.0098804272694643,45,safe_workhorse
home_credit,CODE_GENDER,gbm,baseline,REG_REGION_NOT_WORK_REGION,0.0001381129422217,8.258822598530157e-05,29,0.0042757484800595,0.0109405812292484,46,safe_workhorse
home_credit,CODE_GENDER,gbm,baseline,LIVINGAPARTMENTS_AVG,0.0001936310869911,6.524667320195687e-05,24,0.0039641483820987,0.0068569773607619,47,leaky_and_relied_on
home_credit,CODE_GENDER,gbm,baseline,OBS_60_CNT_SOCIAL_CIRCLE,8.796610091139634e-05,8.230927790718847e-05,39,0.003924832978558,0.0063718190577353,48,safe_workhorse
home_credit,CODE_GENDER,gbm,baseline,FLAG_WORK_PHONE,0.0001371003194384,0.0001084852026837,30,0.0038226917274035,0.0059187645190973,49,safe_workhorse
home_credit,CODE_GENDER,gbm,baseline,NONLIVINGAREA_MODE,6.987097204513848e-05,7.652047933360966e-05,43,0.0037102761473041,0.0084374041100563,50,safe_workhorse
home_credit,CODE_GENDER,gbm,baseline,FLAG_PHONE,0.0001344586947864,2.3702520110804425e-05,31,0.0036653646132829,0.0052693455878373,51,safe_workhorse
home_credit,CODE_GENDER,gbm,baseline,REG_CITY_NOT_WORK_CITY,0.0001016144949466,0.000237670447419,37,0.0036258989596499,0.0076267314522792,52,safe_workhorse
home_credit,CODE_GENDER,gbm,baseline,COMMONAREA_MODE,-0.0002918554969677,0.0005668956045967,113,0.0033191274576125,0.00694704968321,53,safe_workhorse
home_credit,CODE_GENDER,gbm,baseline,FLOORSMIN_AVG,0.0001060612297774,0.0001063050539807,36,0.0031301352336061,0.0144772033327805,54,safe_workhorse
home_credit,CODE_GENDER,gbm,baseline,COMMONAREA_AVG,0.000181479613592,7.874788982269778e-05,26,0.0031074522880628,0.007927486110875,55,leaky_and_relied_on
home_credit,CODE_GENDER,gbm,baseline,LIVINGAPARTMENTS_MODE,0.0001259614688225,8.54719009460836e-05,32,0.0030710731911539,0.0112245628247817,56,safe_workhorse
home_credit,CODE_GENDER,gbm,baseline,COMMONAREA_MEDI,9.404183761092532e-05,0.0001635998690062,38,0.0030554788568271,0.0090050210778196,57,safe_workhorse
home_credit,CODE_GENDER,gbm,baseline,YEARS_BUILD_MODE,-5.617855093236202e-05,4.768793060520137e-05,98,0.0030015094064692,0.0066976695227585,58,safe_workhorse
home_credit,CODE_GENDER,gbm,baseline,DEF_30_CNT_SOCIAL_CIRCLE,-1.532142298150685e-05,8.385865091653014e-05,90,0.0029688968488785,0.0091509583062344,59,low_low
home_credit,CODE_GENDER,gbm,baseline,NAME_TYPE_SUITE,0.0008755664909032,0.0001246886633593,15,0.0028475865528354,0.0043517501726096,60,leaky_removable
home_credit,CODE_GENDER,gbm,baseline,ENTRANCES_MEDI,-3.799536791118108e-05,5.6890344260791585e-05,95,0.002842706143857,0.0081038156033348,61,low_low
home_credit,CODE_GENDER,gbm,baseline,CNT_FAM_MEMBERS,0.0012236005388033,0.0003207553929128,14,0.0028031733864255,0.0083380574549709,62,leaky_removable
home_credit,CODE_GENDER,gbm,baseline,AMT_REQ_CREDIT_BUREAU_MON,1.0126227832696343e-06,0.0001175010528368,58,0.002707417183146,0.0085973932034245,63,low_low
home_credit,CODE_GENDER,gbm,baseline,YEARS_BUILD_AVG,8.167022882408226e-05,0.0001230193283994,40,0.0021487250677496,0.0056017364144036,64,low_low
home_credit,CODE_GENDER,gbm,baseline,FLOORSMAX_AVG,0.0001829325071505,7.085911592195825e-05,25,0.0020944685357916,0.0073386643910001,65,leaky_removable
home_credit,CODE_GENDER,gbm,baseline,FLAG_OWN_REALTY,0.000115262888982,9.404091006965284e-05,34,0.00199954922129,0.0032296571178053,66,low_low
home_credit,CODE_GENDER,gbm,baseline,NAME_HOUSING_TYPE,0.0013073400402715,0.000425393792509,13,0.0019813704251056,0.0079467956751311,67,leaky_removable
home_credit,CODE_GENDER,gbm,baseline,CNT_CHILDREN,0.0004964493262646,0.0001175317987255,18,0.0018563150089095,0.0051553263392631,68,leaky_removable
home_credit,CODE_GENDER,gbm,baseline,YEARS_BUILD_MEDI,0.0,0.0,77,0.0017021538773419,0.006393458778329,69,low_low
home_credit,CODE_GENDER,gbm,baseline,NONLIVINGAPARTMENTS_AVG,-0.000349178751916,6.36466798868372e-05,114,0.0015385657229729,0.0048397729918602,70,low_low
home_credit,CODE_GENDER,gbm,baseline,FLOORSMAX_MEDI,-5.481371152884496e-05,4.7368102323252184e-05,97,0.0013129920777929,0.0049363306984273,71,low_low
home_credit,CODE_GENDER,gbm,baseline,YEARS_BEGINEXPLUATATION_MODE,-0.0004091876585938,0.0002048010930794,115,0.0011805280247587,0.004087367130388,72,low_low
home_credit,CODE_GENDER,gbm,baseline,AMT_REQ_CREDIT_BUREAU_WEEK,0.0,0.0,84,0.0010667595616429,0.0033499842443399,73,low_low
home_credit,CODE_GENDER,gbm,baseline,LIVE_CITY_NOT_WORK_CITY,0.000489052777239,0.0002620382620398,19,0.0010195020890155,0.0031166360007761,74,leaky_removable
home_credit,CODE_GENDER,gbm,baseline,LIVINGAPARTMENTS_MEDI,-5.84679589640924e-05,0.0001170619140267,99,0.0008911917377575,0.0054648988054792,75,low_low
home_credit,CODE_GENDER,gbm,baseline,WALLSMATERIAL_MODE,4.415915876578858e-05,2.8457503621586097e-05,53,0.0008527486136989,0.0043773102898439,76,low_low
home_credit,CODE_GENDER,gbm,baseline,NAME_FAMILY_STATUS,0.0124796072080251,0.0013657895648481,7,0.0007728740010137,0.0029172062500059,77,leaky_removable
home_credit,CODE_GENDER,gbm,baseline,NONLIVINGAPARTMENTS_MODE,-8.365144731303787e-06,2.09427325638453e-05,87,0.0007598498797345,0.0037643657720437,78,low_low
home_credit,CODE_GENDER,gbm,baseline,FLOORSMIN_MEDI,0.0,0.0,72,0.0005486183146544,0.00184324752859,79,low_low
home_credit,CODE_GENDER,gbm,baseline,FLAG_DOCUMENT_5,4.063699256315889e-05,2.9738196988252295e-05,54,0.0004960063376567,0.002464056242281,80,low_low
home_credit,CODE_GENDER,gbm,baseline,FLAG_DOCUMENT_8,0.0144967958193648,0.0014913312515664,6,0.0004296561249773,0.0015106781560995,81,leaky_removable
home_credit,CODE_GENDER,gbm,baseline,FONDKAPREMONT_MODE,-4.2045859044215206e-05,3.925378779716893e-05,96,0.0003989984749144,0.0024951672113733,82,low_low
home_credit,CODE_GENDER,gbm,baseline,ELEVATORS_MODE,0.0,0.0,59,0.0003377893659874,0.0014376123650564,83,low_low
home_credit,CODE_GENDER,gbm,baseline,REG_CITY_NOT_LIVE_CITY,-2.5799867434495027e-05,1.8064734296616887e-05,91,0.0003190837075763,0.0010435980632519,84,low_low
home_credit,CODE_GENDER,gbm,baseline,ENTRANCES_MODE,1.6334045764776483e-05,4.570901282387279e-05,57,0.0002581738494857,0.002009293754193,85,low_low
home_credit,CODE_GENDER,gbm,baseline,FLAG_DOCUMENT_2,0.0,0.0,60,0.0,0.0,100,low_low
home_credit,CODE_GENDER,gbm,baseline,HOUSETYPE_MODE,0.0,0.0,66,0.0,0.0,94,low_low
home_credit,CODE_GENDER,gbm,baseline,FLAG_CONT_MOBILE,0.0,0.0,65,0.0,0.0,91,low_low
home_credit,CODE_GENDER,gbm,baseline,FLAG_DOCUMENT_7,0.0,0.0,64,0.0,0.0,104,low_low
home_credit,CODE_GENDER,gbm,baseline,EMERGENCYSTATE_MODE,0.0,0.0,63,0.0,0.0,116,low_low
home_credit,CODE_GENDER,gbm,baseline,FLAG_DOCUMENT_4,0.0,0.0,62,0.0,0.0,102,low_low
home_credit,CODE_GENDER,gbm,baseline,FLAG_OWN_CAR,0.0,0.0,61,0.0,0.0,87,low_low
home_credit,CODE_GENDER,gbm,baseline,FLAG_MOBIL,0.0,0.0,83,0.0,0.0,93,low_low
home_credit,CODE_GENDER,gbm,baseline,FLAG_DOCUMENT_10,0.0,0.0,68,0.0,0.0,106,low_low
home_credit,CODE_GENDER,gbm,baseline,AMT_REQ_CREDIT_BUREAU_HOUR,2.32462969374847e-05,6.597257408847836e-05,56,0.0,0.0,97,low_low
home_credit,CODE_GENDER,gbm,baseline,FLOORSMIN_MODE,3.4781391251259565e-05,3.6486734936701235e-05,55,0.0,0.0,101,low_low
home_credit,CODE_GENDER,gbm,baseline,AMT_REQ_CREDIT_BUREAU_DAY,4.931032683719305e-05,8.47873957519945e-05,50,0.0,0.0,90,low_low
home_credit,CODE_GENDER,gbm,baseline,FLAG_DOCUMENT_6,5.2524303497114566e-05,4.126833438254941e-05,49,0.0,0.0,103,low_low
home_credit,CODE_GENDER,gbm,baseline,FLAG_EMP_PHONE,5.873212142932793e-05,1.6284901223078243e-05,48,0.0,0.0,92,low_low
home_credit,CODE_GENDER,gbm,baseline,FLAG_DOCUMENT_9,0.0,0.0,67,0.0,0.0,105,low_low
home_credit,CODE_GENDER,gbm,baseline,FLAG_DOCUMENT_11,0.0,0.0,69,0.0,0.0,107,low_low
home_credit,CODE_GENDER,gbm,baseline,REG_REGION_NOT_LIVE_REGION,-1.1447040158873988e-06,1.7963047633520745e-05,85,0.0,0.0,95,low_low
home_credit,CODE_GENDER,gbm,baseline,FLAG_DOCUMENT_12,0.0,0.0,70,0.0,0.0,108,low_low
home_credit,CODE_GENDER,gbm,baseline,FLAG_DOCUMENT_13,0.0,0.0,71,0.0,0.0,109,low_low
home_credit,CODE_GENDER,gbm,baseline,FLAG_DOCUMENT_14,0.0,0.0,73,0.0,0.0,110,low_low
home_credit,CODE_GENDER,gbm,baseline,ELEVATORS_MEDI,0.0,0.0,75,0.0,0.0,99,low_low
home_credit,CODE_GENDER,gbm,baseline,FLAG_DOCUMENT_16,0.0,0.0,76,0.0,0.0,112,low_low
home_credit,CODE_GENDER,gbm,baseline,FLAG_DOCUMENT_17,0.0,0.0,78,0.0,0.0,113,low_low
home_credit,CODE_GENDER,gbm,baseline,FLOORSMAX_MODE,-3.1039089660933604e-05,2.835323283556271e-05,93,0.0,0.0,86,low_low
home_credit,CODE_GENDER,gbm,baseline,FLAG_DOCUMENT_18,0.0,0.0,79,0.0,0.0,114,low_low
home_credit,CODE_GENDER,gbm,baseline,FLAG_DOCUMENT_19,0.0,0.0,80,0.0,0.0,96,low_low
home_credit,CODE_GENDER,gbm,baseline,NONLIVINGAPARTMENTS_MEDI,-1.4749070973629763e-05,1.964663629046543e-05,89,0.0,0.0,88,low_low
home_credit,CODE_GENDER,gbm,baseline,FLAG_DOCUMENT_20,0.0,0.0,81,0.0,0.0,115,low_low
home_credit,CODE_GENDER,gbm,baseline,FLAG_DOCUMENT_21,0.0,0.0,82,0.0,0.0,98,low_low
home_credit,CODE_GENDER,gbm,baseline,LIVE_REGION_NOT_WORK_REGION,0.0003103468695316,0.0001704094411584,22,0.0,0.0,89,leaky_removable
home_credit,CODE_GENDER,gbm,baseline,FLAG_DOCUMENT_15,0.0,0.0,74,0.0,0.0,111,low_low
home_credit,CODE_GENDER,gbm,single_pass,EXT_SOURCE_3,0.0011246716955862,0.0005216206743252,15,0.3540544987405226,0.2591629959391048,1,leaky_and_relied_on
home_credit,CODE_GENDER,gbm,single_pass,EXT_SOURCE_2,0.0010286046124087,0.000423715107394,17,0.2752116854679181,0.2173561542750683,2,leaky_and_relied_on
home_credit,CODE_GENDER,gbm,single_pass,EXT_SOURCE_1,0.0228793752733807,0.0008274449865213,4,0.1237556132012991,0.1407505991424118,3,leaky_and_relied_on
home_credit,CODE_GENDER,gbm,single_pass,DAYS_EMPLOYED,0.0115977888721121,0.0005694279377445,6,0.0886477464466127,0.0982239826315212,4,leaky_and_relied_on
home_credit,CODE_GENDER,gbm,single_pass,AMT_CREDIT,0.0003512039974825,0.0003728065056486,25,0.0777488620749888,0.0675337517068928,5,leaky_and_relied_on
home_credit,CODE_GENDER,gbm,single_pass,NAME_EDUCATION_TYPE,0.0003755069442809,0.0002151236805977,24,0.0694394260917695,0.0528793793154699,6,leaky_and_relied_on
home_credit,CODE_GENDER,gbm,single_pass,AMT_GOODS_PRICE,0.0010258309065241,0.0006162831933207,18,0.0588402735957226,0.048726918645424,7,leaky_and_relied_on
home_credit,CODE_GENDER,gbm,single_pass,ORGANIZATION_TYPE,0.0075504236615604,0.0009373031133953,8,0.046623655876549,0.0396481003549131,8,leaky_and_relied_on
home_credit,CODE_GENDER,gbm,single_pass,OWN_CAR_AGE,0.0542589263248683,0.0012794695465501,2,0.0437566563770718,0.0413317532243034,9,leaky_and_relied_on
home_credit,CODE_GENDER,gbm,single_pass,NAME_CONTRACT_TYPE,0.0002249783661948,7.480004823233397e-05,31,0.0359192440767126,0.0499917667528425,10,leaky_and_relied_on
home_credit,CODE_GENDER,gbm,single_pass,FLAG_EMP_PHONE,0.0002997803709237,0.0004524948387431,28,0.0329311076167797,0.0331730396901389,11,leaky_and_relied_on
home_credit,CODE_GENDER,gbm,single_pass,DAYS_BIRTH,0.0097660423113423,0.0007383560036825,7,0.0327041225427995,0.0390723486736034,12,leaky_and_relied_on
home_credit,CODE_GENDER,gbm,single_pass,DAYS_LAST_PHONE_CHANGE,0.0002471680132716,0.0003729397641739,30,0.0309702389608306,0.0245510683809215,13,leaky_and_relied_on
home_credit,CODE_GENDER,gbm,single_pass,AMT_ANNUITY,-0.0002776787780019,0.0003976362390244,111,0.0279534524234656,0.0230162769963044,14,safe_workhorse
home_credit,CODE_GENDER,gbm,single_pass,DAYS_ID_PUBLISH,0.0044982465115696,0.0006247888296784,10,0.0278276461570569,0.0425524670383511,15,leaky_and_relied_on
home_credit,CODE_GENDER,gbm,single_pass,AMT_INCOME_TOTAL,0.0268941164194804,0.0022703587381933,3,0.0163827835913458,0.0249975276211749,16,leaky_and_relied_on
home_credit,CODE_GENDER,gbm,single_pass,ENTRANCES_AVG,-4.0504911330541125e-05,0.0001572208726424,93,0.0133240738700087,0.0142022594115056,17,safe_workhorse
home_credit,CODE_GENDER,gbm,single_pass,NAME_INCOME_TYPE,0.0003805700581973,0.0003066630038294,23,0.0126935882849998,0.0238254509811099,18,leaky_and_relied_on
home_credit,CODE_GENDER,gbm,single_pass,AMT_REQ_CREDIT_BUREAU_QRT,-5.5562171846856855e-05,0.0001176144956011,98,0.0108632041870105,0.0134971060949494,19,safe_workhorse
home_credit,CODE_GENDER,gbm,single_pass,AMT_REQ_CREDIT_BUREAU_YEAR,0.0009792062314164,0.0007275654385111,19,0.0105000703912884,0.011002819676824,20,leaky_and_relied_on
home_credit,CODE_GENDER,gbm,single_pass,NAME_FAMILY_STATUS,0.0147542221417015,0.0012695548605454,5,0.0103754262595143,0.0111627026239292,21,leaky_and_relied_on
home_credit,CODE_GENDER,gbm,single_pass,DAYS_REGISTRATION,0.0007016155075695,0.000433298437324,20,0.0093730932150265,0.0153726779891627,22,leaky_and_relied_on
home_credit,CODE_GENDER,gbm,single_pass,OCCUPATION_TYPE,0.1332557869741049,0.0032719603497692,1,0.0090747195000512,0.0205514180568109,23,leaky_and_relied_on
home_credit,CODE_GENDER,gbm,single_pass,HOUR_APPR_PROCESS_START,0.0003152338751379,0.0003085720893019,26,0.0085134327877436,0.0116906648355215,24,leaky_and_relied_on
home_credit,CODE_GENDER,gbm,single_pass,APARTMENTS_AVG,2.9366060714663965e-05,0.0002189129099128,59,0.0082271457140296,0.0185711823737358,25,safe_workhorse
home_credit,CODE_GENDER,gbm,single_pass,YEARS_BEGINEXPLUATATION_MEDI,0.0001761083101328,0.0002696083569781,37,0.0075476583292362,0.0150676164754033,26,leaky_and_relied_on
home_credit,CODE_GENDER,gbm,single_pass,LANDAREA_MODE,0.0002575584035694,0.0001677552406352,29,0.0072720244485701,0.0082590516676845,27,leaky_and_relied_on
home_credit,CODE_GENDER,gbm,single_pass,LANDAREA_MEDI,0.0002147640842071,0.0001560102831536,32,0.0071330993914034,0.013150524787469,28,leaky_and_relied_on
home_credit,CODE_GENDER,gbm,single_pass,BASEMENTAREA_MEDI,-4.283834643976636e-05,4.493342362340743e-05,95,0.0071292818020935,0.0104253712948496,29,safe_workhorse
home_credit,CODE_GENDER,gbm,single_pass,YEARS_BEGINEXPLUATATION_AVG,4.0769073795776654e-05,0.0002707100159366,55,0.0068728152336079,0.0129542123550746,30,safe_workhorse
home_credit,CODE_GENDER,gbm,single_pass,DEF_30_CNT_SOCIAL_CIRCLE,-0.0003059001347007,0.0001294044563886,114,0.0067464592727487,0.014451372254936,31,safe_workhorse
home_credit,CODE_GENDER,gbm,single_pass,NONLIVINGAREA_MEDI,5.94365546699116e-05,3.56434475092896e-05,54,0.0057868106971406,0.0162397422161711,32,safe_workhorse
home_credit,CODE_GENDER,gbm,single_pass,ENTRANCES_MODE,-7.466992349627332e-05,6.813457321670412e-05,100,0.005681632100604,0.0079954212767401,33,safe_workhorse
home_credit,CODE_GENDER,gbm,single_pass,FLAG_WORK_PHONE,0.0002115501075472,0.0001943166377425,33,0.0056570451233737,0.0097812606099515,34,leaky_and_relied_on
home_credit,CODE_GENDER,gbm,single_pass,OBS_30_CNT_SOCIAL_CIRCLE,0.0001415030271918,0.0002277071086158,43,0.0056244490411028,0.0128600496877909,35,safe_workhorse
home_credit,CODE_GENDER,gbm,single_pass,FLOORSMAX_AVG,9.800427458903638e-05,0.0001495620884592,48,0.0055235704750636,0.0131722817384622,36,safe_workhorse
home_credit,CODE_GENDER,gbm,single_pass,LIVINGAPARTMENTS_AVG,0.0001521575799549,7.500867757806021e-05,41,0.0054395147051083,0.0142976328209334,37,safe_workhorse
home_credit,CODE_GENDER,gbm,single_pass,ELEVATORS_AVG,2.267394492967423e-05,4.40242156801935e-05,61,0.0053452476660596,0.0141020358853207,38,safe_workhorse
home_credit,CODE_GENDER,gbm,single_pass,ENTRANCES_MEDI,3.900799069451732e-05,4.525448190045077e-05,58,0.0052665610659777,0.0104826843440039,39,safe_workhorse
home_credit,CODE_GENDER,gbm,single_pass,FLAG_DOCUMENT_3,0.0021118028009587,0.0005269929806124,11,0.0052016663637475,0.0078711980698126,40,leaky_and_relied_on
home_credit,CODE_GENDER,gbm,single_pass,BASEMENTAREA_MODE,0.0001756680393576,0.0001964011362551,38,0.0051357154775279,0.0114837680609285,41,leaky_and_relied_on
home_credit,CODE_GENDER,gbm,single_pass,BASEMENTAREA_AVG,0.0001474026555813,0.0001168738225989,42,0.0049835155771665,0.0128832807189834,42,safe_workhorse
home_credit,CODE_GENDER,gbm,single_pass,NONLIVINGAREA_AVG,-4.8429785286474567e-05,3.9032431482517584e-05,96,0.0049314677418427,0.0127985754734619,43,safe_workhorse
home_credit,CODE_GENDER,gbm,single_pass,OBS_60_CNT_SOCIAL_CIRCLE,-2.7208733915506934e-05,9.00846725383275e-05,91,0.0048996885734445,0.0085788155833133,44,safe_workhorse
home_credit,CODE_GENDER,gbm,single_pass,LIVINGAREA_AVG,0.0002047259105295,9.28944209866788e-05,34,0.0048349472969453,0.0123002192795568,45,leaky_and_relied_on
home_credit,CODE_GENDER,gbm,single_pass,TOTALAREA_MODE,0.0004454219434037,0.0003740349023918,21,0.0041828988697474,0.0109025692280671,46,leaky_and_relied_on
home_credit,CODE_GENDER,gbm,single_pass,APARTMENTS_MODE,-7.207232592183477e-05,0.0001375550349592,99,0.0041581892857701,0.0070045140812856,47,safe_workhorse
home_credit,CODE_GENDER,gbm,single_pass,LIVINGAREA_MEDI,4.019672178794398e-05,4.303015652742525e-05,56,0.0040436560360896,0.0085240762880306,48,safe_workhorse
home_credit,CODE_GENDER,gbm,single_pass,LANDAREA_AVG,-0.0002215882812246,0.0004033472797615,108,0.0039858995597374,0.0122048224200834,49,safe_workhorse
home_credit,CODE_GENDER,gbm,single_pass,AMT_REQ_CREDIT_BUREAU_MON,0.0001200178133556,4.695739115366384e-05,46,0.0037829982903943,0.0056762495310404,50,safe_workhorse
home_credit,CODE_GENDER,gbm,single_pass,LIVINGAPARTMENTS_MODE,-0.0002928681197508,0.0001270127849617,112,0.0036647965259549,0.0125494028109519,51,safe_workhorse
home_credit,CODE_GENDER,gbm,single_pass,YEARS_BUILD_MODE,-0.0002966544484188,0.0001324896567086,113,0.0033612186997482,0.0074920420288633,52,safe_workhorse
home_credit,CODE_GENDER,gbm,single_pass,CNT_FAM_MEMBERS,0.001485385541816,0.000406054138805,13,0.0031607970948613,0.0086263324491754,53,leaky_and_relied_on
home_credit,CODE_GENDER,gbm,single_pass,YEARS_BEGINEXPLUATATION_MODE,-9.109202341617272e-05,0.0001609161315937,101,0.003045102399871,0.0077594194753372,54,safe_workhorse
home_credit,CODE_GENDER,gbm,single_pass,NONLIVINGAPARTMENTS_AVG,9.399781053349708e-05,8.684702348111023e-05,50,0.0029891199643964,0.0066773005166412,55,safe_workhorse
home_credit,CODE_GENDER,gbm,single_pass,WALLSMATERIAL_MODE,-4.4027077532593495e-06,5.516225617570198e-05,89,0.0028500553745218,0.0068357837815963,56,low_low
home_credit,CODE_GENDER,gbm,single_pass,YEARS_BUILD_AVG,-0.0002713829059147,0.0001849807709171,110,0.0027062834795229,0.0084595393755742,57,low_low
home_credit,CODE_GENDER,gbm,single_pass,FLAG_EMAIL,-0.0001485033325194,7.916193421637723e-05,104,0.0026127225100868,0.0060179542547339,58,low_low
home_credit,CODE_GENDER,gbm,single_pass,COMMONAREA_AVG,0.0002043296668317,7.355716512613577e-05,35,0.0026001050391644,0.0078888596893585,59,leaky_removable
home_credit,CODE_GENDER,gbm,single_pass,DEF_60_CNT_SOCIAL_CIRCLE,1.2899933717358536e-05,2.4462816717310684e-05,63,0.0023943063718216,0.0140440946300233,60,low_low
home_credit,CODE_GENDER,gbm,single_pass,YEARS_BUILD_MEDI,3.980047809011289e-05,1.5095189318333168e-05,57,0.0023558679689252,0.0037377576071593,61,low_low
home_credit,CODE_GENDER,gbm,single_pass,NONLIVINGAREA_MODE,-0.0001925304100527,0.0001382406487201,107,0.0020236678707559,0.0071921126110322,62,low_low
home_credit,CODE_GENDER,gbm,single_pass,LIVINGAREA_MODE,0.0001639568367337,3.909083859838504e-05,39,0.002011808565733,0.0098934818504424,63,low_low
home_credit,CODE_GENDER,gbm,single_pass,FLAG_PHONE,-4.266223812960934e-05,9.515364800154376e-05,94,0.0019689970332631,0.0056919930728538,64,low_low
home_credit,CODE_GENDER,gbm,single_pass,WEEKDAY_APPR_PROCESS_START,-0.0002453188760151,0.0001507825272088,109,0.0018783025188178,0.0049098333654587,65,low_low
home_credit,CODE_GENDER,gbm,single_pass,REG_CITY_NOT_LIVE_CITY,1.9636076580020757e-05,3.097372962633742e-05,62,0.0018575500162104,0.0040033945925126,66,low_low
home_credit,CODE_GENDER,gbm,single_pass,FLAG_OWN_REALTY,0.0003997658640017,0.0002150107757585,22,0.0018536269027495,0.0070156709699174,67,leaky_removable
home_credit,CODE_GENDER,gbm,single_pass,FLOORSMIN_AVG,7.999719987796805e-05,8.408625486525303e-05,51,0.0018026033990636,0.0078952949461488,68,low_low
home_credit,CODE_GENDER,gbm,single_pass,LIVINGAPARTMENTS_MEDI,-0.0001268860374506,0.0001092773527808,103,0.0017501180744359,0.0088441336010807,69,low_low
home_credit,CODE_GENDER,gbm,single_pass,REG_CITY_NOT_WORK_CITY,-0.0004503089490097,0.0002395562849887,115,0.0017321682600427,0.0074460566622298,70,low_low
home_credit,CODE_GENDER,gbm,single_pass,COMMONAREA_MEDI,-0.0001541387984437,0.0001418367271813,105,0.0015227032071195,0.0038071313964216,71,low_low
home_credit,CODE_GENDER,gbm,single_pass,FLAG_DOCUMENT_16,0.0,0.0,75,0.0012803254328132,0.007039779624752,72,low_low
home_credit,CODE_GENDER,gbm,single_pass,AMT_REQ_CREDIT_BUREAU_WEEK,6.9122511727970345e-06,4.3874611932292165e-05,64,0.0012498732791872,0.0055582100334119,73,low_low
home_credit,CODE_GENDER,gbm,single_pass,ELEVATORS_MEDI,0.0,0.0,87,0.0012225843842359,0.0030436398836939,74,low_low
home_credit,CODE_GENDER,gbm,single_pass,COMMONAREA_MODE,-0.0007377617382241,0.000332284537642,116,0.0012142635883488,0.0040161953657584,75,low_low
home_credit,CODE_GENDER,gbm,single_pass,APARTMENTS_MEDI,0.0001986061467524,2.9347737886019985e-05,36,0.0012128907792964,0.0045522263868726,76,leaky_removable
home_credit,CODE_GENDER,gbm,single_pass,NAME_HOUSING_TYPE,0.0014091746706059,0.0003298155214418,14,0.001169818167195,0.0047338947841468,77,leaky_removable
home_credit,CODE_GENDER,gbm,single_pass,ELEVATORS_MODE,-1.0258309065136472e-05,3.9298353364133014e-05,90,0.0010769110184962,0.0042331222044979,78,low_low
home_credit,CODE_GENDER,gbm,single_pass,AMT_REQ_CREDIT_BUREAU_HOUR,-4.970657053493533e-05,3.2899570626869905e-05,97,0.0010176164901125,0.0045722703214224,79,low_low
home_credit,CODE_GENDER,gbm,single_pass,FLOORSMIN_MEDI,0.0,0.0,86,0.0008432315698645,0.0032696962040283,80,low_low
home_credit,CODE_GENDER,gbm,single_pass,FLOORSMIN_MODE,-0.0001105960187633,4.8050790165179255e-05,102,0.0008095638221021,0.0041774152700676,81,low_low
home_credit,CODE_GENDER,gbm,single_pass,FONDKAPREMONT_MODE,0.0,0.0,85,0.0007218739759628,0.0043303195476502,82,low_low
home_credit,CODE_GENDER,gbm,single_pass,LIVE_REGION_NOT_WORK_REGION,0.0003025981038858,0.0001453430189593,27,0.000662533576374,0.0040062773878271,83,leaky_removable
home_credit,CODE_GENDER,gbm,single_pass,FLAG_OWN_CAR,0.0019853130072057,0.0003627636053772,12,0.0005898722882859,0.0049908315148563,84,leaky_removable
home_credit,CODE_GENDER,gbm,single_pass,LIVE_CITY_NOT_WORK_CITY,-0.0001706929795962,8.528325623115453e-05,106,0.0005288491288406,0.0042724113456452,85,low_low
home_credit,CODE_GENDER,gbm,single_pass,FLOORSMAX_MODE,0.0,0.0,88,0.0003990226617664,0.0023418752775004,86,low_low
home_credit,CODE_GENDER,gbm,single_pass,CNT_CHILDREN,0.0001356033988024,0.000160431190856,44,0.0002653627198512,0.001347947879813,87,low_low
home_credit,CODE_GENDER,gbm,single_pass,FLAG_DOCUMENT_5,2.756095053586538e-05,3.6885495628202904e-05,60,0.0,0.0,101,low_low
home_credit,CODE_GENDER,gbm,single_pass,EMERGENCYSTATE_MODE,6.432356027614716e-05,2.571927569081516e-05,53,0.0,0.0,116,low_low
home_credit,CODE_GENDER,gbm,single_pass,NONLIVINGAPARTMENTS_MODE,6.441161443122567e-05,3.758081810291245e-05,52,0.0,0.0,95,low_low
home_credit,CODE_GENDER,gbm,single_pass,FLAG_DOCUMENT_15,0.0,0.0,76,0.0,0.0,110,low_low
home_credit,CODE_GENDER,gbm,single_pass,REG_REGION_NOT_WORK_REGION,9.782816627892376e-05,0.0002803689305791,49,0.0,0.0,94,low_low
home_credit,CODE_GENDER,gbm,single_pass,FLAG_DOCUMENT_17,0.0,0.0,66,0.0,0.0,108,low_low
home_credit,CODE_GENDER,gbm,single_pass,AMT_REQ_CREDIT_BUREAU_DAY,0.0001036837675907,9.9194578763438e-05,47,0.0,0.0,102,low_low
home_credit,CODE_GENDER,gbm,single_pass,FLAG_DOCUMENT_6,0.0001311126368939,6.826789861961233e-05,45,0.0,0.0,103,low_low
home_credit,CODE_GENDER,gbm,single_pass,FLAG_DOCUMENT_8,0.0066017281948745,0.0010379908581263,9,0.0,0.0,88,leaky_removable
home_credit,CODE_GENDER,gbm,single_pass,NONLIVINGAPARTMENTS_MEDI,0.0001525097965751,5.9043150830858305e-05,40,0.0,0.0,98,low_low
home_credit,CODE_GENDER,gbm,single_pass,NAME_TYPE_SUITE,0.0010717951754688,0.0002020785977676,16,0.0,0.0,96,leaky_removable
home_credit,CODE_GENDER,gbm,single_pass,FLAG_DOCUMENT_7,0.0,0.0,65,0.0,0.0,109,low_low
home_credit,CODE_GENDER,gbm,single_pass,FLAG_DOCUMENT_19,0.0,0.0,69,0.0,0.0,106,low_low
home_credit,CODE_GENDER,gbm,single_pass,FLAG_DOCUMENT_21,0.0,0.0,67,0.0,0.0,104,low_low
home_credit,CODE_GENDER,gbm,single_pass,FLAG_DOCUMENT_20,0.0,0.0,68,0.0,0.0,105,low_low
home_credit,CODE_GENDER,gbm,single_pass,FLAG_DOCUMENT_14,0.0,0.0,77,0.0,0.0,111,low_low
home_credit,CODE_GENDER,gbm,single_pass,FLAG_DOCUMENT_18,0.0,0.0,70,0.0,0.0,107,low_low
home_credit,CODE_GENDER,gbm,single_pass,REG_REGION_NOT_LIVE_REGION,-3.98445051674523e-05,2.3898228615749392e-05,92,0.0,0.0,93,low_low
home_credit,CODE_GENDER,gbm,single_pass,FLAG_DOCUMENT_2,0.0,0.0,72,0.0,0.0,99,low_low
home_credit,CODE_GENDER,gbm,single_pass,FLAG_DOCUMENT_9,0.0,0.0,73,0.0,0.0,89,low_low
home_credit,CODE_GENDER,gbm,single_pass,FLAG_DOCUMENT_4,0.0,0.0,74,0.0,0.0,100,low_low
home_credit,CODE_GENDER,gbm,single_pass,FLAG_CONT_MOBILE,0.0,0.0,84,0.0,0.0,92,low_low
home_credit,CODE_GENDER,gbm,single_pass,HOUSETYPE_MODE,0.0,0.0,83,0.0,0.0,91,low_low
home_credit,CODE_GENDER,gbm,single_pass,FLOORSMAX_MEDI,0.0,0.0,82,0.0,0.0,97,low_low
home_credit,CODE_GENDER,gbm,single_pass,FLAG_DOCUMENT_13,0.0,0.0,81,0.0,0.0,112,low_low
home_credit,CODE_GENDER,gbm,single_pass,FLAG_DOCUMENT_10,0.0,0.0,80,0.0,0.0,115,low_low
home_credit,CODE_GENDER,gbm,single_pass,FLAG_DOCUMENT_11,0.0,0.0,79,0.0,0.0,114,low_low
home_credit,CODE_GENDER,gbm,single_pass,FLAG_DOCUMENT_12,0.0,0.0,78,0.0,0.0,113,low_low
home_credit,CODE_GENDER,gbm,single_pass,FLAG_MOBIL,0.0,0.0,71,0.0,0.0,90,low_low
home_credit,CODE_GENDER,gbm,top_k=5,EXT_SOURCE_3,-0.0001965368741082,0.0002608816073913,100,0.3307011034420669,0.2914839864105303,1,safe_workhorse
home_credit,CODE_GENDER,gbm,top_k=5,EXT_SOURCE_2,-0.000269753904046,0.0006692658947076,107,0.2929066000824283,0.2350230370209562,2,safe_workhorse
home_credit,CODE_GENDER,gbm,top_k=5,EXT_SOURCE_1,0.0346826385163404,0.0025745039363907,3,0.121151076187303,0.1449017939126546,3,leaky_and_relied_on
home_credit,CODE_GENDER,gbm,top_k=5,DAYS_EMPLOYED,0.0048033981859524,0.0018124790129043,12,0.1124216195770268,0.0940316458691864,4,leaky_and_relied_on
home_credit,CODE_GENDER,gbm,top_k=5,OWN_CAR_AGE,0.0356036409512579,0.0030365898643199,2,0.0844818509795508,0.061102623509645,5,leaky_and_relied_on
home_credit,CODE_GENDER,gbm,top_k=5,NAME_EDUCATION_TYPE,0.0020482717280782,0.0003397833628454,14,0.0766551701870268,0.0564268982776496,6,leaky_and_relied_on
home_credit,CODE_GENDER,gbm,top_k=5,AMT_CREDIT,0.0025022789516009,0.0009500495833677,13,0.0616563254570481,0.0689566390311951,7,leaky_and_relied_on
home_credit,CODE_GENDER,gbm,top_k=5,DAYS_ID_PUBLISH,0.0060460184222501,0.0014773514134836,10,0.0472542011551422,0.0527354662254268,8,leaky_and_relied_on
home_credit,CODE_GENDER,gbm,top_k=5,AMT_GOODS_PRICE,0.0006107876466185,0.0007488620298596,22,0.0469094122758293,0.0404070010482175,9,leaky_and_relied_on
home_credit,CODE_GENDER,gbm,top_k=5,NAME_CONTRACT_TYPE,0.0003477258583575,0.0004243270164575,27,0.04599682095913,0.0686099827613227,10,leaky_and_relied_on
home_credit,CODE_GENDER,gbm,top_k=5,AMT_ANNUITY,0.0004053573028484,0.0004288530388483,25,0.0362049752497836,0.030033449120827,11,leaky_and_relied_on
home_credit,CODE_GENDER,gbm,top_k=5,DAYS_BIRTH,0.0110050083002049,0.001574912485641,7,0.0316123500402056,0.0309274835724717,12,leaky_and_relied_on
home_credit,CODE_GENDER,gbm,top_k=5,DAYS_LAST_PHONE_CHANGE,0.0019626830893537,0.0006355931410791,15,0.0304351200105177,0.0231535045207815,13,leaky_and_relied_on
home_credit,CODE_GENDER,gbm,top_k=5,AMT_REQ_CREDIT_BUREAU_YEAR,0.0013087048796751,0.0003257469716637,18,0.0262894170551372,0.0190214862901182,14,leaky_and_relied_on
home_credit,CODE_GENDER,gbm,top_k=5,AMT_REQ_CREDIT_BUREAU_QRT,1.959204950237048e-05,9.591720963792304e-05,52,0.0240949529600496,0.0301810255472433,15,safe_workhorse
home_credit,CODE_GENDER,gbm,top_k=5,NAME_INCOME_TYPE,0.0001302320953433,0.0004946934546001,37,0.0217210268446074,0.0270651621305219,16,safe_workhorse
home_credit,CODE_GENDER,gbm,top_k=5,AMT_INCOME_TOTAL,0.0312663574351498,0.0033706450323873,4,0.0206206282500427,0.0259344346834235,17,leaky_and_relied_on
home_credit,CODE_GENDER,gbm,top_k=5,LANDAREA_MODE,0.000465674399069,0.0001703633212345,24,0.0195765798378308,0.02285092986282,18,leaky_and_relied_on
home_credit,CODE_GENDER,gbm,top_k=5,OCCUPATION_TYPE,0.1065980519339004,0.0038571441751466,1,0.0186260609478069,0.0222552496425712,19,leaky_and_relied_on
home_credit,CODE_GENDER,gbm,top_k=5,DAYS_REGISTRATION,0.0009989743892289,0.0002492897730155,19,0.0181425111542775,0.0247609943556836,20,leaky_and_relied_on
home_credit,CODE_GENDER,gbm,top_k=5,FLAG_EMP_PHONE,0.0107838162626779,0.0011266423623233,8,0.017373448188354,0.0180788487450433,21,leaky_and_relied_on
home_credit,CODE_GENDER,gbm,top_k=5,YEARS_BEGINEXPLUATATION_MEDI,-6.326691041509402e-05,0.0001806312254746,85,0.0144084920587407,0.0336455861204835,22,safe_workhorse
home_credit,CODE_GENDER,gbm,top_k=5,YEARS_BEGINEXPLUATATION_MODE,-0.0005651755942938,0.0002475658111836,115,0.0140297682097677,0.0102174642544797,23,safe_workhorse
home_credit,CODE_GENDER,gbm,top_k=5,HOUR_APPR_PROCESS_START,9.43940542313504e-05,0.0001798751779091,40,0.0131778922032568,0.0209161284479898,24,safe_workhorse
home_credit,CODE_GENDER,gbm,top_k=5,ENTRANCES_AVG,-7.616684413236374e-05,0.0001746839979861,86,0.0118311504213811,0.0187800541068932,25,safe_workhorse
home_credit,CODE_GENDER,gbm,top_k=5,APARTMENTS_AVG,-0.0002959500151782,0.000276697366162,109,0.0113108696550836,0.0139981047916579,26,safe_workhorse
home_credit,CODE_GENDER,gbm,top_k=5,APARTMENTS_MEDI,-0.0003412538779599,4.0239737289609545e-05,111,0.0107946270826258,0.0148542176310639,27,safe_workhorse
home_credit,CODE_GENDER,gbm,top_k=5,CNT_FAM_MEMBERS,0.0017623158595,0.0002529227274934,17,0.0100686215342682,0.016882496996417,28,leaky_and_relied_on
home_credit,CODE_GENDER,gbm,top_k=5,ORGANIZATION_TYPE,0.0141773793718613,0.0020112275143973,5,0.0090302069993881,0.0140916926040424,29,leaky_and_relied_on
home_credit,CODE_GENDER,gbm,top_k=5,LIVINGAPARTMENTS_MODE,-0.0002432055762934,0.0001432586846039,104,0.0089384508017988,0.0139079144684877,30,safe_workhorse
home_credit,CODE_GENDER,gbm,top_k=5,ENTRANCES_MEDI,-8.845039876419492e-05,0.0001089530429605,88,0.0089229663685539,0.0118744506978001,31,safe_workhorse
home_credit,CODE_GENDER,gbm,top_k=5,WEEKDAY_APPR_PROCESS_START,-0.0003825512766861,0.000250509560089,112,0.0088867403466338,0.0141908927087468,32,safe_workhorse
home_credit,CODE_GENDER,gbm,top_k=5,LIVINGAPARTMENTS_AVG,-0.0002077637788792,0.0001761962542752,101,0.008599225981777,0.012085180240119,33,safe_workhorse
home_credit,CODE_GENDER,gbm,top_k=5,LANDAREA_AVG,-0.0001813915594367,0.0001464824604823,99,0.0083822291329374,0.0198518384714795,34,safe_workhorse
home_credit,CODE_GENDER,gbm,top_k=5,LIVINGAREA_MODE,6.463174981885533e-05,7.779531029922187e-05,44,0.0077262672791472,0.0123680371624772,35,safe_workhorse
home_credit,CODE_GENDER,gbm,top_k=5,ENTRANCES_MODE,0.0002555771850804,0.0003777318762079,29,0.0074151451423834,0.0129208497927156,36,leaky_and_relied_on
home_credit,CODE_GENDER,gbm,top_k=5,NONLIVINGAREA_AVG,-0.0001470064118833,0.0003331705974019,95,0.0073978558118627,0.0110360017745806,37,safe_workhorse
home_credit,CODE_GENDER,gbm,top_k=5,DEF_30_CNT_SOCIAL_CIRCLE,-1.043441737522688e-05,3.5730245229992514e-05,78,0.0071164297305658,0.0134015179639069,38,safe_workhorse
home_credit,CODE_GENDER,gbm,top_k=5,FLAG_OWN_CAR,0.007989901949497,0.0021626865324746,9,0.0069842952920329,0.0114310778448723,39,leaky_and_relied_on
home_credit,CODE_GENDER,gbm,top_k=5,NAME_FAMILY_STATUS,0.0110692438063258,0.0016133595862809,6,0.0069557019257237,0.0109548221363373,40,leaky_and_relied_on
home_credit,CODE_GENDER,gbm,top_k=5,FLAG_OWN_REALTY,0.0004017030554132,0.0002728977976445,26,0.0069032765336076,0.0092682459250915,41,leaky_and_relied_on
home_credit,CODE_GENDER,gbm,top_k=5,AMT_REQ_CREDIT_BUREAU_MON,0.0001340184240111,0.0001516449014711,36,0.0068061271119457,0.0104000908803917,42,safe_workhorse
home_credit,CODE_GENDER,gbm,top_k=5,NONLIVINGAREA_MODE,-3.23599019868448e-05,7.580575510229903e-05,83,0.0063367638165636,0.0170717908252313,43,safe_workhorse
home_credit,CODE_GENDER,gbm,top_k=5,OBS_30_CNT_SOCIAL_CIRCLE,-0.0001183888114866,0.0003507570537811,92,0.0062245920296685,0.0165472757490818,44,safe_workhorse
home_credit,CODE_GENDER,gbm,top_k=5,FLOORSMAX_AVG,-0.0001431760561379,0.0002232439235301,94,0.0061128318836751,0.0110079642419031,45,safe_workhorse
home_credit,CODE_GENDER,gbm,top_k=5,TOTALAREA_MODE,-0.0002181981962545,0.0003693372832775,103,0.0060128653431975,0.0124793438685802,46,safe_workhorse
home_credit,CODE_GENDER,gbm,top_k=5,FLAG_WORK_PHONE,-0.0001077782858012,0.0004306226897999,90,0.0059664977298687,0.0152168085286659,47,safe_workhorse
home_credit,CODE_GENDER,gbm,top_k=5,FLAG_PHONE,-0.0001500002531556,0.0001097487044978,96,0.0059435126520571,0.0244678894905301,48,safe_workhorse
home_credit,CODE_GENDER,gbm,top_k=5,BASEMENTAREA_MEDI,0.0005983279836765,0.0001841306392904,23,0.0059418103970348,0.0100478280001891,49,leaky_and_relied_on
home_credit,CODE_GENDER,gbm,top_k=5,FLOORSMIN_AVG,-0.000389727690324,0.000128994799148,113,0.0058649947174119,0.0183293577080775,50,safe_workhorse
home_credit,CODE_GENDER,gbm,top_k=5,APARTMENTS_MODE,-0.0002827418919182,0.0001780085363004,108,0.0058083750767045,0.0105973974257847,51,safe_workhorse
home_credit,CODE_GENDER,gbm,top_k=5,BASEMENTAREA_MODE,-2.729678806967506e-06,0.0002145000211461,77,0.005800771054454,0.0123783096595676,52,safe_workhorse
home_credit,CODE_GENDER,gbm,top_k=5,NAME_TYPE_SUITE,0.0008479174862124,0.0002984578147851,20,0.0056895641797467,0.0058346902604941,53,leaky_and_relied_on
home_credit,CODE_GENDER,gbm,top_k=5,DEF_60_CNT_SOCIAL_CIRCLE,-0.0001197096238127,8.73600178743128e-05,93,0.0055136183392962,0.0199735359840166,54,safe_workhorse
home_credit,CODE_GENDER,gbm,top_k=5,REG_CITY_NOT_WORK_CITY,-1.910775164926104e-05,0.000115698133726,80,0.0054571382440139,0.0126977013268578,55,safe_workhorse
home_credit,CODE_GENDER,gbm,top_k=5,FLAG_EMAIL,4.7725352046112945e-05,5.409410490994771e-05,48,0.0049639642377189,0.0101857682793516,56,safe_workhorse
home_credit,CODE_GENDER,gbm,top_k=5,LIVINGAREA_MEDI,-0.0002657474399904,0.0002068259492225,106,0.0046590881372095,0.0123358933153071,57,safe_workhorse
home_credit,CODE_GENDER,gbm,top_k=5,CNT_CHILDREN,0.0019046994282424,0.0005950400273519,16,0.0043239314988661,0.0103564750856917,58,leaky_and_relied_on
home_credit,CODE_GENDER,gbm,top_k=5,COMMONAREA_MODE,-0.0004317735493682,0.0004370119288431,114,0.0043173009549317,0.0115301547890426,59,safe_workhorse
home_credit,CODE_GENDER,gbm,top_k=5,ELEVATORS_MODE,8.814220922164218e-05,9.054204621888086e-05,41,0.004279525752353,0.0076418141199418,60,safe_workhorse
home_credit,CODE_GENDER,gbm,top_k=5,AMT_REQ_CREDIT_BUREAU_WEEK,4.7108972960652194e-05,0.000111015478597,49,0.0042169038263197,0.0072804635507832,61,safe_workhorse
home_credit,CODE_GENDER,gbm,top_k=5,YEARS_BUILD_MODE,-8.8362344609072e-05,0.0001214882989179,87,0.004184688805172,0.0087634958411413,62,safe_workhorse
home_credit,CODE_GENDER,gbm,top_k=5,LANDAREA_MEDI,-0.0012148391503741,0.0001489536043807,116,0.0041559339420189,0.0154462544123251,63,safe_workhorse
home_credit,CODE_GENDER,gbm,top_k=5,FLOORSMIN_MODE,-0.000152509796575,0.0002576083487632,97,0.0039611749812517,0.0146751223107229,64,safe_workhorse
home_credit,CODE_GENDER,gbm,top_k=5,COMMONAREA_AVG,-0.0002159968423778,0.0002188647710813,102,0.0039393025744289,0.0109910067655697,65,safe_workhorse
home_credit,CODE_GENDER,gbm,top_k=5,FLAG_DOCUMENT_3,0.0059050437199887,0.0010867983148261,11,0.0038709409895246,0.0107454858738924,66,leaky_and_relied_on
home_credit,CODE_GENDER,gbm,top_k=5,NAME_HOUSING_TYPE,0.0002817292691352,0.0004434605480216,28,0.003858019701053,0.0101931475093161,67,leaky_and_relied_on
home_credit,CODE_GENDER,gbm,top_k=5,ELEVATORS_AVG,0.0001827563988405,0.0001113484221248,33,0.003767483804767,0.0080368937747502,68,leaky_and_relied_on
home_credit,CODE_GENDER,gbm,top_k=5,LIVE_CITY_NOT_WORK_CITY,0.0001981218488995,8.654507350325355e-05,32,0.0037078188032747,0.0090570333483586,69,leaky_and_relied_on
home_credit,CODE_GENDER,gbm,top_k=5,LIVINGAREA_AVG,0.000233255456771,0.0001150419701017,30,0.0036267616000548,0.0074506246399153,70,leaky_and_relied_on
home_credit,CODE_GENDER,gbm,top_k=5,BASEMENTAREA_AVG,-0.0001726741980852,0.0001245624454048,98,0.0032209176511501,0.0090636435723146,71,safe_workhorse
home_credit,CODE_GENDER,gbm,top_k=5,NONLIVINGAREA_MEDI,-0.0001039919571334,0.0002078296597743,89,0.0028118507912043,0.0084615005097364,72,low_low
home_credit,CODE_GENDER,gbm,top_k=5,FLOORSMIN_MEDI,1.809512886625786e-05,0.0001337144022614,53,0.0027350195012803,0.0084906965740636,73,low_low
home_credit,CODE_GENDER,gbm,top_k=5,YEARS_BUILD_AVG,-0.000332184299988,0.000259727070881,110,0.0027323311548709,0.0073045521896296,74,low_low
home_credit,CODE_GENDER,gbm,top_k=5,OBS_60_CNT_SOCIAL_CIRCLE,5.5650226002179615e-05,6.001512441322858e-05,46,0.0023992254251534,0.0070186059479184,75,low_low
home_credit,CODE_GENDER,gbm,top_k=5,YEARS_BEGINEXPLUATATION_AVG,-0.0002513065585595,0.0001118225887054,105,0.0020828216885072,0.0077043341796887,76,low_low
home_credit,CODE_GENDER,gbm,top_k=5,REG_REGION_NOT_LIVE_REGION,0.0,0.0,74,0.002046278668691,0.010633234861366,77,low_low
home_credit,CODE_GENDER,gbm,top_k=5,FLAG_DOCUMENT_16,0.0,0.0,57,0.0020452838580537,0.010482018563391,78,low_low
home_credit,CODE_GENDER,gbm,top_k=5,NONLIVINGAPARTMENTS_AVG,-3.9536315624699725e-05,8.089304280576089e-05,84,0.0019915381728084,0.0081537757887659,79,low_low
home_credit,CODE_GENDER,gbm,top_k=5,NONLIVINGAPARTMENTS_MODE,-0.0001090990981272,2.916859511105236e-05,91,0.0018085541305326,0.0101627746406606,80,low_low
home_credit,CODE_GENDER,gbm,top_k=5,COMMONAREA_MEDI,0.0001498681719231,4.98158940625149e-05,35,0.0016626866404874,0.0051696931513564,81,low_low
home_credit,CODE_GENDER,gbm,top_k=5,LIVINGAPARTMENTS_MEDI,0.0001274583894587,0.0001018453938435,38,0.0015135337121549,0.0105834324771667,82,low_low
home_credit,CODE_GENDER,gbm,top_k=5,REG_CITY_NOT_LIVE_CITY,5.485773860647303e-05,4.050644267818659e-05,47,0.0009361563873248,0.005150673744048,83,low_low
home_credit,CODE_GENDER,gbm,top_k=5,WALLSMATERIAL_MODE,0.0001726741980853,9.968206783564312e-05,34,0.000663976766145,0.0024978601288956,84,leaky_removable
home_credit,CODE_GENDER,gbm,top_k=5,FONDKAPREMONT_MODE,0.0,0.0,59,0.0005742183735325,0.0037198563256611,85,low_low
home_credit,CODE_GENDER,gbm,top_k=5,FLOORSMAX_MODE,5.617855093249524e-05,5.300801626930496e-05,45,0.0005117228207653,0.0024367704455559,86,low_low
home_credit,CODE_GENDER,gbm,top_k=5,FLAG_DOCUMENT_9,0.0,0.0,67,0.0004142463962822,0.0042531265431047,87,low_low
home_credit,CODE_GENDER,gbm,top_k=5,FLAG_DOCUMENT_5,0.0,0.0,63,0.0003844422946176,0.0026940161310794,88,low_low
home_credit,CODE_GENDER,gbm,top_k=5,AMT_REQ_CREDIT_BUREAU_HOUR,-2.4479055108383996e-05,3.522810039828073e-05,81,0.0003243871340076,0.0015768261508794,89,low_low
home_credit,CODE_GENDER,gbm,top_k=5,REG_REGION_NOT_WORK_REGION,0.0,0.0,75,0.0002665211636352,0.0009762781052202,90,low_low
home_credit,CODE_GENDER,gbm,top_k=5,LIVE_REGION_NOT_WORK_REGION,0.0001995747424581,0.0001427772126061,31,0.0002372311557429,0.0016579686247438,91,leaky_removable
home_credit,CODE_GENDER,gbm,top_k=5,EMERGENCYSTATE_MODE,9.729984134849712e-05,3.988644260501258e-05,39,0.0,0.0,116,low_low
home_credit,CODE_GENDER,gbm,top_k=5,FLAG_DOCUMENT_6,7.942484787004656e-05,7.786340209524914e-05,42,0.0,0.0,107,low_low
home_credit,CODE_GENDER,gbm,top_k=5,ELEVATORS_MEDI,7.898457709472062e-05,7.507364238729083e-05,43,0.0,0.0,94,low_low
home_credit,CODE_GENDER,gbm,top_k=5,AMT_REQ_CREDIT_BUREAU_DAY,0.0007172891471713,0.0002173711210462,21,0.0,0.0,93,leaky_removable
home_credit,CODE_GENDER,gbm,top_k=5,FLAG_DOCUMENT_4,0.0,0.0,64,0.0,0.0,106,low_low
home_credit,CODE_GENDER,gbm,top_k=5,NONLIVINGAPARTMENTS_MEDI,4.098920918351734e-05,0.0001821980375004,50,0.0,0.0,103,low_low
home_credit,CODE_GENDER,gbm,top_k=5,FLAG_DOCUMENT_13,3.482541832890984e-05,3.2554265391332344e-05,51,0.0,0.0,113,low_low
home_credit,CODE_GENDER,gbm,top_k=5,FLAG_DOCUMENT_8,0.0,0.0,66,0.0,0.0,108,low_low
home_credit,CODE_GENDER,gbm,top_k=5,FLAG_DOCUMENT_10,0.0,0.0,68,0.0,0.0,110,low_low
home_credit,CODE_GENDER,gbm,top_k=5,FLAG_DOCUMENT_11,0.0,0.0,69,0.0,0.0,111,low_low
home_credit,CODE_GENDER,gbm,top_k=5,FLAG_DOCUMENT_12,0.0,0.0,70,0.0,0.0,99,low_low
home_credit,CODE_GENDER,gbm,top_k=5,FLAG_DOCUMENT_14,0.0,0.0,71,0.0,0.0,114,low_low
home_credit,CODE_GENDER,gbm,top_k=5,FLAG_DOCUMENT_21,0.0,0.0,72,0.0,0.0,92,low_low
home_credit,CODE_GENDER,gbm,top_k=5,FLAG_DOCUMENT_15,0.0,0.0,73,0.0,0.0,115,low_low
home_credit,CODE_GENDER,gbm,top_k=5,FLAG_CONT_MOBILE,0.0,0.0,76,0.0,0.0,104,low_low
home_credit,CODE_GENDER,gbm,top_k=5,FLAG_MOBIL,0.0,0.0,62,0.0,0.0,95,low_low
home_credit,CODE_GENDER,gbm,top_k=5,FLOORSMAX_MEDI,-1.2063419244023876e-05,2.0567479111124904e-05,79,0.0,0.0,112,low_low
home_credit,CODE_GENDER,gbm,top_k=5,FLAG_DOCUMENT_17,0.0,0.0,61,0.0,0.0,109,low_low
home_credit,CODE_GENDER,gbm,top_k=5,YEARS_BUILD_MEDI,-2.6108056977092178e-05,6.405336082397299e-05,82,0.0,0.0,102,low_low
home_credit,CODE_GENDER,gbm,top_k=5,HOUSETYPE_MODE,0.0,0.0,60,0.0,0.0,97,low_low
home_credit,CODE_GENDER,gbm,top_k=5,FLAG_DOCUMENT_18,0.0,0.0,58,0.0,0.0,100,low_low
home_credit,CODE_GENDER,gbm,top_k=5,FLAG_DOCUMENT_20,0.0,0.0,56,0.0,0.0,98,low_low
home_credit,CODE_GENDER,gbm,top_k=5,FLAG_DOCUMENT_2,0.0,0.0,55,0.0,0.0,105,low_low
home_credit,CODE_GENDER,gbm,top_k=5,FLAG_DOCUMENT_7,0.0,0.0,65,0.0,0.0,101,low_low
home_credit,CODE_GENDER,gbm,top_k=5,FLAG_DOCUMENT_19,0.0,0.0,54,0.0,0.0,96,low_low
home_credit,CODE_GENDER,gbm,full,EXT_SOURCE_3,0.0016779159518687,0.0002765304395028,13,0.3367670086327819,0.2843615569148178,1,leaky_and_relied_on
home_credit,CODE_GENDER,gbm,full,EXT_SOURCE_2,0.0002805845651192,0.0002692837152205,38,0.2986127500260966,0.2374370679049355,2,leaky_and_relied_on
home_credit,CODE_GENDER,gbm,full,AMT_CREDIT,0.0003080134344224,0.000956550684627,35,0.1090574377971108,0.0898607229509245,3,leaky_and_relied_on
home_credit,CODE_GENDER,gbm,full,EXT_SOURCE_1,0.0102853416908466,0.0011505704288866,5,0.0911467877155502,0.1317118649248926,4,leaky_and_relied_on
home_credit,CODE_GENDER,gbm,full,DAYS_EMPLOYED,0.0057771010326771,0.0011247778166047,7,0.0908251712757791,0.1010028608194726,5,leaky_and_relied_on
home_credit,CODE_GENDER,gbm,full,AMT_GOODS_PRICE,0.0013083086359773,0.0007940894796408,15,0.0789015387361559,0.0633351517549662,6,leaky_and_relied_on
home_credit,CODE_GENDER,gbm,full,DAYS_ID_PUBLISH,0.0057017266759401,0.0009322687041465,8,0.0473502163636997,0.0484834318894809,7,leaky_and_relied_on
home_credit,CODE_GENDER,gbm,full,DAYS_BIRTH,0.0105609511962046,0.0009166570806887,4,0.0422961469172229,0.0308717431091673,8,leaky_and_relied_on
home_credit,CODE_GENDER,gbm,full,FLAG_CONT_MOBILE,0.1354605749628136,0.003436191808431,1,0.0419324977951293,0.0569533641841856,9,leaky_and_relied_on
home_credit,CODE_GENDER,gbm,full,LANDAREA_AVG,0.0001681394090994,9.932926315460796e-05,43,0.0366736463217536,0.0296223451101078,10,leaky_and_relied_on
home_credit,CODE_GENDER,gbm,full,DAYS_LAST_PHONE_CHANGE,0.000811066822317,0.0002465811777298,19,0.0352433873666663,0.0308809793018422,11,leaky_and_relied_on
home_credit,CODE_GENDER,gbm,full,OWN_CAR_AGE,0.0064809619212008,0.0013195618375977,6,0.0311714940763489,0.0265270329222722,12,leaky_and_relied_on
home_credit,CODE_GENDER,gbm,full,AMT_REQ_CREDIT_BUREAU_QRT,0.0001168038366956,8.129473196772094e-05,50,0.0289732212701342,0.0386115769802917,13,safe_workhorse
home_credit,CODE_GENDER,gbm,full,AMT_INCOME_TOTAL,0.0227957238260675,0.0026304962523255,3,0.0282101945574723,0.0254537506295284,14,leaky_and_relied_on
home_credit,CODE_GENDER,gbm,full,ELEVATORS_AVG,0.0001164075929978,4.308480899396745e-05,51,0.0258304826110887,0.0342202678944481,15,safe_workhorse
home_credit,CODE_GENDER,gbm,full,ORGANIZATION_TYPE,0.0052315615149629,0.0008273437794412,9,0.0257072468232863,0.0236227872001565,16,leaky_and_relied_on
home_credit,CODE_GENDER,gbm,full,FLOORSMAX_AVG,0.000385589145036,0.0001849780044832,31,0.0220255760893192,0.0210231501198802,17,leaky_and_relied_on
home_credit,CODE_GENDER,gbm,full,AMT_ANNUITY,0.00030145339987,0.0002528931429707,36,0.0204898034063095,0.0186599621126062,18,leaky_and_relied_on
home_credit,CODE_GENDER,gbm,full,YEARS_BUILD_AVG,0.000713634899736,0.0003530300553188,22,0.0204882067446215,0.0258165981376826,19,leaky_and_relied_on
home_credit,CODE_GENDER,gbm,full,ENTRANCES_MODE,0.0004603030956098,0.0001461602164371,29,0.0196196160669031,0.0288157970407656,20,leaky_and_relied_on
home_credit,CODE_GENDER,gbm,full,OCCUPATION_TYPE,0.0698076170806569,0.003947399153413,2,0.0176045061013295,0.0169756925095676,21,leaky_and_relied_on
home_credit,CODE_GENDER,gbm,full,LANDAREA_MODE,-1.818318302124755e-05,0.0001988181901962,98,0.0173590431394565,0.0165111276258102,22,safe_workhorse
home_credit,CODE_GENDER,gbm,full,HOUR_APPR_PROCESS_START,0.0001393016733151,0.0006775858261095,46,0.0162892297399819,0.0264999205101344,23,safe_workhorse
home_credit,CODE_GENDER,gbm,full,YEARS_BEGINEXPLUATATION_MEDI,-0.0001830645883831,0.0001283902051378,109,0.0161631962050044,0.0199439387725977,24,safe_workhorse
home_credit,CODE_GENDER,gbm,full,YEARS_BUILD_MEDI,-1.4749070973651968e-05,0.0001415461983748,95,0.0160397993099695,0.0127445657568804,25,safe_workhorse
home_credit,CODE_GENDER,gbm,full,NAME_EDUCATION_TYPE,0.0016722364588669,0.0007826001534506,14,0.0151440801164903,0.0186571934016352,26,leaky_and_relied_on
home_credit,CODE_GENDER,gbm,full,FLAG_EMP_PHONE,0.0011909324472736,0.0003015769005208,16,0.0140026409285073,0.0171492556125809,27,leaky_and_relied_on
home_credit,CODE_GENDER,gbm,full,DAYS_REGISTRATION,0.0002985916398303,0.0003024203130688,37,0.0134043337600086,0.0220278630603887,28,leaky_and_relied_on
home_credit,CODE_GENDER,gbm,full,FLOORSMIN_AVG,-0.0007539196756788,0.0005023198480925,116,0.0123865470666748,0.0151828455027445,29,safe_workhorse
home_credit,CODE_GENDER,gbm,full,NAME_FAMILY_STATUS,0.0011613022240938,0.000248780828761,17,0.0123603073000745,0.019547665900977,30,leaky_and_relied_on
home_credit,CODE_GENDER,gbm,full,OBS_60_CNT_SOCIAL_CIRCLE,2.9894385645068412e-05,0.000111786336485,61,0.0123293390520197,0.0175312463629085,31,safe_workhorse
home_credit,CODE_GENDER,gbm,full,FLOORSMIN_MODE,0.0002715149871473,0.0002086845670891,39,0.0122101980220129,0.018425103915729,32,leaky_and_relied_on
home_credit,CODE_GENDER,gbm,full,YEARS_BEGINEXPLUATATION_MODE,9.914897860479057e-05,0.0001526716347733,55,0.012109342811008,0.0152249729499949,33,safe_workhorse
home_credit,CODE_GENDER,gbm,full,FLAG_PHONE,-0.0001797185304905,0.0001269475260269,108,0.0116993147773097,0.0143539152354229,34,safe_workhorse
home_credit,CODE_GENDER,gbm,full,ENTRANCES_AVG,6.696518492803616e-05,0.0002433423772276,58,0.0115444570365182,0.0133503476436924,35,safe_workhorse
home_credit,CODE_GENDER,gbm,full,AMT_REQ_CREDIT_BUREAU_YEAR,-7.660711490784511e-05,0.0002249076188075,104,0.0108840221096032,0.0159762927029526,36,safe_workhorse
home_credit,CODE_GENDER,gbm,full,BASEMENTAREA_MEDI,3.284419983982101e-05,0.000141756141438,60,0.0104312631417,0.0167104092794298,37,safe_workhorse
home_credit,CODE_GENDER,gbm,full,BASEMENTAREA_AVG,2.66804089851691e-05,0.0001792609053735,62,0.0102772924074342,0.0133748307423497,38,safe_workhorse
home_credit,CODE_GENDER,gbm,full,ELEVATORS_MODE,-1.237160878684307e-05,8.869466487724457e-05,93,0.0100758790029953,0.0192708801402061,39,safe_workhorse
home_credit,CODE_GENDER,gbm,full,LANDAREA_MEDI,0.0007895375814033,0.0005361682974611,20,0.0092861249974673,0.0132516476372717,40,leaky_and_relied_on
home_credit,CODE_GENDER,gbm,full,FLOORSMAX_MODE,-0.000103375578048,0.0005017858294346,105,0.0091847939167512,0.0148324025070081,41,safe_workhorse
home_credit,CODE_GENDER,gbm,full,FLOORSMIN_MEDI,0.0005672008398605,0.0003405964027493,26,0.0090280188252505,0.0148870511174383,42,leaky_and_relied_on
home_credit,CODE_GENDER,gbm,full,NAME_INCOME_TYPE,0.0006537580742908,0.0003392297437825,25,0.0087947700108879,0.0146178233268677,43,leaky_and_relied_on
home_credit,CODE_GENDER,gbm,full,FLAG_WORK_PHONE,-6.956278250254133e-05,3.413816552545537e-05,103,0.0087724122444446,0.0165781754147934,44,safe_workhorse
home_credit,CODE_GENDER,gbm,full,FLAG_DOCUMENT_3,0.0007440135832339,0.0007868512891721,21,0.0087717268141764,0.0239354438217739,45,leaky_and_relied_on
home_credit,CODE_GENDER,gbm,full,COMMONAREA_MODE,0.0007020117512672,0.0005204462604741,23,0.0086131763050592,0.0131343335124089,46,leaky_and_relied_on
home_credit,CODE_GENDER,gbm,full,WEEKDAY_APPR_PROCESS_START,0.0003269891048392,0.0003167990567043,34,0.0085361943131819,0.0086861863047803,47,leaky_and_relied_on
home_credit,CODE_GENDER,gbm,full,LIVINGAPARTMENTS_MODE,0.0005072799873378,0.0005395641773397,28,0.0083819707953575,0.0139954672639641,48,leaky_and_relied_on
home_credit,CODE_GENDER,gbm,full,NAME_HOUSING_TYPE,-5.380108874559752e-05,8.200373830200812e-05,100,0.0064360335423723,0.0149759524123317,49,safe_workhorse
home_credit,CODE_GENDER,gbm,full,LIVINGAREA_AVG,0.0001096274230577,0.000265872700912,52,0.0062133058297954,0.0121161315735153,50,safe_workhorse
home_credit,CODE_GENDER,gbm,full,COMMONAREA_AVG,-0.0002604641906865,0.0001431174903129,111,0.0060877817961639,0.0128814925121418,51,safe_workhorse
home_credit,CODE_GENDER,gbm,full,BASEMENTAREA_MODE,-0.0006086303198192,0.0001760651252817,114,0.0058999152495686,0.0114733037199808,52,safe_workhorse
home_credit,CODE_GENDER,gbm,full,DEF_30_CNT_SOCIAL_CIRCLE,-0.0002769303176839,0.0001163334193755,112,0.00572811381833,0.0165515292904771,53,safe_workhorse
home_credit,CODE_GENDER,gbm,full,DEF_60_CNT_SOCIAL_CIRCLE,-0.0003007049395518,0.0001877307048532,113,0.0054141192697276,0.017778434710293,54,safe_workhorse
home_credit,CODE_GENDER,gbm,full,APARTMENTS_MODE,0.0003410777696498,0.0001797544000271,33,0.0054131932389655,0.0113155418190074,55,leaky_and_relied_on
home_credit,CODE_GENDER,gbm,full,CNT_FAM_MEMBERS,0.0045826464192007,0.0006643578134006,10,0.0053983369364628,0.0138268409599165,56,leaky_and_relied_on
home_credit,CODE_GENDER,gbm,full,CNT_CHILDREN,8.01292811105192e-05,0.0001898858301635,56,0.0053477083098898,0.0086879410453203,57,safe_workhorse
home_credit,CODE_GENDER,gbm,full,FLOORSMAX_MEDI,2.2938107394843144e-05,5.3936027169991375e-05,63,0.0050432787156393,0.0088677687537312,58,safe_workhorse
home_credit,CODE_GENDER,gbm,full,APARTMENTS_AVG,0.0001369242111282,0.0001542900649409,47,0.0049424475131908,0.010137593532484,59,safe_workhorse
home_credit,CODE_GENDER,gbm,full,ENTRANCES_MEDI,-6.951875542497987e-05,0.0001712175289565,102,0.0046610598127941,0.0080694031193245,60,safe_workhorse
home_credit,CODE_GENDER,gbm,full,TOTALAREA_MODE,-0.0007339754095563,0.0001810082363844,115,0.0042082598809344,0.0133150291959676,61,safe_workhorse
home_credit,CODE_GENDER,gbm,full,LIVINGAPARTMENTS_AVG,-1.668626238506832e-05,0.0002728541109118,96,0.0042063332144648,0.008886310437017,62,safe_workhorse
home_credit,CODE_GENDER,gbm,full,NONLIVINGAREA_MODE,-1.7038479005360152e-05,4.9850746078496135e-05,97,0.00419239089989,0.0088640958639845,63,safe_workhorse
home_credit,CODE_GENDER,gbm,full,NONLIVINGAREA_MEDI,-1.3252150337472734e-05,3.274898458422483e-05,94,0.0041805155706431,0.0096614278586639,64,safe_workhorse
home_credit,CODE_GENDER,gbm,full,FLAG_EMAIL,-1.2107446321629745e-05,0.0001282486172915,92,0.0040901048050605,0.0182046928921487,65,safe_workhorse
home_credit,CODE_GENDER,gbm,full,YEARS_BEGINEXPLUATATION_AVG,-6.802183478884504e-05,9.274416483576048e-05,101,0.0038577246752133,0.0077900531924239,66,safe_workhorse
home_credit,CODE_GENDER,gbm,full,NAME_TYPE_SUITE,0.0006656453852248,0.0002439035881718,24,0.003790836131868,0.0180278621755684,67,leaky_and_relied_on
home_credit,CODE_GENDER,gbm,full,NAME_CONTRACT_TYPE,0.0036112329805076,0.0003325138028037,11,0.0032933271616097,0.0079270075824992,68,leaky_and_relied_on
home_credit,CODE_GENDER,gbm,full,LIVINGAPARTMENTS_MEDI,0.0001884799189197,0.0002761503600317,41,0.0032513429787909,0.0095021518608258,69,leaky_and_relied_on
home_credit,CODE_GENDER,gbm,full,NONLIVINGAREA_AVG,-0.0002229090935507,0.0001342625634895,110,0.0031485959884947,0.0088778361567069,70,safe_workhorse
home_credit,CODE_GENDER,gbm,full,FLAG_OWN_REALTY,0.0001819198843672,7.144247702466319e-05,42,0.0031239299574007,0.0100302247463711,71,leaky_and_relied_on
home_credit,CODE_GENDER,gbm,full,OBS_30_CNT_SOCIAL_CIRCLE,-4.019672178783296e-05,0.0002074681187356,99,0.0030746555705371,0.0080941941128919,72,safe_workhorse
home_credit,CODE_GENDER,gbm,full,FLAG_DOCUMENT_16,0.0,0.0,65,0.0029237895270011,0.0156261981033986,73,low_low
home_credit,CODE_GENDER,gbm,full,APARTMENTS_MEDI,0.0001521135528772,0.0002212550107693,45,0.0028358308126991,0.0067010935425747,74,low_low
home_credit,CODE_GENDER,gbm,full,FLAG_DOCUMENT_5,0.0,0.0,71,0.0028177121673802,0.0191538430100724,75,low_low
home_credit,CODE_GENDER,gbm,full,LIVINGAREA_MEDI,7.713543983818294e-05,0.0001621781251121,57,0.002762104584223,0.0059376001884684,76,low_low
home_credit,CODE_GENDER,gbm,full,WALLSMATERIAL_MODE,0.0001677871924791,0.0002616727935872,44,0.0024413972619639,0.0078320876952483,77,leaky_removable
home_credit,CODE_GENDER,gbm,full,REG_REGION_NOT_LIVE_REGION,0.0,0.0,79,0.0022421323803521,0.0127436962127874,78,low_low
home_credit,CODE_GENDER,gbm,full,NONLIVINGAPARTMENTS_MODE,4.2970427672428535e-05,3.1595801442150917e-05,59,0.0022152515094904,0.0100556256451886,79,low_low
home_credit,CODE_GENDER,gbm,full,REG_CITY_NOT_WORK_CITY,0.0001082185565766,4.365626083791329e-05,53,0.0021632988538538,0.0094101106385366,80,low_low
home_credit,CODE_GENDER,gbm,full,YEARS_BUILD_MODE,0.0009133857505042,0.0004181297332524,18,0.0020570866966188,0.006567326080169,81,leaky_removable
home_credit,CODE_GENDER,gbm,full,COMMONAREA_MEDI,-0.0001731144688606,0.0001831235146168,107,0.0018903510672548,0.0037852416908259,82,low_low
home_credit,CODE_GENDER,gbm,full,LIVE_REGION_NOT_WORK_REGION,0.0001248167648067,0.0001223002954053,48,0.0018246972194871,0.0151674211606182,83,low_low
home_credit,CODE_GENDER,gbm,full,REG_CITY_NOT_LIVE_CITY,0.0,0.0,86,0.0017986561053668,0.0132073314169299,84,low_low
home_credit,CODE_GENDER,gbm,full,LIVE_CITY_NOT_WORK_CITY,0.0003711042365275,0.0001678577237972,32,0.0016899178190409,0.0125652668115936,85,leaky_removable
home_credit,CODE_GENDER,gbm,full,FONDKAPREMONT_MODE,2.232172830936019e-05,8.648464665350075e-05,64,0.0014106731251411,0.007338711864626,86,low_low
home_credit,CODE_GENDER,gbm,full,FLAG_OWN_CAR,0.0004444973747754,0.0002473822446195,30,0.0012730561770758,0.0045428042148927,87,leaky_removable
home_credit,CODE_GENDER,gbm,full,AMT_REQ_CREDIT_BUREAU_MON,0.0005137079406576,0.00021164272739,27,0.0011487932645087,0.0042977329658703,88,leaky_removable
home_credit,CODE_GENDER,gbm,full,AMT_REQ_CREDIT_BUREAU_WEEK,0.0,0.0,83,0.0008744455678939,0.0078724494177191,89,low_low
home_credit,CODE_GENDER,gbm,full,LIVINGAREA_MODE,0.0001059731756224,0.0001335308382401,54,0.0008280805877107,0.003953525186426,90,low_low
home_credit,CODE_GENDER,gbm,full,NONLIVINGAPARTMENTS_MEDI,0.0001176403511688,6.087921258476893e-05,49,0.0007933206978212,0.0053621671162301,91,low_low
home_credit,CODE_GENDER,gbm,full,NONLIVINGAPARTMENTS_AVG,-0.0001163635659203,6.162259150994712e-05,106,0.0003991976821925,0.0019046839211587,92,low_low
home_credit,CODE_GENDER,gbm,full,FLAG_DOCUMENT_19,0.0,0.0,88,0.0,0.0,96,low_low
home_credit,CODE_GENDER,gbm,full,FLAG_DOCUMENT_10,0.0,0.0,75,0.0,0.0,107,low_low
home_credit,CODE_GENDER,gbm,full,EMERGENCYSTATE_MODE,0.0001993986341479,6.546360086775706e-05,40,0.0,0.0,97,leaky_removable
home_credit,CODE_GENDER,gbm,full,HOUSETYPE_MODE,0.0,0.0,66,0.0,0.0,115,low_low
home_credit,CODE_GENDER,gbm,full,REG_REGION_NOT_WORK_REGION,0.0,0.0,67,0.0,0.0,114,low_low
home_credit,CODE_GENDER,gbm,full,FLAG_DOCUMENT_15,0.0,0.0,68,0.0,0.0,100,low_low
home_credit,CODE_GENDER,gbm,full,FLAG_DOCUMENT_14,0.0,0.0,69,0.0,0.0,104,low_low
home_credit,CODE_GENDER,gbm,full,FLAG_DOCUMENT_2,0.0,0.0,70,0.0,0.0,113,low_low
home_credit,CODE_GENDER,gbm,full,FLAG_DOCUMENT_6,0.0,0.0,72,0.0,0.0,111,low_low
home_credit,CODE_GENDER,gbm,full,FLAG_DOCUMENT_9,0.0,0.0,74,0.0,0.0,108,low_low
home_credit,CODE_GENDER,gbm,full,FLAG_DOCUMENT_11,0.0,0.0,76,0.0,0.0,106,low_low
home_credit,CODE_GENDER,gbm,full,AMT_REQ_CREDIT_BUREAU_DAY,0.0,0.0,89,0.0,0.0,102,low_low
home_credit,CODE_GENDER,gbm,full,FLAG_DOCUMENT_4,0.0,0.0,77,0.0,0.0,116,low_low
home_credit,CODE_GENDER,gbm,full,FLAG_DOCUMENT_12,0.0,0.0,78,0.0,0.0,103,low_low
home_credit,CODE_GENDER,gbm,full,AMT_REQ_CREDIT_BUREAU_HOUR,0.0,0.0,80,0.0,0.0,99,low_low
home_credit,CODE_GENDER,gbm,full,ELEVATORS_MEDI,0.0,0.0,81,0.0,0.0,101,low_low
home_credit,CODE_GENDER,gbm,full,FLAG_DOCUMENT_17,0.0,0.0,82,0.0,0.0,94,low_low
home_credit,CODE_GENDER,gbm,full,FLAG_DOCUMENT_8,0.0027702717725455,0.0002981074882792,12,0.0,0.0,109,leaky_removable
home_credit,CODE_GENDER,gbm,full,FLAG_DOCUMENT_18,0.0,0.0,84,0.0,0.0,95,low_low
home_credit,CODE_GENDER,gbm,full,FLAG_DOCUMENT_13,0.0,0.0,85,0.0,0.0,105,low_low
home_credit,CODE_GENDER,gbm,full,FLAG_MOBIL,0.0,0.0,87,0.0,0.0,112,low_low
home_credit,CODE_GENDER,gbm,full,FLAG_DOCUMENT_21,0.0,0.0,91,0.0,0.0,98,low_low
home_credit,CODE_GENDER,gbm,full,FLAG_DOCUMENT_20,0.0,0.0,90,0.0,0.0,93,low_low
home_credit,CODE_GENDER,gbm,full,FLAG_DOCUMENT_7,0.0,0.0,73,0.0,0.0,110,low_low
home_credit,CODE_GENDER,gbm,random,EXT_SOURCE_3,0.0020944561324107,0.0003939076226309,16,0.3302095488599187,0.2609697222732545,1,leaky_and_relied_on
home_credit,CODE_GENDER,gbm,random,EXT_SOURCE_2,-0.0007511459697941,0.0005608337112624,116,0.296629827574982,0.2235241145469533,2,safe_workhorse
home_credit,CODE_GENDER,gbm,random,EXT_SOURCE_1,0.0293604252487367,0.0021786184882469,2,0.1151244462586409,0.1110718599618122,3,leaky_and_relied_on
home_credit,CODE_GENDER,gbm,random,AMT_CREDIT,-0.0001317730430567,0.0003239232680953,105,0.0940535173993325,0.0789373339766878,4,safe_workhorse
home_credit,CODE_GENDER,gbm,random,DAYS_EMPLOYED,0.0046807387479449,0.0008189071571754,10,0.090531242623841,0.0970433850094513,5,leaky_and_relied_on
home_credit,CODE_GENDER,gbm,random,NAME_INCOME_TYPE,0.0020073265459724,0.0010447681770764,17,0.0811583871084573,0.0614044456908927,6,leaky_and_relied_on
home_credit,CODE_GENDER,gbm,random,FLAG_CONT_MOBILE,0.013295605063026,0.001857496649109,7,0.0660691222752938,0.0417981299277232,7,leaky_and_relied_on
home_credit,CODE_GENDER,gbm,random,AMT_GOODS_PRICE,0.0013569145295741,0.0010202848759434,18,0.0651636025731697,0.0496226725295921,8,leaky_and_relied_on
home_credit,CODE_GENDER,gbm,random,AMT_ANNUITY,0.0001763284455207,0.0002262771210791,48,0.0462424698930346,0.0296511535616706,9,leaky_and_relied_on
home_credit,CODE_GENDER,gbm,random,DAYS_ID_PUBLISH,0.0092503971792734,0.0014225461311186,8,0.0407121559387267,0.045058605066347,10,leaky_and_relied_on
home_credit,CODE_GENDER,gbm,random,DAYS_BIRTH,0.0215724755038845,0.0004812132908319,3,0.0381341030072551,0.0355487993487471,11,leaky_and_relied_on
home_credit,CODE_GENDER,gbm,random,AMT_INCOME_TOTAL,0.0161674032763632,0.0023652876950312,4,0.0244459384168599,0.0293277242437784,12,leaky_and_relied_on
home_credit,CODE_GENDER,gbm,random,DAYS_LAST_PHONE_CHANGE,0.000447006918195,0.0005876284752653,35,0.0220040571389323,0.0250063739223614,13,leaky_and_relied_on
home_credit,CODE_GENDER,gbm,random,COMMONAREA_AVG,0.0001240242774112,0.000233131237087,56,0.0194286767619752,0.0175159598668406,14,safe_workhorse
home_credit,CODE_GENDER,gbm,random,DAYS_REGISTRATION,0.0001916938955798,0.0004687689789362,47,0.0193822891012021,0.0202229710298838,15,leaky_and_relied_on
home_credit,CODE_GENDER,gbm,random,AMT_REQ_CREDIT_BUREAU_QRT,0.0001665104072308,0.0001524803703284,49,0.0182850627342717,0.0251454036142305,16,leaky_and_relied_on
home_credit,CODE_GENDER,gbm,random,ENTRANCES_AVG,0.0430035800618098,0.0020443903578944,1,0.0179786507380906,0.0221040525346785,17,leaky_and_relied_on
home_credit,CODE_GENDER,gbm,random,NAME_FAMILY_STATUS,0.0037799007145376,0.0004694175265275,12,0.0159440959488375,0.0223567844393315,18,leaky_and_relied_on
home_credit,CODE_GENDER,gbm,random,AMT_REQ_CREDIT_BUREAU_YEAR,0.0004964933533423,0.0004305101863608,31,0.0154527625371867,0.0208878022003718,19,leaky_and_relied_on
home_credit,CODE_GENDER,gbm,random,FLOORSMAX_AVG,0.0023978907507697,0.0005730039046107,14,0.0152738654332588,0.0245762037150338,20,leaky_and_relied_on
home_credit,CODE_GENDER,gbm,random,BASEMENTAREA_MODE,-0.0002011597172491,0.0001830953454578,110,0.0149883372950662,0.0179445779713887,21,safe_workhorse
home_credit,CODE_GENDER,gbm,random,FLOORSMIN_MODE,4.314653598271878e-05,0.0003093373610876,62,0.0145026966975073,0.0201069400668709,22,safe_workhorse
home_credit,CODE_GENDER,gbm,random,HOUR_APPR_PROCESS_START,0.0011460688552675,0.0003666670439446,22,0.0131027370153955,0.0152438812148684,23,leaky_and_relied_on
home_credit,CODE_GENDER,gbm,random,YEARS_BEGINEXPLUATATION_MEDI,5.9172392204853706e-05,0.0002274981556696,58,0.0126828840439171,0.0259306022621399,24,safe_workhorse
home_credit,CODE_GENDER,gbm,random,APARTMENTS_MODE,-0.0001265338208303,0.0001816413052898,104,0.0110449342199882,0.0166000166712967,25,safe_workhorse
home_credit,CODE_GENDER,gbm,random,FLAG_DOCUMENT_3,0.003147627854083,0.0007224650731741,13,0.0106364841471722,0.015356834924506,26,leaky_and_relied_on
home_credit,CODE_GENDER,gbm,random,LANDAREA_MEDI,-0.0003780605147776,0.0001492096169904,114,0.0104062818530916,0.0120286046645876,27,safe_workhorse
home_credit,CODE_GENDER,gbm,random,NAME_CONTRACT_TYPE,-1.857942671883439e-05,6.926280731505454e-05,96,0.0103325698270296,0.0246007142671125,28,safe_workhorse
home_credit,CODE_GENDER,gbm,random,NONLIVINGAREA_MEDI,0.0013246426817422,0.0004138001143244,19,0.0097055680697796,0.0105021437888309,29,leaky_and_relied_on
home_credit,CODE_GENDER,gbm,random,NONLIVINGAREA_MODE,0.0002135313260363,0.0004234339516573,46,0.0093312746659993,0.0157164992005881,30,leaky_and_relied_on
home_credit,CODE_GENDER,gbm,random,LANDAREA_MODE,-0.0001780895286217,9.52769761440732e-05,109,0.0092870082487562,0.0152615391462606,31,safe_workhorse
home_credit,CODE_GENDER,gbm,random,FLOORSMAX_MEDI,0.0002572502140268,0.0005424994733747,43,0.0082742939567974,0.018858449032266,32,leaky_and_relied_on
home_credit,CODE_GENDER,gbm,random,OWN_CAR_AGE,0.0158867746841663,0.0028508315911615,5,0.0080024767023237,0.0132413923271957,33,leaky_and_relied_on
home_credit,CODE_GENDER,gbm,random,CNT_FAM_MEMBERS,0.0056817383827403,0.0003775845283817,9,0.0077643138178711,0.0117273696581344,34,leaky_and_relied_on
home_credit,CODE_GENDER,gbm,random,FLOORSMAX_MODE,0.001079147697417,0.0003601394866244,23,0.0075490452112358,0.0118454323792441,35,leaky_and_relied_on
home_credit,CODE_GENDER,gbm,random,ORGANIZATION_TYPE,0.0045211846189645,0.0010060733387759,11,0.0071302533074232,0.0112025564919919,36,leaky_and_relied_on
home_credit,CODE_GENDER,gbm,random,DEF_60_CNT_SOCIAL_CIRCLE,0.0,0.0,74,0.0069654916191294,0.0225113706516906,37,safe_workhorse
home_credit,CODE_GENDER,gbm,random,FLOORSMIN_AVG,0.0021908314051309,0.0003830692107615,15,0.0065643740354315,0.0117885798343522,38,leaky_and_relied_on
home_credit,CODE_GENDER,gbm,random,NAME_HOUSING_TYPE,4.5788160634807616e-05,2.9283799023083392e-05,61,0.0062172696747331,0.0176284803363497,39,safe_workhorse
home_credit,CODE_GENDER,gbm,random,OCCUPATION_TYPE,0.0147711285394745,0.0012128640529569,6,0.0061669450824723,0.0116549547293551,40,leaky_and_relied_on
home_credit,CODE_GENDER,gbm,random,LANDAREA_AVG,-0.0002284124782422,0.0003641414241552,111,0.0059084661269305,0.0103124052154959,41,safe_workhorse
home_credit,CODE_GENDER,gbm,random,COMMONAREA_MODE,0.0009873952678378,0.0002124364021955,24,0.0059024426650383,0.01241443537662,42,leaky_and_relied_on
home_credit,CODE_GENDER,gbm,random,FLAG_EMAIL,-0.0003731735091714,0.0001545417150474,113,0.0057947629637253,0.0135240701003788,43,safe_workhorse
home_credit,CODE_GENDER,gbm,random,ENTRANCES_MEDI,0.0011893474724826,0.0004656656264547,21,0.0057936605361606,0.0152959346252832,44,leaky_and_relied_on
home_credit,CODE_GENDER,gbm,random,NONLIVINGAREA_AVG,0.0005588356951294,0.000231161511381,30,0.0054679534784623,0.0117869407543332,45,leaky_and_relied_on
home_credit,CODE_GENDER,gbm,random,WEEKDAY_APPR_PROCESS_START,0.0004783101703211,0.0002515444374744,33,0.0054306037602683,0.012613067659843,46,leaky_and_relied_on
home_credit,CODE_GENDER,gbm,random,YEARS_BEGINEXPLUATATION_AVG,0.0002922077135881,0.0001919302664648,40,0.0052520903820914,0.0095810158130501,47,leaky_and_relied_on
home_credit,CODE_GENDER,gbm,random,APARTMENTS_MEDI,0.00038070213943,0.0002417138923368,38,0.0051460817915783,0.0108184760679804,48,leaky_and_relied_on
home_credit,CODE_GENDER,gbm,random,FLAG_DOCUMENT_16,0.0,0.0,84,0.0051262499703708,0.0316682089084022,49,safe_workhorse
home_credit,CODE_GENDER,gbm,random,WALLSMATERIAL_MODE,-0.0001764605267529,0.0001512506403559,108,0.0050123601883827,0.0091658055243628,50,safe_workhorse
home_credit,CODE_GENDER,gbm,random,YEARS_BUILD_AVG,6.868224095368802e-06,3.913742228882231e-05,65,0.0048475781305529,0.0072254874517243,51,safe_workhorse
home_credit,CODE_GENDER,gbm,random,ENTRANCES_MODE,-9.699165180550027e-05,0.0001749182326235,101,0.0047262776024219,0.0141973493814465,52,safe_workhorse
home_credit,CODE_GENDER,gbm,random,ELEVATORS_AVG,-0.000148063061744,0.0001561977837008,106,0.0043538717240601,0.0057444484038893,53,safe_workhorse
home_credit,CODE_GENDER,gbm,random,YEARS_BUILD_MODE,-1.4528935585755851e-05,0.0004407638226607,95,0.0040615905105641,0.0124281376560553,54,safe_workhorse
home_credit,CODE_GENDER,gbm,random,DEF_30_CNT_SOCIAL_CIRCLE,0.0,0.0,76,0.0039269947855637,0.0111810059817645,55,safe_workhorse
home_credit,CODE_GENDER,gbm,random,TOTALAREA_MODE,0.000694879364707,0.00019765478745,28,0.0038974917637895,0.0072537421907628,56,leaky_and_relied_on
home_credit,CODE_GENDER,gbm,random,FLAG_OWN_REALTY,0.0001248167648068,0.0001809693377919,55,0.003705419524748,0.0132938523043888,57,safe_workhorse
home_credit,CODE_GENDER,gbm,random,OBS_30_CNT_SOCIAL_CIRCLE,0.0002263432055984,0.0001158934856663,44,0.0035436443886666,0.009863464294628,58,leaky_and_relied_on
home_credit,CODE_GENDER,gbm,random,YEARS_BEGINEXPLUATATION_MODE,0.0007276355103917,0.0005695896124391,27,0.0035382112607478,0.0078022073287535,59,leaky_and_relied_on
home_credit,CODE_GENDER,gbm,random,FLOORSMIN_MEDI,0.0007621527391778,0.0003088369852694,26,0.003532982772932,0.0063111939795815,60,leaky_and_relied_on
home_credit,CODE_GENDER,gbm,random,FLAG_WORK_PHONE,-3.3240443537385646e-05,5.596082295308301e-05,97,0.0032267504143547,0.0075812318853896,61,safe_workhorse
home_credit,CODE_GENDER,gbm,random,LIVINGAPARTMENTS_AVG,-0.000597975767056,0.0002699667589284,115,0.0031741782352758,0.0073022774034552,62,safe_workhorse
home_credit,CODE_GENDER,gbm,random,LIVINGAREA_MODE,-0.0001670827592384,0.0001955636000979,107,0.003054268143912,0.0126298082838011,63,safe_workhorse
home_credit,CODE_GENDER,gbm,random,LIVINGAPARTMENTS_MEDI,5.18638973342922e-05,0.000213546966423,60,0.002747238667869,0.0097661042372859,64,low_low
home_credit,CODE_GENDER,gbm,random,LIVINGAPARTMENTS_MODE,0.0001318610972121,0.0002445660367271,53,0.0025918816292375,0.0093157269301735,65,low_low
home_credit,CODE_GENDER,gbm,random,OBS_60_CNT_SOCIAL_CIRCLE,0.0002188145753402,0.0001442610197803,45,0.0025705880268432,0.0101532804899503,66,leaky_removable
home_credit,CODE_GENDER,gbm,random,LIVINGAREA_AVG,0.0009718537094686,0.0002994343462552,25,0.0024783139385484,0.0105553971511709,67,leaky_removable
home_credit,CODE_GENDER,gbm,random,FLAG_OWN_CAR,0.0012114930924818,0.00043776206658,20,0.0022093819198802,0.005975770038805,68,leaky_removable
home_credit,CODE_GENDER,gbm,random,YEARS_BUILD_MEDI,0.0003088939759733,0.0001037473022859,39,0.0021502082175954,0.0074392382023894,69,leaky_removable
home_credit,CODE_GENDER,gbm,random,BASEMENTAREA_AVG,1.6201964532380763e-05,0.0001336403193986,64,0.0020482341093301,0.0033465509119936,70,low_low
home_credit,CODE_GENDER,gbm,random,FLAG_PHONE,-1.0126227830253854e-06,4.531894243411516e-05,93,0.0020130360644626,0.0077294047502708,71,low_low
home_credit,CODE_GENDER,gbm,random,LIVINGAREA_MEDI,0.0004137664746573,0.0002102193877427,37,0.0018293587472277,0.0040496869368947,72,leaky_removable
home_credit,CODE_GENDER,gbm,random,COMMONAREA_MEDI,7.224843423219163e-05,0.0002019479093916,57,0.0018227000582977,0.0063924608877331,73,low_low
home_credit,CODE_GENDER,gbm,random,ELEVATORS_MEDI,-0.0002293370468704,8.775485664311594e-05,112,0.0017549140486665,0.0059583956418011,74,low_low
home_credit,CODE_GENDER,gbm,random,REG_CITY_NOT_LIVE_CITY,0.0,0.0,87,0.0017226404696338,0.0068968216826191,75,low_low
home_credit,CODE_GENDER,gbm,random,REG_CITY_NOT_WORK_CITY,0.0001584534520422,5.292952033934498e-05,50,0.0016092108746233,0.0055584011236891,76,low_low
home_credit,CODE_GENDER,gbm,random,NAME_TYPE_SUITE,0.0004780460078559,0.000310357690298,34,0.0013446655655662,0.0083467400373443,77,leaky_removable
home_credit,CODE_GENDER,gbm,random,REG_REGION_NOT_WORK_REGION,0.0,0.0,90,0.0012918701243392,0.0099850515415565,78,low_low
home_credit,CODE_GENDER,gbm,random,LIVE_REGION_NOT_WORK_REGION,0.0002596276762135,0.0002766468874467,42,0.0012716231074379,0.0063802693858254,79,leaky_removable
home_credit,CODE_GENDER,gbm,random,FONDKAPREMONT_MODE,0.0,0.0,81,0.0011110545472296,0.0044646045839658,80,low_low
home_credit,CODE_GENDER,gbm,random,APARTMENTS_AVG,0.0001349429926394,0.0002997544701927,51,0.001096292190797,0.0041933046230713,81,low_low
home_credit,CODE_GENDER,gbm,random,NAME_EDUCATION_TYPE,-4.481956492861094e-05,7.334871476708428e-05,98,0.0010339160774329,0.0039239939086741,82,low_low
home_credit,CODE_GENDER,gbm,random,LIVE_CITY_NOT_WORK_CITY,-7.968901033499343e-05,0.0001988182584429,100,0.0009760654600309,0.0069230807462915,83,low_low
home_credit,CODE_GENDER,gbm,random,NONLIVINGAPARTMENTS_AVG,-0.0001026271177298,6.897617009169385e-05,102,0.000865487279812,0.0064513268136944,84,low_low
home_credit,CODE_GENDER,gbm,random,AMT_REQ_CREDIT_BUREAU_MON,5.437344075365225e-05,2.1706733398223223e-05,59,0.0007316913644059,0.0022818953222483,85,low_low
home_credit,CODE_GENDER,gbm,random,FLAG_DOCUMENT_6,0.0002603321094541,0.0001183679749726,41,0.0007180439065709,0.003855341772308,86,leaky_removable
home_credit,CODE_GENDER,gbm,random,CNT_CHILDREN,0.0004868954504401,0.0001318993783074,32,0.0006238506959086,0.002871569596316,87,leaky_removable
home_credit,CODE_GENDER,gbm,random,BASEMENTAREA_MEDI,0.0004426482375191,3.831352550662096e-05,36,0.0005895813766665,0.0026871351066715,88,leaky_removable
home_credit,CODE_GENDER,gbm,random,AMT_REQ_CREDIT_BUREAU_WEEK,-1.3912556500339512e-05,3.8023289083140975e-05,94,0.0005505733188823,0.0036499686462487,89,low_low
home_credit,CODE_GENDER,gbm,random,NONLIVINGAPARTMENTS_MODE,3.79073137562802e-05,6.612720482352148e-05,63,0.0005145901014355,0.0033290208642535,90,low_low
home_credit,CODE_GENDER,gbm,random,FLAG_DOCUMENT_18,0.0,0.0,77,0.0004040411417202,0.0049241015979413,91,low_low
home_credit,CODE_GENDER,gbm,random,HOUSETYPE_MODE,0.0,0.0,68,0.0003551988626511,0.0015816461967101,92,low_low
home_credit,CODE_GENDER,gbm,random,FLAG_EMP_PHONE,4.446734831020649e-06,0.0001105820841568,66,0.0003490494201197,0.0025170467259832,93,low_low
home_credit,CODE_GENDER,gbm,random,REG_REGION_NOT_LIVE_REGION,0.0001330498283056,8.681550260392343e-05,52,0.0002786416879229,0.002451710804335,94,low_low
home_credit,CODE_GENDER,gbm,random,FLAG_DOCUMENT_11,0.0,0.0,86,0.0,0.0,112,low_low
home_credit,CODE_GENDER,gbm,random,NONLIVINGAPARTMENTS_MEDI,-0.000108350637809,5.393476930545596e-05,103,0.0,0.0,98,low_low
home_credit,CODE_GENDER,gbm,random,ELEVATORS_MODE,0.0006450407129394,0.0001913122881719,29,0.0,0.0,97,leaky_removable
home_credit,CODE_GENDER,gbm,random,AMT_REQ_CREDIT_BUREAU_DAY,0.0001294836350254,7.649638522128337e-05,54,0.0,0.0,100,low_low
home_credit,CODE_GENDER,gbm,random,FLAG_DOCUMENT_8,0.0,0.0,69,0.0,0.0,115,low_low
home_credit,CODE_GENDER,gbm,random,FLAG_DOCUMENT_4,0.0,0.0,70,0.0,0.0,107,low_low
home_credit,CODE_GENDER,gbm,random,FLAG_DOCUMENT_20,0.0,0.0,71,0.0,0.0,103,low_low
home_credit,CODE_GENDER,gbm,random,FLAG_DOCUMENT_21,0.0,0.0,73,0.0,0.0,102,low_low
home_credit,CODE_GENDER,gbm,random,FLAG_DOCUMENT_2,0.0,0.0,72,0.0,0.0,105,low_low
home_credit,CODE_GENDER,gbm,random,FLAG_DOCUMENT_15,0.0,0.0,85,0.0,0.0,108,low_low
home_credit,CODE_GENDER,gbm,random,FLAG_DOCUMENT_7,0.0,0.0,75,0.0,0.0,96,low_low
home_credit,CODE_GENDER,gbm,random,FLAG_DOCUMENT_5,-4.891408313925094e-05,8.36096574952914e-05,99,0.0,0.0,95,low_low
home_credit,CODE_GENDER,gbm,random,EMERGENCYSTATE_MODE,0.0,0.0,78,0.0,0.0,116,low_low
home_credit,CODE_GENDER,gbm,random,FLAG_DOCUMENT_9,0.0,0.0,79,0.0,0.0,114,low_low
home_credit,CODE_GENDER,gbm,random,AMT_REQ_CREDIT_BUREAU_HOUR,0.0,0.0,80,0.0,0.0,101,low_low
home_credit,CODE_GENDER,gbm,random,FLAG_DOCUMENT_17,0.0,0.0,82,0.0,0.0,106,low_low
home_credit,CODE_GENDER,gbm,random,FLAG_DOCUMENT_19,0.0,0.0,92,0.0,0.0,104,low_low
home_credit,CODE_GENDER,gbm,random,FLAG_DOCUMENT_14,0.0,0.0,91,0.0,0.0,109,low_low
home_credit,CODE_GENDER,gbm,random,FLAG_DOCUMENT_10,0.0,0.0,83,0.0,0.0,113,low_low
home_credit,CODE_GENDER,gbm,random,FLAG_DOCUMENT_12,0.0,0.0,89,0.0,0.0,111,low_low
home_credit,CODE_GENDER,gbm,random,FLAG_MOBIL,0.0,0.0,88,0.0,0.0,99,low_low
home_credit,CODE_GENDER,gbm,random,FLAG_DOCUMENT_13,0.0,0.0,67,0.0,0.0,110,low_low
home_credit,REGION_RATING_CLIENT,gbm,baseline,EXT_SOURCE_3,-0.00082846660816005,0.0003447701247432804,113,0.3629704776136346,0.25409916857562415,1,safe_workhorse
home_credit,REGION_RATING_CLIENT,gbm,baseline,EXT_SOURCE_2,0.0655102866073937,0.004676558590689871,1,0.2700077787832096,0.21449431849784142,2,leaky_and_relied_on
home_credit,REGION_RATING_CLIENT,gbm,baseline,EXT_SOURCE_1,0.0015919197275661157,0.0004965730520768276,20,0.15718621594664112,0.1660154522335423,3,leaky_and_relied_on
home_credit,REGION_RATING_CLIENT,gbm,baseline,DAYS_EMPLOYED,0.0009852425353697348,0.000957749649317341,27,0.08879506030437123,0.11265893816035638,4,leaky_and_relied_on
home_credit,REGION_RATING_CLIENT,gbm,baseline,AMT_CREDIT,0.0018274856708296872,0.0005948782472581033,16,0.08397706375197088,0.07015899327511942,5,leaky_and_relied_on
home_credit,REGION_RATING_CLIENT,gbm,baseline,NAME_EDUCATION_TYPE,4.15161899864902e-06,0.0004613340367210744,74,0.0725168939233998,0.05531480505108153,6,safe_workhorse
home_credit,REGION_RATING_CLIENT,gbm,baseline,DAYS_BIRTH,-6.971859770765754e-05,0.0007795893069595121,99,0.07019598993734111,0.06622873638645475,7,safe_workhorse
home_credit,REGION_RATING_CLIENT,gbm,baseline,AMT_GOODS_PRICE,-0.0011376412782482693,0.0007387239218182735,115,0.06922022293136627,0.04787598603069086,8,safe_workhorse
home_credit,REGION_RATING_CLIENT,gbm,baseline,NAME_INCOME_TYPE,0.004160677269931123,0.0005440993790454053,9,0.04683797333015717,0.024858594321919492,9,leaky_and_relied_on
home_credit,REGION_RATING_CLIENT,gbm,baseline,OWN_CAR_AGE,0.002429410679792121,0.0007546391857453283,12,0.04623508074329385,0.04262798462646427,10,leaky_and_relied_on
home_credit,REGION_RATING_CLIENT,gbm,baseline,ORGANIZATION_TYPE,0.0016342492069396863,0.0006545228907258511,19,0.03793842947871926,0.030141792871075233,11,leaky_and_relied_on
home_credit,REGION_RATING_CLIENT,gbm,baseline,NAME_CONTRACT_TYPE,0.0001007887494452131,0.00011564937608396996,63,0.035802602586861895,0.05010326969794661,12,safe_workhorse
home_credit,REGION_RATING_CLIENT,gbm,baseline,AMT_ANNUITY,0.00428099614433608,0.001124127152150975,8,0.03486277829389481,0.02743636623813009,13,leaky_and_relied_on
home_credit,REGION_RATING_CLIENT,gbm,baseline,DAYS_ID_PUBLISH,0.0004154874887416282,0.0004405216440988892,47,0.03282089423260303,0.04391550936989339,14,safe_workhorse
home_credit,REGION_RATING_CLIENT,gbm,baseline,DAYS_LAST_PHONE_CHANGE,0.0018729084720596977,0.0006396272150220001,15,0.02665714298672757,0.027560865373873637,15,leaky_and_relied_on
home_credit,REGION_RATING_CLIENT,gbm,baseline,FLAG_DOCUMENT_3,0.0007239244373702603,0.0002974678804457355,35,0.024518269863631655,0.020815967012065558,16,leaky_and_relied_on
home_credit,REGION_RATING_CLIENT,gbm,baseline,LIVINGAREA_MEDI,0.00017119955189066617,0.000773846837476799,58,0.019125815061898015,0.0188662138960008,17,safe_workhorse
home_credit,REGION_RATING_CLIENT,gbm,baseline,DAYS_REGISTRATION,0.005239756317136246,0.0008360565742392053,7,0.017505420476896183,0.024327074674291883,18,leaky_and_relied_on
home_credit,REGION_RATING_CLIENT,gbm,baseline,BASEMENTAREA_AVG,0.0023304978319348855,0.0009576568210333264,13,0.016038697238618678,0.026459667575115805,19,leaky_and_relied_on
home_credit,REGION_RATING_CLIENT,gbm,baseline,AMT_REQ_CREDIT_BUREAU_QRT,0.00026788802444073224,0.00028526920172880266,53,0.013772496845844806,0.015229051093007711,20,safe_workhorse
home_credit,REGION_RATING_CLIENT,gbm,baseline,NONLIVINGAREA_AVG,0.0006599638989711165,0.00033942648189724567,38,0.01305103059446666,0.028729186392538995,21,leaky_and_relied_on
home_credit,REGION_RATING_CLIENT,gbm,baseline,HOUR_APPR_PROCESS_START,0.06247851786468452,0.0043843144174860165,2,0.012792248697350031,0.0173020762824121,22,leaky_and_relied_on
home_credit,REGION_RATING_CLIENT,gbm,baseline,ENTRANCES_AVG,0.00048441707978026384,0.0003364708249582116,46,0.012594114513240327,0.019111901324145305,23,safe_workhorse
home_credit,REGION_RATING_CLIENT,gbm,baseline,AMT_INCOME_TOTAL,0.016505527695584422,0.0012478955422484345,3,0.011589777242667972,0.015665285771572213,24,leaky_and_relied_on
home_credit,REGION_RATING_CLIENT,gbm,baseline,OBS_30_CNT_SOCIAL_CIRCLE,-0.00027502528623288833,0.0002709412694997355,108,0.011227481451122902,0.018074048514482192,25,safe_workhorse
home_credit,REGION_RATING_CLIENT,gbm,baseline,YEARS_BEGINEXPLUATATION_AVG,0.0008105686387686716,0.00044523547821063937,33,0.009781939495677384,0.017991649093681724,26,leaky_and_relied_on
home_credit,REGION_RATING_CLIENT,gbm,baseline,AMT_REQ_CREDIT_BUREAU_YEAR,-0.0003584812903709933,0.00034849858046551076,110,0.00971702106851168,0.013989152883670395,27,safe_workhorse
home_credit,REGION_RATING_CLIENT,gbm,baseline,NONLIVINGAREA_MEDI,0.00016789934779524174,0.00021011666947681005,60,0.009106844192172878,0.027344604999764877,28,safe_workhorse
home_credit,REGION_RATING_CLIENT,gbm,baseline,LIVINGAREA_AVG,0.0011277869365028171,0.00037354576046131266,25,0.00858888556698778,0.012116508408910058,29,leaky_and_relied_on
home_credit,REGION_RATING_CLIENT,gbm,baseline,OCCUPATION_TYPE,3.0309547718454512e-05,0.0005692619292083546,72,0.008562155209230263,0.01729580952428839,30,safe_workhorse
home_credit,REGION_RATING_CLIENT,gbm,baseline,LANDAREA_MODE,0.0010164594755206035,0.000529173681988873,26,0.00772814089448033,0.013348766521506445,31,leaky_and_relied_on
home_credit,REGION_RATING_CLIENT,gbm,baseline,APARTMENTS_MODE,0.0005555145076656442,0.0004828164632317051,40,0.007475312016751165,0.012933358507801208,32,safe_workhorse
home_credit,REGION_RATING_CLIENT,gbm,baseline,BASEMENTAREA_MEDI,0.0007114833294362466,0.0003227418733887179,37,0.007451355921651257,0.012294435617855743,33,leaky_and_relied_on
home_credit,REGION_RATING_CLIENT,gbm,baseline,LIVINGAREA_MODE,-0.0011990529643230551,0.00033667430615705877,116,0.006493250416231279,0.010132299463486746,34,safe_workhorse
home_credit,REGION_RATING_CLIENT,gbm,baseline,YEARS_BEGINEXPLUATATION_MEDI,0.00034394592506363785,0.00028282050646561823,48,0.006295905428672433,0.01443561613072851,35,safe_workhorse
home_credit,REGION_RATING_CLIENT,gbm,baseline,TOTALAREA_MODE,0.0022813421507396512,0.0008607800190511386,14,0.006289591456282677,0.008421421307879724,36,leaky_and_relied_on
home_credit,REGION_RATING_CLIENT,gbm,baseline,LANDAREA_AVG,0.001710877035283409,0.0005961955940193307,18,0.005684443688174554,0.010866318855918699,37,leaky_and_relied_on
home_credit,REGION_RATING_CLIENT,gbm,baseline,BASEMENTAREA_MODE,0.0053547080275268,0.0007375031043794354,6,0.005440866919589822,0.011960163671259296,38,leaky_and_relied_on
home_credit,REGION_RATING_CLIENT,gbm,baseline,APARTMENTS_AVG,0.0011342732182160198,0.0009100607495527538,24,0.005252297443086348,0.011201368820305774,39,leaky_and_relied_on
home_credit,REGION_RATING_CLIENT,gbm,baseline,WEEKDAY_APPR_PROCESS_START,-0.00017985073213320213,0.00026894490532039327,103,0.0052342809779276165,0.009314249862885053,40,safe_workhorse
home_credit,REGION_RATING_CLIENT,gbm,baseline,DEF_60_CNT_SOCIAL_CIRCLE,-0.0002094514106413925,0.00047055799773362123,104,0.005178058945295587,0.019826240913989886,41,safe_workhorse
home_credit,REGION_RATING_CLIENT,gbm,baseline,APARTMENTS_MEDI,-0.0002433347469897651,0.00016743302550103863,106,0.005057562053805839,0.01013004165484054,42,safe_workhorse
home_credit,REGION_RATING_CLIENT,gbm,baseline,ELEVATORS_AVG,0.002774484232580243,0.0005628072379097152,11,0.005049378395750156,0.013613389679236627,43,leaky_and_relied_on
home_credit,REGION_RATING_CLIENT,gbm,baseline,LANDAREA_MEDI,0.0008131695356845103,0.00044363338573431106,32,0.004602458404916209,0.011746486357554209,44,leaky_and_relied_on
home_credit,REGION_RATING_CLIENT,gbm,baseline,FLAG_EMAIL,-7.366924726659452e-05,9.599797357824161e-05,100,0.0044766723846136015,0.009880427269464318,45,safe_workhorse
home_credit,REGION_RATING_CLIENT,gbm,baseline,REG_REGION_NOT_WORK_REGION,0.008137098910829099,0.0010849255017760064,4,0.004275748480059593,0.010940581229248491,46,leaky_and_relied_on
home_credit,REGION_RATING_CLIENT,gbm,baseline,LIVINGAPARTMENTS_AVG,-0.00021442326194192062,0.00027848173159823405,105,0.003964148382098785,0.00685697736076198,47,safe_workhorse
home_credit,REGION_RATING_CLIENT,gbm,baseline,OBS_60_CNT_SOCIAL_CIRCLE,-0.0006422068764724731,0.00039876859672622917,112,0.003924832978558048,0.0063718190577353095,48,safe_workhorse
home_credit,REGION_RATING_CLIENT,gbm,baseline,FLAG_WORK_PHONE,0.00031008460671113627,0.0001524709248495231,49,0.0038226917274035003,0.005918764519097351,49,safe_workhorse
home_credit,REGION_RATING_CLIENT,gbm,baseline,NONLIVINGAREA_MODE,0.000278671412480147,0.00045007043648374575,52,0.0037102761473041925,0.008437404110056381,50,safe_workhorse
home_credit,REGION_RATING_CLIENT,gbm,baseline,FLAG_PHONE,0.001376743547828596,0.0004850666379475061,22,0.0036653646132829456,0.005269345587837335,51,leaky_and_relied_on
home_credit,REGION_RATING_CLIENT,gbm,baseline,REG_CITY_NOT_WORK_CITY,0.0007437203156222871,0.00028363892487242133,34,0.003625898959649954,0.007626731452279221,52,leaky_and_relied_on
home_credit,REGION_RATING_CLIENT,gbm,baseline,COMMONAREA_MODE,0.001453522906156368,0.000485759006205495,21,0.0033191274576125766,0.0069470496832100175,53,leaky_and_relied_on
home_credit,REGION_RATING_CLIENT,gbm,baseline,FLOORSMIN_AVG,0.00020238819623010773,0.00039373143100272817,56,0.003130135233606105,0.014477203332780507,54,safe_workhorse
home_credit,REGION_RATING_CLIENT,gbm,baseline,COMMONAREA_AVG,0.0007116796916573742,0.0003956801511177777,36,0.0031074522880628103,0.007927486110875072,55,leaky_and_relied_on
home_credit,REGION_RATING_CLIENT,gbm,baseline,LIVINGAPARTMENTS_MODE,-0.000172993041329228,0.000288556080756049,102,0.0030710731911539214,0.011224562824781735,56,safe_workhorse
home_credit,REGION_RATING_CLIENT,gbm,baseline,COMMONAREA_MEDI,0.0002080778170129305,0.00015453486324423763,55,0.003055478856827182,0.009005021077819635,57,safe_workhorse
home_credit,REGION_RATING_CLIENT,gbm,baseline,YEARS_BUILD_MODE,0.0005096006651960528,0.0006298251812466641,44,0.0030015094064692336,0.00669766952275856,58,safe_workhorse
home_credit,REGION_RATING_CLIENT,gbm,baseline,DEF_30_CNT_SOCIAL_CIRCLE,7.784944751223488e-05,0.00014401008201456566,67,0.002968896848878527,0.009150958306234403,59,low_low
home_credit,REGION_RATING_CLIENT,gbm,baseline,NAME_TYPE_SUITE,0.000540430625821986,0.000499046111140412,43,0.002847586552835455,0.004351750172609611,60,low_low
home_credit,REGION_RATING_CLIENT,gbm,baseline,ENTRANCES_MEDI,-0.0001174406636798464,0.0001567038865214359,101,0.002842706143857084,0.008103815603334898,61,low_low
home_credit,REGION_RATING_CLIENT,gbm,baseline,CNT_FAM_MEMBERS,-0.000325387312145331,0.0005619944001671266,109,0.0028031733864255677,0.008338057454970979,62,low_low
home_credit,REGION_RATING_CLIENT,gbm,baseline,AMT_REQ_CREDIT_BUREAU_MON,0.0009483913348480976,0.00031401029330377405,29,0.0027074171831460757,0.008597393203424538,63,leaky_removable
home_credit,REGION_RATING_CLIENT,gbm,baseline,YEARS_BUILD_AVG,4.407654570317554e-05,0.0002830602366998589,68,0.0021487250677496325,0.005601736414403645,64,low_low
home_credit,REGION_RATING_CLIENT,gbm,baseline,FLOORSMAX_AVG,0.006338264080888179,0.0013257519262093237,5,0.0020944685357916675,0.007338664391000168,65,leaky_removable
home_credit,REGION_RATING_CLIENT,gbm,baseline,FLAG_OWN_REALTY,0.0005536469350152951,0.00026320746771559905,41,0.00199954922129002,0.003229657117805313,66,low_low
home_credit,REGION_RATING_CLIENT,gbm,baseline,NAME_HOUSING_TYPE,0.0017120395370215703,0.0006063533158521825,17,0.001981370425105646,0.007946795675131173,67,leaky_removable
home_credit,REGION_RATING_CLIENT,gbm,baseline,CNT_CHILDREN,0.00017399491423186753,0.0002424668988866162,57,0.0018563150089095709,0.005155326339263185,68,low_low
home_credit,REGION_RATING_CLIENT,gbm,baseline,YEARS_BUILD_MEDI,-0.00025689522746417113,0.00010669303140511934,107,0.0017021538773419884,0.006393458778329045,69,low_low
home_credit,REGION_RATING_CLIENT,gbm,baseline,NONLIVINGAPARTMENTS_AVG,0.000303906723793812,0.00017939500418855673,50,0.0015385657229729196,0.004839772991860204,70,low_low
home_credit,REGION_RATING_CLIENT,gbm,baseline,FLOORSMAX_MEDI,-1.0983423946075988e-05,1.6454464774953755e-05,96,0.0013129920777929034,0.004936330698427399,71,low_low
home_credit,REGION_RATING_CLIENT,gbm,baseline,YEARS_BEGINEXPLUATATION_MODE,0.0009689833325002617,0.0004756200784259323,28,0.0011805280247587238,0.004087367130388044,72,leaky_removable
home_credit,REGION_RATING_CLIENT,gbm,baseline,AMT_REQ_CREDIT_BUREAU_WEEK,0.0002190552383867228,0.00028355303818921966,54,0.001066759561642907,0.0033499842443399787,73,low_low
home_credit,REGION_RATING_CLIENT,gbm,baseline,LIVE_CITY_NOT_WORK_CITY,0.0005088380092643119,0.00023870511699027071,45,0.0010195020890155543,0.003116636000776136,74,low_low
home_credit,REGION_RATING_CLIENT,gbm,baseline,LIVINGAPARTMENTS_MEDI,-0.0010502926947184132,7.685363963489619e-05,114,0.0008911917377575631,0.005464898805479231,75,low_low
home_credit,REGION_RATING_CLIENT,gbm,baseline,WALLSMATERIAL_MODE,0.003745526625201556,0.0004186322873344365,10,0.0008527486136989544,0.004377310289843983,76,leaky_removable
home_credit,REGION_RATING_CLIENT,gbm,baseline,NAME_FAMILY_STATUS,-0.0004555379291847128,0.00037725525075464026,111,0.0007728740010137531,0.002917206250005958,77,low_low
home_credit,REGION_RATING_CLIENT,gbm,baseline,NONLIVINGAPARTMENTS_MODE,0.00013210852909333325,0.00022707726577663094,62,0.000759849879734568,0.0037643657720437393,78,low_low
home_credit,REGION_RATING_CLIENT,gbm,baseline,FLOORSMIN_MEDI,8.386052436093472e-05,8.284527125858334e-05,66,0.0005486183146544033,0.0018432475285900037,79,low_low
home_credit,REGION_RATING_CLIENT,gbm,baseline,FLAG_DOCUMENT_5,2.8252431621211828e-05,3.2944040367605846e-05,73,0.0004960063376567057,0.0024640562422810555,80,low_low
home_credit,REGION_RATING_CLIENT,gbm,baseline,FLAG_DOCUMENT_8,3.8901141024538787e-05,0.00012480545233946888,71,0.00042965612497732693,0.0015106781560995726,81,low_low
home_credit,REGION_RATING_CLIENT,gbm,baseline,FONDKAPREMONT_MODE,0.0009159307788315863,0.00020818574501458708,30,0.00039899847491447235,0.0024951672113733827,82,leaky_removable
home_credit,REGION_RATING_CLIENT,gbm,baseline,ELEVATORS_MODE,0.0008640266155291565,0.0005426977347408781,31,0.00033778936598740083,0.0014376123650564664,83,leaky_removable
home_credit,REGION_RATING_CLIENT,gbm,baseline,REG_CITY_NOT_LIVE_CITY,0.0005697530826971997,0.00012904210024594084,39,0.00031908370757635624,0.0010435980632519301,84,leaky_removable
home_credit,REGION_RATING_CLIENT,gbm,baseline,ENTRANCES_MODE,-2.2272105797771503e-05,0.00047199211662576576,97,0.00025817384948570156,0.0020092937541930055,85,low_low
home_credit,REGION_RATING_CLIENT,gbm,baseline,FLAG_EMP_PHONE,0.0,0.0,92,0.0,0.0,92,low_low
home_credit,REGION_RATING_CLIENT,gbm,baseline,FLAG_DOCUMENT_6,-5.133633427210071e-05,5.68889552540119e-05,98,0.0,0.0,103,low_low
home_credit,REGION_RATING_CLIENT,gbm,baseline,FLAG_CONT_MOBILE,-1.0434769942113676e-06,1.4606048876276741e-05,95,0.0,0.0,91,low_low
home_credit,REGION_RATING_CLIENT,gbm,baseline,FLAG_DOCUMENT_7,0.0,0.0,94,0.0,0.0,104,low_low
home_credit,REGION_RATING_CLIENT,gbm,baseline,FLAG_MOBIL,0.0,0.0,93,0.0,0.0,93,low_low
home_credit,REGION_RATING_CLIENT,gbm,baseline,EMERGENCYSTATE_MODE,0.0,0.0,76,0.0,0.0,116,low_low
home_credit,REGION_RATING_CLIENT,gbm,baseline,AMT_REQ_CREDIT_BUREAU_DAY,0.0,0.0,91,0.0,0.0,90,low_low
home_credit,REGION_RATING_CLIENT,gbm,baseline,FLAG_DOCUMENT_2,0.0,0.0,78,0.0,0.0,100,low_low
home_credit,REGION_RATING_CLIENT,gbm,baseline,LIVE_REGION_NOT_WORK_REGION,0.0005509933040468873,0.00028307280428724953,42,0.0,0.0,89,low_low
home_credit,REGION_RATING_CLIENT,gbm,baseline,FLAG_DOCUMENT_9,0.00028659617544399827,2.4308452723834012e-05,51,0.0,0.0,105,low_low
home_credit,REGION_RATING_CLIENT,gbm,baseline,ELEVATORS_MEDI,0.0012467758787271688,0.0002460147939614756,23,0.0,0.0,99,leaky_removable
home_credit,REGION_RATING_CLIENT,gbm,baseline,REG_REGION_NOT_LIVE_REGION,0.000139549505282055,4.2159066770274525e-05,61,0.0,0.0,95,low_low
home_credit,REGION_RATING_CLIENT,gbm,baseline,AMT_REQ_CREDIT_BUREAU_HOUR,8.958266136911419e-05,9.271896199211275e-05,64,0.0,0.0,97,low_low
home_credit,REGION_RATING_CLIENT,gbm,baseline,FLOORSMAX_MODE,8.472873015155091e-05,6.96892142746034e-05,65,0.0,0.0,86,low_low
home_credit,REGION_RATING_CLIENT,gbm,baseline,FLAG_DOCUMENT_13,4.22382125377041e-05,2.6237076220495857e-05,69,0.0,0.0,109,low_low
home_credit,REGION_RATING_CLIENT,gbm,baseline,NONLIVINGAPARTMENTS_MEDI,4.0028434789740605e-05,3.8891025812809644e-05,70,0.0,0.0,88,low_low
home_credit,REGION_RATING_CLIENT,gbm,baseline,HOUSETYPE_MODE,0.0,0.0,75,0.0,0.0,94,low_low
home_credit,REGION_RATING_CLIENT,gbm,baseline,FLAG_DOCUMENT_12,0.0,0.0,77,0.0,0.0,108,low_low
home_credit,REGION_RATING_CLIENT,gbm,baseline,FLAG_DOCUMENT_11,0.0,0.0,79,0.0,0.0,107,low_low
home_credit,REGION_RATING_CLIENT,gbm,baseline,FLAG_DOCUMENT_21,0.0,0.0,90,0.0,0.0,98,low_low
home_credit,REGION_RATING_CLIENT,gbm,baseline,FLAG_DOCUMENT_10,0.0,0.0,80,0.0,0.0,106,low_low
home_credit,REGION_RATING_CLIENT,gbm,baseline,FLAG_DOCUMENT_4,0.0,0.0,81,0.0,0.0,102,low_low
home_credit,REGION_RATING_CLIENT,gbm,baseline,FLAG_DOCUMENT_19,0.0,0.0,82,0.0,0.0,96,low_low
home_credit,REGION_RATING_CLIENT,gbm,baseline,FLAG_DOCUMENT_14,0.0,0.0,83,0.0,0.0,110,low_low
home_credit,REGION_RATING_CLIENT,gbm,baseline,FLAG_DOCUMENT_15,0.0,0.0,84,0.0,0.0,111,low_low
home_credit,REGION_RATING_CLIENT,gbm,baseline,FLAG_DOCUMENT_16,0.0,0.0,85,0.0,0.0,112,low_low
home_credit,REGION_RATING_CLIENT,gbm,baseline,FLAG_DOCUMENT_17,0.0,0.0,86,0.0,0.0,113,low_low
home_credit,REGION_RATING_CLIENT,gbm,baseline,FLAG_DOCUMENT_18,0.0,0.0,87,0.0,0.0,114,low_low
home_credit,REGION_RATING_CLIENT,gbm,baseline,FLAG_OWN_CAR,0.0,0.0,88,0.0,0.0,87,low_low
home_credit,REGION_RATING_CLIENT,gbm,baseline,FLAG_DOCUMENT_20,0.0,0.0,89,0.0,0.0,115,low_low
home_credit,REGION_RATING_CLIENT,gbm,baseline,FLOORSMIN_MODE,0.00017068371261224068,0.00017565840338724728,59,0.0,0.0,101,low_low
home_credit,REGION_RATING_CLIENT,gbm,single_pass,EXT_SOURCE_3,-0.00017143912887556122,0.0014050645232450876,107,0.3570468770085299,0.2521537855308939,1,safe_workhorse
home_credit,REGION_RATING_CLIENT,gbm,single_pass,EXT_SOURCE_2,0.0574964865881004,0.004254778211510384,2,0.2634005991167546,0.20879168952765864,2,leaky_and_relied_on
home_credit,REGION_RATING_CLIENT,gbm,single_pass,EXT_SOURCE_1,-0.0007818075334772523,0.0012179306447257906,116,0.1622858477085568,0.16103090545614165,3,safe_workhorse
home_credit,REGION_RATING_CLIENT,gbm,single_pass,DAYS_EMPLOYED,0.002089542061509664,0.0011347555906003628,17,0.09971033616790743,0.11304908843475918,4,leaky_and_relied_on
home_credit,REGION_RATING_CLIENT,gbm,single_pass,AMT_CREDIT,0.0013524258767660946,0.00032234438277867883,23,0.09189751498826378,0.07121924914871601,5,leaky_and_relied_on
home_credit,REGION_RATING_CLIENT,gbm,single_pass,NAME_INCOME_TYPE,0.00793110542983413,0.0006151511691476526,5,0.070689693189179,0.034944920433861354,6,leaky_and_relied_on
home_credit,REGION_RATING_CLIENT,gbm,single_pass,AMT_GOODS_PRICE,0.0004161065381074858,0.0013221571554302702,50,0.06962572454314331,0.050878017249584254,7,safe_workhorse
home_credit,REGION_RATING_CLIENT,gbm,single_pass,DAYS_BIRTH,0.00019285170033993547,0.0009541160031955469,60,0.0679970649624156,0.07186583320723824,8,safe_workhorse
home_credit,REGION_RATING_CLIENT,gbm,single_pass,NAME_EDUCATION_TYPE,0.0005909371319695155,0.0003403570838625026,41,0.06495946117770847,0.04782824465872244,9,leaky_and_relied_on
home_credit,REGION_RATING_CLIENT,gbm,single_pass,OWN_CAR_AGE,0.004340359337924182,0.0008884800896889405,10,0.047595469606414156,0.043699882084015346,10,leaky_and_relied_on
home_credit,REGION_RATING_CLIENT,gbm,single_pass,AMT_ANNUITY,0.002418818853511495,0.0012066954945710359,16,0.042759893188007346,0.028177377046493497,11,leaky_and_relied_on
home_credit,REGION_RATING_CLIENT,gbm,single_pass,FLAG_DOCUMENT_3,0.0005718500288435013,0.0008535784551260256,43,0.03546830699284665,0.02631649905916481,12,leaky_and_relied_on
home_credit,REGION_RATING_CLIENT,gbm,single_pass,DAYS_ID_PUBLISH,0.00012644481752699388,0.0005564351832062052,64,0.028667836763901892,0.0343038230370275,13,safe_workhorse
home_credit,REGION_RATING_CLIENT,gbm,single_pass,DAYS_LAST_PHONE_CHANGE,0.000810000801245403,0.0016352505925638441,35,0.02736134696830952,0.025461277730814906,14,leaky_and_relied_on
home_credit,REGION_RATING_CLIENT,gbm,single_pass,NAME_CONTRACT_TYPE,8.153230089253949e-05,0.00022039631879623383,70,0.02701343995491435,0.039889930260362465,15,safe_workhorse
home_credit,REGION_RATING_CLIENT,gbm,single_pass,ORGANIZATION_TYPE,0.0028299400484687043,0.0005712008215511935,13,0.026696909852845906,0.027352904066876627,16,leaky_and_relied_on
home_credit,REGION_RATING_CLIENT,gbm,single_pass,LIVINGAREA_MODE,0.0052615584364807955,0.0005431871222663754,6,0.02621746624574751,0.024505755027315713,17,leaky_and_relied_on
home_credit,REGION_RATING_CLIENT,gbm,single_pass,DAYS_REGISTRATION,0.004302661244049299,0.0015361871649850422,11,0.02128879350944646,0.028143123790193434,18,leaky_and_relied_on
home_credit,REGION_RATING_CLIENT,gbm,single_pass,AMT_INCOME_TOTAL,0.015181753915291574,0.0015268683977515511,3,0.016211755424815042,0.02442309100726584,19,leaky_and_relied_on
home_credit,REGION_RATING_CLIENT,gbm,single_pass,HOUR_APPR_PROCESS_START,0.06602103996490745,0.005154241879335749,1,0.015477092289011129,0.017396424198798038,20,leaky_and_relied_on
home_credit,REGION_RATING_CLIENT,gbm,single_pass,AMT_REQ_CREDIT_BUREAU_QRT,-6.588156441311721e-05,0.0001459738778749926,100,0.010670650728476698,0.013284158046240908,21,safe_workhorse
home_credit,REGION_RATING_CLIENT,gbm,single_pass,YEARS_BEGINEXPLUATATION_AVG,0.0008659807814761278,0.00046122807706585744,33,0.010368963775917612,0.01970124890509981,22,leaky_and_relied_on
home_credit,REGION_RATING_CLIENT,gbm,single_pass,LANDAREA_AVG,0.0015602976128836765,0.0006093339040178469,18,0.009630708294459467,0.017108686240128915,23,leaky_and_relied_on
home_credit,REGION_RATING_CLIENT,gbm,single_pass,AMT_REQ_CREDIT_BUREAU_MON,0.000589744149795135,0.0006840731591716301,42,0.008852676742401464,0.010172913671626123,24,leaky_and_relied_on
home_credit,REGION_RATING_CLIENT,gbm,single_pass,ENTRANCES_MEDI,9.979677457847558e-05,0.00045044437208413107,67,0.00873546858017309,0.0126941880997019,25,safe_workhorse
home_credit,REGION_RATING_CLIENT,gbm,single_pass,DEF_30_CNT_SOCIAL_CIRCLE,0.0002942213011478234,0.00019275552573595693,56,0.00862709675098872,0.014617265209699415,26,safe_workhorse
home_credit,REGION_RATING_CLIENT,gbm,single_pass,LANDAREA_MEDI,0.001243994028844586,0.0005444403594059238,24,0.008311527315637295,0.015811927078779313,27,leaky_and_relied_on
home_credit,REGION_RATING_CLIENT,gbm,single_pass,AMT_REQ_CREDIT_BUREAU_YEAR,-0.0005875808802382476,0.0005177354689598508,113,0.008275547165672999,0.016020314858940465,28,safe_workhorse
home_credit,REGION_RATING_CLIENT,gbm,single_pass,ENTRANCES_AVG,-0.00024974785507738686,0.00032870366852965596,108,0.007266869073264577,0.011203742984081473,29,safe_workhorse
home_credit,REGION_RATING_CLIENT,gbm,single_pass,NONLIVINGAREA_MEDI,0.001070246619963755,0.00042073925647993023,30,0.007191971308084616,0.014276242501354973,30,leaky_and_relied_on
home_credit,REGION_RATING_CLIENT,gbm,single_pass,LIVINGAREA_AVG,0.0014040569002287339,0.0005781085431706195,21,0.0071134872059786195,0.013626998171987864,31,leaky_and_relied_on
home_credit,REGION_RATING_CLIENT,gbm,single_pass,LIVINGAPARTMENTS_MEDI,-0.0005259408052616932,0.000264143248370885,112,0.0069860477782288715,0.01661021756884945,32,safe_workhorse
home_credit,REGION_RATING_CLIENT,gbm,single_pass,NAME_FAMILY_STATUS,-0.000669868396275608,0.0002615782668464606,114,0.006904303806781296,0.011919515395798096,33,safe_workhorse
home_credit,REGION_RATING_CLIENT,gbm,single_pass,WEEKDAY_APPR_PROCESS_START,0.0003022676783219991,0.0005122251889736429,55,0.006444091594206536,0.011930058669369385,34,safe_workhorse
home_credit,REGION_RATING_CLIENT,gbm,single_pass,OCCUPATION_TYPE,-0.0003041368079027107,0.0002850092588668975,110,0.006427718344745484,0.019350337002024296,35,safe_workhorse
home_credit,REGION_RATING_CLIENT,gbm,single_pass,FLAG_PHONE,0.0006701559301682813,0.0006331991895625956,37,0.006387851885059647,0.007424545453190222,36,leaky_and_relied_on
home_credit,REGION_RATING_CLIENT,gbm,single_pass,DEF_60_CNT_SOCIAL_CIRCLE,0.00046289092123177336,0.0008397116879005338,47,0.006271357197633236,0.01940842624693057,37,safe_workhorse
home_credit,REGION_RATING_CLIENT,gbm,single_pass,NAME_HOUSING_TYPE,0.002643211882850949,0.0008078357696817464,14,0.006112101672155483,0.013240440099596996,38,leaky_and_relied_on
home_credit,REGION_RATING_CLIENT,gbm,single_pass,APARTMENTS_MODE,0.0015391239522635658,0.00035386371607361956,19,0.006105483961770126,0.012848904948157077,39,leaky_and_relied_on
home_credit,REGION_RATING_CLIENT,gbm,single_pass,NONLIVINGAREA_MODE,0.0007881274387005366,0.00011496562113967203,36,0.005728387267279906,0.013455830292504498,40,leaky_and_relied_on
home_credit,REGION_RATING_CLIENT,gbm,single_pass,APARTMENTS_MEDI,4.74001910435673e-05,0.00048487155827500836,73,0.0056401569634388065,0.01233948495492027,41,safe_workhorse
home_credit,REGION_RATING_CLIENT,gbm,single_pass,OBS_60_CNT_SOCIAL_CIRCLE,-0.0007151759228452237,0.000280340399588686,115,0.005638092343233358,0.01704983141838554,42,safe_workhorse
home_credit,REGION_RATING_CLIENT,gbm,single_pass,OBS_30_CNT_SOCIAL_CIRCLE,0.00043315260986942494,0.00022062674575349644,48,0.005336669203685367,0.00964566642391183,43,safe_workhorse
home_credit,REGION_RATING_CLIENT,gbm,single_pass,BASEMENTAREA_MODE,0.0010545126557379048,0.00035859080056013115,31,0.004778913820111521,0.015262583369952093,44,leaky_and_relied_on
home_credit,REGION_RATING_CLIENT,gbm,single_pass,YEARS_BEGINEXPLUATATION_MEDI,0.00016424384405839821,0.00033926716084380353,61,0.00467847640830307,0.01123583380676635,45,safe_workhorse
home_credit,REGION_RATING_CLIENT,gbm,single_pass,BASEMENTAREA_AVG,0.004612851972043685,0.0005658283197210818,9,0.004444360642217058,0.007446979403611343,46,leaky_and_relied_on
home_credit,REGION_RATING_CLIENT,gbm,single_pass,YEARS_BUILD_MODE,7.682822046874981e-05,0.0004715768601645772,71,0.004417821604542802,0.007014860958974491,47,safe_workhorse
home_credit,REGION_RATING_CLIENT,gbm,single_pass,NONLIVINGAPARTMENTS_AVG,0.00020966418368377758,0.00010329857123265331,58,0.004156152463187042,0.009289323769360492,48,safe_workhorse
home_credit,REGION_RATING_CLIENT,gbm,single_pass,LIVINGAREA_MEDI,0.0004202617298502798,0.00038930987439363867,49,0.004105495878993945,0.005642036137435027,49,safe_workhorse
home_credit,REGION_RATING_CLIENT,gbm,single_pass,APARTMENTS_AVG,0.0003851917734003951,0.00038605906312232135,51,0.004069564387460215,0.0066215299779213465,50,safe_workhorse
home_credit,REGION_RATING_CLIENT,gbm,single_pass,FLOORSMAX_AVG,0.0014884122812435674,0.0006363410349733079,20,0.003989936695199092,0.014350608081455489,51,leaky_and_relied_on
home_credit,REGION_RATING_CLIENT,gbm,single_pass,REG_CITY_NOT_WORK_CITY,0.0006581124789223347,0.00030849122465105306,38,0.0039404438036541685,0.006632129314956497,52,leaky_and_relied_on
home_credit,REGION_RATING_CLIENT,gbm,single_pass,NONLIVINGAREA_AVG,0.0005124148785057737,0.00035119151996141,46,0.0037401763044688356,0.007477020089743241,53,safe_workhorse
home_credit,REGION_RATING_CLIENT,gbm,single_pass,TOTALAREA_MODE,0.00012792672260470984,0.00023565926844348615,63,0.0035139244470948927,0.009329190664153391,54,safe_workhorse
home_credit,REGION_RATING_CLIENT,gbm,single_pass,YEARS_BUILD_AVG,0.0011423654468159183,0.0005468927035406551,28,0.00350095153042799,0.009068968216856516,55,leaky_and_relied_on
home_credit,REGION_RATING_CLIENT,gbm,single_pass,FLOORSMIN_AVG,0.004896810628113068,0.0006243279026462553,7,0.0032363789003686965,0.008351139835132096,56,leaky_and_relied_on
home_credit,REGION_RATING_CLIENT,gbm,single_pass,COMMONAREA_MODE,0.0011337773817392538,0.0005108504070405372,29,0.0031068043796983456,0.008717460334299543,57,leaky_and_relied_on
home_credit,REGION_RATING_CLIENT,gbm,single_pass,LIVINGAPARTMENTS_AVG,0.00020920357471108098,0.000295676129478972,59,0.0027774249419862743,0.0063964894342359935,58,low_low
home_credit,REGION_RATING_CLIENT,gbm,single_pass,YEARS_BUILD_MEDI,-9.472763840592257e-05,0.0002076015396957779,103,0.002731439858364048,0.00586773542042783,59,low_low
home_credit,REGION_RATING_CLIENT,gbm,single_pass,ELEVATORS_MODE,-0.00016127294571923744,0.00017691793040473683,106,0.002547152049276971,0.009649824661604479,60,low_low
home_credit,REGION_RATING_CLIENT,gbm,single_pass,FLAG_EMAIL,8.72419388544543e-05,0.00012141774298767116,69,0.002337791613368412,0.005344814102452204,61,low_low
home_credit,REGION_RATING_CLIENT,gbm,single_pass,ELEVATORS_MEDI,-3.26925323766325e-05,0.00010931811516386069,99,0.0023166586586175573,0.0065687574072162075,62,low_low
home_credit,REGION_RATING_CLIENT,gbm,single_pass,LANDAREA_MODE,0.0046940337477654245,0.0011899872878928539,8,0.0021084416788208432,0.005403684935942227,63,leaky_removable
home_credit,REGION_RATING_CLIENT,gbm,single_pass,REG_CITY_NOT_LIVE_CITY,0.0012124750236043535,0.00019554092564090812,26,0.0019798659961713506,0.0035262476223839848,64,leaky_removable
home_credit,REGION_RATING_CLIENT,gbm,single_pass,CNT_FAM_MEMBERS,-7.02844944380221e-05,0.00048160920558859685,101,0.0018386575187350634,0.003059549444910952,65,low_low
home_credit,REGION_RATING_CLIENT,gbm,single_pass,FLAG_WORK_PHONE,0.00023412337446213627,7.262830296143544e-05,57,0.0018026213597833773,0.006081619626570912,66,low_low
home_credit,REGION_RATING_CLIENT,gbm,single_pass,ELEVATORS_AVG,-2.060918543091983e-05,0.00010602076331867333,98,0.0017771179783305636,0.008874077616189451,67,low_low
home_credit,REGION_RATING_CLIENT,gbm,single_pass,REG_REGION_NOT_WORK_REGION,0.00946029252861702,0.0014577577082656474,4,0.0016452351798153365,0.005243636900931377,68,leaky_removable
home_credit,REGION_RATING_CLIENT,gbm,single_pass,FLAG_OWN_REALTY,0.0005138448680185315,0.00037075514545860134,45,0.0014129735273095295,0.005758435234864614,69,low_low
home_credit,REGION_RATING_CLIENT,gbm,single_pass,YEARS_BEGINEXPLUATATION_MODE,0.0012395885230125137,0.000322321562135446,25,0.001366663289716035,0.004366852687859445,70,leaky_removable
home_credit,REGION_RATING_CLIENT,gbm,single_pass,LIVINGAPARTMENTS_MODE,-0.00028340575820771095,0.00014901124240957858,109,0.0012595558921359774,0.005958131548537685,71,low_low
home_credit,REGION_RATING_CLIENT,gbm,single_pass,FLAG_DOCUMENT_8,0.0001115649242972916,0.00014491833089418703,66,0.0011833432296637337,0.004914654376173395,72,low_low
home_credit,REGION_RATING_CLIENT,gbm,single_pass,FLOORSMAX_MEDI,0.0009460696286955894,0.00021916481386512917,32,0.0011748592965708197,0.004014652149472296,73,leaky_removable
home_credit,REGION_RATING_CLIENT,gbm,single_pass,BASEMENTAREA_MEDI,0.0006484156500233152,0.00012650230170304117,39,0.00117307050136098,0.004757661086864594,74,leaky_removable
home_credit,REGION_RATING_CLIENT,gbm,single_pass,COMMONAREA_MEDI,4.514000324651324e-05,0.00022073805218090226,74,0.0011671028473630625,0.0067753640441823235,75,low_low
home_credit,REGION_RATING_CLIENT,gbm,single_pass,FLAG_DOCUMENT_16,0.0,0.0,84,0.0011610128015462037,0.0057759250620883305,76,low_low
home_credit,REGION_RATING_CLIENT,gbm,single_pass,COMMONAREA_AVG,0.000591152315735477,0.00016624797870919364,40,0.0011265640839653456,0.004524602079157137,77,leaky_removable
home_credit,REGION_RATING_CLIENT,gbm,single_pass,FLOORSMAX_MODE,0.0025562491683846166,0.0008533509412096544,15,0.001006546047027807,0.0038952591889354436,78,leaky_removable
home_credit,REGION_RATING_CLIENT,gbm,single_pass,ENTRANCES_MODE,0.00030679788124048367,0.00024270261336296894,54,0.0010021355162991151,0.0035772506539515935,79,low_low
home_credit,REGION_RATING_CLIENT,gbm,single_pass,FLOORSMIN_MODE,-7.464289469518714e-05,0.0001315284970328402,102,0.0008311120367732368,0.003417262092040793,80,low_low
home_credit,REGION_RATING_CLIENT,gbm,single_pass,NAME_TYPE_SUITE,-0.00015112042774945156,0.00025759614538920753,105,0.0008019925445258186,0.0019388368028391502,81,low_low
home_credit,REGION_RATING_CLIENT,gbm,single_pass,FLAG_EMP_PHONE,0.0,0.0,76,0.0006680162124015937,0.0021893276980785264,82,low_low
home_credit,REGION_RATING_CLIENT,gbm,single_pass,LIVE_CITY_NOT_WORK_CITY,0.0003703165795929886,0.00017191353214584374,52,0.00039976535916362517,0.001815833042563116,83,low_low
home_credit,REGION_RATING_CLIENT,gbm,single_pass,CNT_CHILDREN,-0.0003250436444580451,0.00018954474593423575,111,0.0003984327471335751,0.0023865639220736444,84,low_low
home_credit,REGION_RATING_CLIENT,gbm,single_pass,NONLIVINGAPARTMENTS_MODE,0.0001557665252999385,0.00010502341051369162,62,0.0003973711191323532,0.0029519928100040483,85,low_low
home_credit,REGION_RATING_CLIENT,gbm,single_pass,FONDKAPREMONT_MODE,0.0008360868712655289,0.00022127827756518638,34,0.000379819921547145,0.002676992353694954,86,leaky_removable
home_credit,REGION_RATING_CLIENT,gbm,single_pass,REG_REGION_NOT_LIVE_REGION,6.196997069951582e-05,9.423588047315517e-05,72,0.0003515541164415234,0.002588344620278194,87,low_low
home_credit,REGION_RATING_CLIENT,gbm,single_pass,FLAG_DOCUMENT_6,-0.0001090494659639285,7.226061226594853e-05,104,0.00032062807462323223,0.0009443198308130735,88,low_low
home_credit,REGION_RATING_CLIENT,gbm,single_pass,FLAG_CONT_MOBILE,0.0,0.0,94,0.0,0.0,93,low_low
home_credit,REGION_RATING_CLIENT,gbm,single_pass,FLOORSMIN_MEDI,0.0011634481949095443,0.0002897860525512585,27,0.0,0.0,95,leaky_removable
home_credit,REGION_RATING_CLIENT,gbm,single_pass,FLAG_OWN_CAR,-6.93600968739716e-06,3.570436888468657e-05,97,0.0,0.0,99,low_low
home_credit,REGION_RATING_CLIENT,gbm,single_pass,FLAG_DOCUMENT_5,-4.973596058177598e-06,1.3027744397740276e-05,96,0.0,0.0,100,low_low
home_credit,REGION_RATING_CLIENT,gbm,single_pass,NONLIVINGAPARTMENTS_MEDI,-4.219463792232148e-06,2.2892864754888228e-05,95,0.0,0.0,96,low_low
home_credit,REGION_RATING_CLIENT,gbm,single_pass,WALLSMATERIAL_MODE,0.00360832582746331,0.000526594155082641,12,0.0,0.0,90,leaky_removable
home_credit,REGION_RATING_CLIENT,gbm,single_pass,AMT_REQ_CREDIT_BUREAU_DAY,0.0,0.0,93,0.0,0.0,105,low_low
home_credit,REGION_RATING_CLIENT,gbm,single_pass,FLAG_DOCUMENT_21,0.0,0.0,92,0.0,0.0,107,low_low
home_credit,REGION_RATING_CLIENT,gbm,single_pass,FLAG_DOCUMENT_9,0.00032440397675495005,0.00013785930034907934,53,0.0,0.0,103,low_low
home_credit,REGION_RATING_CLIENT,gbm,single_pass,FLAG_DOCUMENT_13,0.00012206133648058337,9.095945578193111e-05,65,0.0,0.0,115,low_low
home_credit,REGION_RATING_CLIENT,gbm,single_pass,AMT_REQ_CREDIT_BUREAU_HOUR,9.658665514105103e-05,0.00014049439726406682,68,0.0,0.0,106,low_low
home_credit,REGION_RATING_CLIENT,gbm,single_pass,LIVE_REGION_NOT_WORK_REGION,0.001373100337126898,0.00027338024706305696,22,0.0,0.0,94,leaky_removable
home_credit,REGION_RATING_CLIENT,gbm,single_pass,AMT_REQ_CREDIT_BUREAU_WEEK,0.0005662821402051543,0.0002198955008657042,44,0.0,0.0,104,low_low
home_credit,REGION_RATING_CLIENT,gbm,single_pass,EMERGENCYSTATE_MODE,7.211550824526291e-06,2.4129119889301143e-05,75,0.0,0.0,116,low_low
home_credit,REGION_RATING_CLIENT,gbm,single_pass,FLAG_DOCUMENT_4,0.0,0.0,77,0.0,0.0,98,low_low
home_credit,REGION_RATING_CLIENT,gbm,single_pass,FLAG_DOCUMENT_10,0.0,0.0,78,0.0,0.0,112,low_low
home_credit,REGION_RATING_CLIENT,gbm,single_pass,FLAG_DOCUMENT_2,0.0,0.0,79,0.0,0.0,97,low_low
home_credit,REGION_RATING_CLIENT,gbm,single_pass,FLAG_DOCUMENT_11,0.0,0.0,80,0.0,0.0,101,low_low
home_credit,REGION_RATING_CLIENT,gbm,single_pass,FLAG_DOCUMENT_12,0.0,0.0,81,0.0,0.0,89,low_low
home_credit,REGION_RATING_CLIENT,gbm,single_pass,FLAG_MOBIL,0.0,0.0,82,0.0,0.0,92,low_low
home_credit,REGION_RATING_CLIENT,gbm,single_pass,FLAG_DOCUMENT_14,0.0,0.0,83,0.0,0.0,114,low_low
home_credit,REGION_RATING_CLIENT,gbm,single_pass,FLAG_DOCUMENT_15,0.0,0.0,85,0.0,0.0,113,low_low
home_credit,REGION_RATING_CLIENT,gbm,single_pass,FLAG_DOCUMENT_7,0.0,0.0,86,0.0,0.0,102,low_low
home_credit,REGION_RATING_CLIENT,gbm,single_pass,HOUSETYPE_MODE,0.0,0.0,87,0.0,0.0,91,low_low
home_credit,REGION_RATING_CLIENT,gbm,single_pass,FLAG_DOCUMENT_18,0.0,0.0,89,0.0,0.0,110,low_low
home_credit,REGION_RATING_CLIENT,gbm,single_pass,FLAG_DOCUMENT_19,0.0,0.0,90,0.0,0.0,109,low_low
home_credit,REGION_RATING_CLIENT,gbm,single_pass,FLAG_DOCUMENT_20,0.0,0.0,91,0.0,0.0,108,low_low
home_credit,REGION_RATING_CLIENT,gbm,single_pass,FLAG_DOCUMENT_17,0.0,0.0,88,0.0,0.0,111,low_low
home_credit,REGION_RATING_CLIENT,gbm,top_k=5,EXT_SOURCE_3,-0.0016224559282506323,0.0007731427978909125,116,0.3622311191707743,0.2548829420957997,1,safe_workhorse
home_credit,REGION_RATING_CLIENT,gbm,top_k=5,EXT_SOURCE_2,0.056240932089371885,0.003471355615851565,1,0.26587435669899057,0.20459034924625127,2,leaky_and_relied_on
home_credit,REGION_RATING_CLIENT,gbm,top_k=5,EXT_SOURCE_1,-3.757268097963618e-05,0.0006734941534511287,93,0.15098409310974883,0.17069017484782828,3,safe_workhorse
home_credit,REGION_RATING_CLIENT,gbm,top_k=5,DAYS_EMPLOYED,0.0021853586551687345,0.0007410754275453442,15,0.1036016402424281,0.11959615577387545,4,leaky_and_relied_on
home_credit,REGION_RATING_CLIENT,gbm,top_k=5,AMT_CREDIT,-0.00010249300850981858,0.0005826967609978656,99,0.07770648935123393,0.06723309940590062,5,safe_workhorse
home_credit,REGION_RATING_CLIENT,gbm,top_k=5,DAYS_BIRTH,0.001101067502903108,0.0002866645553087103,30,0.0712746514915321,0.06878579536236115,6,leaky_and_relied_on
home_credit,REGION_RATING_CLIENT,gbm,top_k=5,AMT_GOODS_PRICE,-8.027565582491292e-05,0.0005875879451034829,96,0.07086465904609389,0.051461683769585674,7,safe_workhorse
home_credit,REGION_RATING_CLIENT,gbm,top_k=5,NAME_INCOME_TYPE,0.0012420639008082768,0.000725537105328974,26,0.05855575947855248,0.05211851603919302,8,leaky_and_relied_on
home_credit,REGION_RATING_CLIENT,gbm,top_k=5,FLAG_OWN_CAR,0.0005395367752713432,0.0001597098152617689,44,0.0459331955520609,0.030524411067950064,9,safe_workhorse
home_credit,REGION_RATING_CLIENT,gbm,top_k=5,NAME_CONTRACT_TYPE,-0.00023043684480292815,0.00035986098601249804,105,0.04152550432497646,0.06181466418584832,10,safe_workhorse
home_credit,REGION_RATING_CLIENT,gbm,top_k=5,FLOORSMAX_MODE,0.010004516687616816,0.0015555708727119453,3,0.04008327609100898,0.03350237610720812,11,leaky_and_relied_on
home_credit,REGION_RATING_CLIENT,gbm,top_k=5,DAYS_ID_PUBLISH,2.3709518601733313e-05,0.0006070030760910023,70,0.03844236690323657,0.038141813289993165,12,safe_workhorse
home_credit,REGION_RATING_CLIENT,gbm,top_k=5,DAYS_LAST_PHONE_CHANGE,0.00407736437937547,0.0012465085931339997,10,0.0338992601153519,0.027675995125928,13,leaky_and_relied_on
home_credit,REGION_RATING_CLIENT,gbm,top_k=5,AMT_ANNUITY,0.0030142692873057265,0.0013412877923376415,12,0.0325620601590557,0.030822164296794647,14,leaky_and_relied_on
home_credit,REGION_RATING_CLIENT,gbm,top_k=5,NAME_EDUCATION_TYPE,-0.0004308551631700741,0.00029653477073794367,111,0.03013931675409653,0.03305962166580033,15,safe_workhorse
home_credit,REGION_RATING_CLIENT,gbm,top_k=5,ORGANIZATION_TYPE,0.001433841946860026,0.0005679582460770331,22,0.02905318884929907,0.03150442693841338,16,leaky_and_relied_on
home_credit,REGION_RATING_CLIENT,gbm,top_k=5,ENTRANCES_AVG,0.0005948796491770603,0.0002875219938644794,41,0.023380225070788383,0.023212540114436554,17,leaky_and_relied_on
home_credit,REGION_RATING_CLIENT,gbm,top_k=5,BASEMENTAREA_MODE,0.006069610535677361,0.0014480469849073667,6,0.01946576058870901,0.020701764747348483,18,leaky_and_relied_on
home_credit,REGION_RATING_CLIENT,gbm,top_k=5,OWN_CAR_AGE,0.002098576532603946,0.0009726956937908656,16,0.019104878313701817,0.01835687577483544,19,leaky_and_relied_on
home_credit,REGION_RATING_CLIENT,gbm,top_k=5,YEARS_BEGINEXPLUATATION_MEDI,0.005216276469059133,0.0011178802051608672,9,0.018418141155256442,0.0403845239444358,20,leaky_and_relied_on
home_credit,REGION_RATING_CLIENT,gbm,top_k=5,AMT_REQ_CREDIT_BUREAU_QRT,4.8612056594543594e-05,0.00020054541379719613,68,0.01841759236528486,0.023220138749490256,21,safe_workhorse
home_credit,REGION_RATING_CLIENT,gbm,top_k=5,AMT_INCOME_TOTAL,0.009099831235795186,0.0011556321403281672,4,0.018121925940841426,0.03153561559391814,22,leaky_and_relied_on
home_credit,REGION_RATING_CLIENT,gbm,top_k=5,NONLIVINGAREA_AVG,0.001530511563571113,0.00026786183948993855,21,0.017033402219431972,0.019803726785054945,23,leaky_and_relied_on
home_credit,REGION_RATING_CLIENT,gbm,top_k=5,DAYS_REGISTRATION,0.003794229561621454,0.0013148668087431216,11,0.016490859261129892,0.02426078656234882,24,leaky_and_relied_on
home_credit,REGION_RATING_CLIENT,gbm,top_k=5,LIVINGAPARTMENTS_MODE,0.002032713066900005,0.000863139249854435,17,0.01474978987863968,0.025459328158299547,25,leaky_and_relied_on
home_credit,REGION_RATING_CLIENT,gbm,top_k=5,LANDAREA_MEDI,0.0011965797989553328,0.0008530286671408243,27,0.014695774719330612,0.020507207603051,26,leaky_and_relied_on
home_credit,REGION_RATING_CLIENT,gbm,top_k=5,LIVINGAREA_AVG,0.0004665476528264101,0.0003465445060011423,49,0.01365380850325904,0.02539319776379111,27,safe_workhorse
home_credit,REGION_RATING_CLIENT,gbm,top_k=5,HOUR_APPR_PROCESS_START,0.05241669664502646,0.005390901235081781,2,0.013149282950694256,0.014907317964804913,28,leaky_and_relied_on
home_credit,REGION_RATING_CLIENT,gbm,top_k=5,FLOORSMIN_MODE,0.005879974433661328,0.001662225550729814,7,0.012874501986669085,0.016869777437610544,29,leaky_and_relied_on
home_credit,REGION_RATING_CLIENT,gbm,top_k=5,APARTMENTS_MODE,0.001915514062790402,0.0004886707244855415,18,0.012871442946811168,0.01886229098044834,30,leaky_and_relied_on
home_credit,REGION_RATING_CLIENT,gbm,top_k=5,FLOORSMAX_MEDI,0.005451092267685431,0.001087657557236522,8,0.012860903879375617,0.019497727274840948,31,leaky_and_relied_on
home_credit,REGION_RATING_CLIENT,gbm,top_k=5,LIVINGAPARTMENTS_MEDI,0.0003351397243696708,0.0005178097910047601,53,0.012526333851585483,0.018099950872639367,32,safe_workhorse
home_credit,REGION_RATING_CLIENT,gbm,top_k=5,FLOORSMAX_AVG,0.00184859617627382,0.0004522126063750822,19,0.012492083532688191,0.01645024572392462,33,leaky_and_relied_on
home_credit,REGION_RATING_CLIENT,gbm,top_k=5,AMT_REQ_CREDIT_BUREAU_YEAR,-0.0003619925343278485,0.0004753556000655462,108,0.01217243232838045,0.0126052946060769,34,safe_workhorse
home_credit,REGION_RATING_CLIENT,gbm,top_k=5,DEF_60_CNT_SOCIAL_CIRCLE,-0.00037229016689508396,0.0004932789227122007,109,0.011824078537481048,0.02775596548911579,35,safe_workhorse
home_credit,REGION_RATING_CLIENT,gbm,top_k=5,FLAG_EMAIL,5.39496000073747e-07,5.4411276054602915e-05,73,0.01148712628784287,0.02454790377696487,36,safe_workhorse
home_credit,REGION_RATING_CLIENT,gbm,top_k=5,OCCUPATION_TYPE,0.000207049491460487,0.00033455736918244544,58,0.010409157906662128,0.025195293121813178,37,safe_workhorse
home_credit,REGION_RATING_CLIENT,gbm,top_k=5,ENTRANCES_MEDI,0.0006495465566944691,0.0004297001741977691,37,0.009154746941512103,0.015428656715972787,38,leaky_and_relied_on
home_credit,REGION_RATING_CLIENT,gbm,top_k=5,ELEVATORS_MODE,7.882043512139614e-05,0.00013298130272416188,65,0.009032733737182877,0.026223205347409087,39,safe_workhorse
home_credit,REGION_RATING_CLIENT,gbm,top_k=5,OBS_60_CNT_SOCIAL_CIRCLE,-0.0004621319858566952,0.0004536120719131403,112,0.008778924033302186,0.017155818346963298,40,safe_workhorse
home_credit,REGION_RATING_CLIENT,gbm,top_k=5,OBS_30_CNT_SOCIAL_CIRCLE,-0.0009588252384050034,0.0003001470160775325,115,0.008392422238408774,0.01571614156947336,41,safe_workhorse
home_credit,REGION_RATING_CLIENT,gbm,top_k=5,LIVINGAREA_MODE,0.0011544954311349276,0.0005352672918910124,28,0.008183727349014994,0.01655055238860726,42,leaky_and_relied_on
home_credit,REGION_RATING_CLIENT,gbm,top_k=5,BASEMENTAREA_AVG,0.001586949735182297,0.00011265183429358906,20,0.008129718948573695,0.011254565370737822,43,leaky_and_relied_on
home_credit,REGION_RATING_CLIENT,gbm,top_k=5,LANDAREA_AVG,0.0006478945686219318,0.0005845789422340766,38,0.008102746705945806,0.013476239753992187,44,leaky_and_relied_on
home_credit,REGION_RATING_CLIENT,gbm,top_k=5,LANDAREA_MODE,0.006840364302024416,0.0009133521540571049,5,0.007879030881924447,0.011688115436707251,45,leaky_and_relied_on
home_credit,REGION_RATING_CLIENT,gbm,top_k=5,FLAG_DOCUMENT_3,0.0008744876875166119,0.00037006190640159276,34,0.007876629882146654,0.015388068086671659,46,leaky_and_relied_on
home_credit,REGION_RATING_CLIENT,gbm,top_k=5,TOTALAREA_MODE,0.0013722360488559238,0.00028953231998698825,24,0.007752846492468782,0.013776419966571371,47,leaky_and_relied_on
home_credit,REGION_RATING_CLIENT,gbm,top_k=5,LIVINGAPARTMENTS_AVG,-0.00032876448438627913,0.0005815545374584515,107,0.006970123799456245,0.014720500761881222,48,safe_workhorse
home_credit,REGION_RATING_CLIENT,gbm,top_k=5,LIVINGAREA_MEDI,0.0010203901047749707,0.00024147941208676525,31,0.006967480056886515,0.013464981582803863,49,leaky_and_relied_on
home_credit,REGION_RATING_CLIENT,gbm,top_k=5,FLAG_WORK_PHONE,0.0002033640051085639,0.00010897365223993443,59,0.00685995807834363,0.00906814614184217,50,safe_workhorse
home_credit,REGION_RATING_CLIENT,gbm,top_k=5,YEARS_BUILD_MEDI,0.000561846006704414,0.00022536650275601063,43,0.006737993753706699,0.014134273598095565,51,safe_workhorse
home_credit,REGION_RATING_CLIENT,gbm,top_k=5,YEARS_BUILD_MODE,0.0006457798530427495,0.0008968442593108419,39,0.006681801630699861,0.013889581103474817,52,leaky_and_relied_on
home_credit,REGION_RATING_CLIENT,gbm,top_k=5,WALLSMATERIAL_MODE,0.002336538237422148,0.0005801677918909826,14,0.006223098364275828,0.011206559566387142,53,leaky_and_relied_on
home_credit,REGION_RATING_CLIENT,gbm,top_k=5,COMMONAREA_AVG,0.0009808063130876121,0.0004358023597491642,32,0.00615289272930946,0.01027771070659573,54,leaky_and_relied_on
home_credit,REGION_RATING_CLIENT,gbm,top_k=5,FLOORSMIN_MEDI,-0.0009441190257261534,0.0003415504135787408,114,0.006139060062914812,0.017901388549617595,55,safe_workhorse
home_credit,REGION_RATING_CLIENT,gbm,top_k=5,YEARS_BEGINEXPLUATATION_MODE,-0.00020443631417288444,0.00017579741812957022,103,0.005977855585742812,0.016157646188680878,56,safe_workhorse
home_credit,REGION_RATING_CLIENT,gbm,top_k=5,YEARS_BUILD_AVG,0.0005883118291176492,0.0005736705250548918,42,0.0058569570812757,0.009757122201849693,57,leaky_and_relied_on
home_credit,REGION_RATING_CLIENT,gbm,top_k=5,NAME_FAMILY_STATUS,-0.00019777480150930948,0.00028059034679917737,102,0.005465338276763756,0.011635705897843124,58,safe_workhorse
home_credit,REGION_RATING_CLIENT,gbm,top_k=5,WEEKDAY_APPR_PROCESS_START,-0.0006747906479558363,0.00040796843305952735,113,0.0054297955559087525,0.010427007340380939,59,safe_workhorse
home_credit,REGION_RATING_CLIENT,gbm,top_k=5,APARTMENTS_AVG,0.0011439439903408565,0.00025959253267132296,29,0.005108074747157966,0.010050607218498939,60,leaky_and_relied_on
home_credit,REGION_RATING_CLIENT,gbm,top_k=5,YEARS_BEGINEXPLUATATION_AVG,0.0009315425690773038,0.0006358486048359215,33,0.0051036704539219,0.013347675399137096,61,leaky_and_relied_on
home_credit,REGION_RATING_CLIENT,gbm,top_k=5,FLOORSMIN_AVG,0.00126077712868069,0.0005491676039372347,25,0.004989820364143354,0.011951694387824853,62,leaky_and_relied_on
home_credit,REGION_RATING_CLIENT,gbm,top_k=5,APARTMENTS_MEDI,-0.0001017372133058192,0.0003796945254436953,98,0.004656388795551419,0.010835961880704677,63,safe_workhorse
home_credit,REGION_RATING_CLIENT,gbm,top_k=5,COMMONAREA_MODE,0.00046921013075169605,0.0007896437895185919,48,0.004412813245226272,0.00939030838358852,64,safe_workhorse
home_credit,REGION_RATING_CLIENT,gbm,top_k=5,BASEMENTAREA_MEDI,-0.00012246641344906272,0.00031208994136304116,101,0.0042719073970923374,0.015486789963073734,65,safe_workhorse
home_credit,REGION_RATING_CLIENT,gbm,top_k=5,ENTRANCES_MODE,0.0008495063007502024,0.0002926699183952971,35,0.004257578502704758,0.004325281094017491,66,leaky_and_relied_on
home_credit,REGION_RATING_CLIENT,gbm,top_k=5,FLAG_DOCUMENT_8,-4.339973623630477e-05,3.728814907187018e-05,94,0.00406373745861901,0.012627798857884875,67,safe_workhorse
home_credit,REGION_RATING_CLIENT,gbm,top_k=5,AMT_REQ_CREDIT_BUREAU_MON,0.0007184365707441964,0.0002638201045809447,36,0.004048101887334892,0.006936475524549288,68,leaky_and_relied_on
home_credit,REGION_RATING_CLIENT,gbm,top_k=5,REG_CITY_NOT_WORK_CITY,8.879296544617166e-05,8.634565968491378e-05,64,0.0031401079163325763,0.007305042285180941,69,safe_workhorse
home_credit,REGION_RATING_CLIENT,gbm,top_k=5,NONLIVINGAREA_MODE,0.0014013010752646383,0.0007595087037457146,23,0.002932711025590216,0.008268162528161491,70,leaky_removable
home_credit,REGION_RATING_CLIENT,gbm,top_k=5,DEF_30_CNT_SOCIAL_CIRCLE,-7.416170449106029e-05,0.00010930378395561701,95,0.0024958303401960897,0.007895882608610233,71,low_low
home_credit,REGION_RATING_CLIENT,gbm,top_k=5,COMMONAREA_MEDI,-0.00012195831959389558,0.000267643351667531,100,0.0024926167105129653,0.004426669557097793,72,low_low
home_credit,REGION_RATING_CLIENT,gbm,top_k=5,NAME_HOUSING_TYPE,0.002635946168671932,0.0007492998036194369,13,0.0018852978534740137,0.006221263729262808,73,leaky_removable
home_credit,REGION_RATING_CLIENT,gbm,top_k=5,CNT_FAM_MEMBERS,-0.0002160964841468882,0.00040097622807021386,104,0.001827670855736411,0.004871519434686226,74,low_low
home_credit,REGION_RATING_CLIENT,gbm,top_k=5,NONLIVINGAPARTMENTS_MEDI,0.0003646525450926363,0.00014815953996484823,51,0.0017770918527847924,0.0040885801500348,75,low_low
home_credit,REGION_RATING_CLIENT,gbm,top_k=5,FLAG_DOCUMENT_16,0.0,0.0,88,0.0017725945346427504,0.00968538354613544,76,low_low
home_credit,REGION_RATING_CLIENT,gbm,top_k=5,NONLIVINGAREA_MEDI,0.000478292841885386,0.00029040393121159693,47,0.0014766344722273708,0.0062494923774030365,77,low_low
home_credit,REGION_RATING_CLIENT,gbm,top_k=5,FLAG_PHONE,0.00023977720211869612,0.0003123620227810355,56,0.0012913148758306044,0.0037979753300669715,78,low_low
home_credit,REGION_RATING_CLIENT,gbm,top_k=5,NONLIVINGAPARTMENTS_MODE,0.0003637919392951661,0.00017811154051978082,52,0.001267514349927926,0.004060493291183269,79,low_low
home_credit,REGION_RATING_CLIENT,gbm,top_k=5,LIVE_CITY_NOT_WORK_CITY,0.0006134933102939222,0.00018052964813968541,40,0.0009622064699711818,0.002230049372294482,80,leaky_removable
home_credit,REGION_RATING_CLIENT,gbm,top_k=5,CNT_CHILDREN,-0.00024908327515302806,0.00023403779323836443,106,0.0007202292166726115,0.0023897484121778506,81,low_low
home_credit,REGION_RATING_CLIENT,gbm,top_k=5,ELEVATORS_AVG,0.00043561034098082985,0.0002785806477835349,50,0.0006817543372210556,0.0029687870978182293,82,low_low
home_credit,REGION_RATING_CLIENT,gbm,top_k=5,FONDKAPREMONT_MODE,0.0005016320263532492,0.00014874799136522016,45,0.0006117409816966173,0.002768373670912885,83,low_low
home_credit,REGION_RATING_CLIENT,gbm,top_k=5,REG_REGION_NOT_WORK_REGION,5.303378231580336e-05,9.851280419312366e-05,66,0.0005682655134012576,0.004481000543911049,84,low_low
home_credit,REGION_RATING_CLIENT,gbm,top_k=5,NONLIVINGAPARTMENTS_AVG,5.12757117621776e-05,0.00012983290469643932,67,0.00047882417994764206,0.00395357158798741,85,low_low
home_credit,REGION_RATING_CLIENT,gbm,top_k=5,REG_CITY_NOT_LIVE_CITY,0.0002719715574888371,9.56666696712056e-05,55,0.0004382930854672138,0.0020299881861970755,86,low_low
home_credit,REGION_RATING_CLIENT,gbm,top_k=5,FLAG_OWN_REALTY,0.0001864522862331297,0.00012968437605146492,60,0.0004084681639703206,0.002819209621777638,87,low_low
home_credit,REGION_RATING_CLIENT,gbm,top_k=5,AMT_REQ_CREDIT_BUREAU_WEEK,0.00016416672308932067,0.00037184089397765684,61,0.00033176050055189904,0.0022543231929525796,88,low_low
home_credit,REGION_RATING_CLIENT,gbm,top_k=5,NAME_TYPE_SUITE,0.0004960650012301615,0.0006531382441112792,46,0.0002894629668358573,0.0020837912584599277,89,low_low
home_credit,REGION_RATING_CLIENT,gbm,top_k=5,FLAG_MOBIL,0.0,0.0,87,0.0,0.0,95,low_low
home_credit,REGION_RATING_CLIENT,gbm,top_k=5,FLAG_DOCUMENT_17,0.0,0.0,76,0.0,0.0,112,low_low
home_credit,REGION_RATING_CLIENT,gbm,top_k=5,LIVE_REGION_NOT_WORK_REGION,0.000307215928278759,0.00017313773612070686,54,0.0,0.0,93,low_low
home_credit,REGION_RATING_CLIENT,gbm,top_k=5,ELEVATORS_MEDI,0.00021244589501276945,0.00012949241038816942,57,0.0,0.0,97,low_low
home_credit,REGION_RATING_CLIENT,gbm,top_k=5,FLAG_DOCUMENT_9,0.0001401874778065304,2.896920019943697e-05,62,0.0,0.0,104,low_low
home_credit,REGION_RATING_CLIENT,gbm,top_k=5,FLAG_DOCUMENT_6,-0.00040473485092022975,0.00015622906372228979,110,0.0,0.0,100,low_low
home_credit,REGION_RATING_CLIENT,gbm,top_k=5,REG_REGION_NOT_LIVE_REGION,0.00011869239889743533,0.00017961645536824068,63,0.0,0.0,90,low_low
home_credit,REGION_RATING_CLIENT,gbm,top_k=5,AMT_REQ_CREDIT_BUREAU_DAY,4.286669045459046e-05,0.00011935136874889092,69,0.0,0.0,91,low_low
home_credit,REGION_RATING_CLIENT,gbm,top_k=5,FLAG_DOCUMENT_13,2.359768210864477e-05,2.068656973676356e-05,71,0.0,0.0,101,low_low
home_credit,REGION_RATING_CLIENT,gbm,top_k=5,AMT_REQ_CREDIT_BUREAU_HOUR,1.2689315820191283e-05,1.0352655976808803e-05,72,0.0,0.0,99,low_low
home_credit,REGION_RATING_CLIENT,gbm,top_k=5,FLAG_DOCUMENT_4,0.0,0.0,74,0.0,0.0,103,low_low
home_credit,REGION_RATING_CLIENT,gbm,top_k=5,FLAG_DOCUMENT_2,0.0,0.0,75,0.0,0.0,111,low_low
home_credit,REGION_RATING_CLIENT,gbm,top_k=5,FLAG_DOCUMENT_7,0.0,0.0,77,0.0,0.0,102,low_low
home_credit,REGION_RATING_CLIENT,gbm,top_k=5,FLAG_CONT_MOBILE,0.0,0.0,89,0.0,0.0,92,low_low
home_credit,REGION_RATING_CLIENT,gbm,top_k=5,FLAG_DOCUMENT_10,0.0,0.0,78,0.0,0.0,105,low_low
home_credit,REGION_RATING_CLIENT,gbm,top_k=5,FLAG_DOCUMENT_11,0.0,0.0,79,0.0,0.0,106,low_low
home_credit,REGION_RATING_CLIENT,gbm,top_k=5,FLAG_DOCUMENT_20,0.0,0.0,80,0.0,0.0,115,low_low
home_credit,REGION_RATING_CLIENT,gbm,top_k=5,FLAG_DOCUMENT_12,0.0,0.0,81,0.0,0.0,107,low_low
home_credit,REGION_RATING_CLIENT,gbm,top_k=5,FLAG_DOCUMENT_5,-9.532417726969556e-05,8.722040519422826e-05,97,0.0,0.0,98,low_low
home_credit,REGION_RATING_CLIENT,gbm,top_k=5,FLAG_DOCUMENT_14,0.0,0.0,82,0.0,0.0,108,low_low
home_credit,REGION_RATING_CLIENT,gbm,top_k=5,FLAG_DOCUMENT_18,0.0,0.0,83,0.0,0.0,113,low_low
home_credit,REGION_RATING_CLIENT,gbm,top_k=5,FLAG_DOCUMENT_15,0.0,0.0,85,0.0,0.0,110,low_low
home_credit,REGION_RATING_CLIENT,gbm,top_k=5,EMERGENCYSTATE_MODE,0.0,0.0,86,0.0,0.0,116,low_low
home_credit,REGION_RATING_CLIENT,gbm,top_k=5,HOUSETYPE_MODE,-7.221678936053522e-06,1.536061893791369e-05,92,0.0,0.0,96,low_low
home_credit,REGION_RATING_CLIENT,gbm,top_k=5,FLAG_EMP_PHONE,0.0,0.0,91,0.0,0.0,94,low_low
home_credit,REGION_RATING_CLIENT,gbm,top_k=5,FLAG_DOCUMENT_21,0.0,0.0,90,0.0,0.0,109,low_low
home_credit,REGION_RATING_CLIENT,gbm,top_k=5,FLAG_DOCUMENT_19,0.0,0.0,84,0.0,0.0,114,low_low
home_credit,REGION_RATING_CLIENT,gbm,full,EXT_SOURCE_3,0.0006959738979266161,0.000542832189032909,43,0.3247690953792417,0.2687311113850184,1,leaky_and_relied_on
home_credit,REGION_RATING_CLIENT,gbm,full,EXT_SOURCE_2,0.017098819333199587,0.0006619916034027686,3,0.18029557396687457,0.11441939337959914,2,leaky_and_relied_on
home_credit,REGION_RATING_CLIENT,gbm,full,FLAG_CONT_MOBILE,0.09385494198990578,0.004822853004775979,1,0.11581751397242294,0.102924634821479,3,leaky_and_relied_on
home_credit,REGION_RATING_CLIENT,gbm,full,EXT_SOURCE_1,-0.0002421546547974218,0.0011660338865025527,107,0.11305941904406788,0.14857326750171684,4,safe_workhorse
home_credit,REGION_RATING_CLIENT,gbm,full,DAYS_BIRTH,0.0014466923810630972,0.0006774113271009963,23,0.09018851508004969,0.06737433733418012,5,leaky_and_relied_on
home_credit,REGION_RATING_CLIENT,gbm,full,AMT_CREDIT,0.0008293596906465917,0.00054034686091848,38,0.08077986360341068,0.0836287152190269,6,leaky_and_relied_on
home_credit,REGION_RATING_CLIENT,gbm,full,DAYS_EMPLOYED,0.0016116296122568486,0.000490085787524652,20,0.07916890074893077,0.08862057870807094,7,leaky_and_relied_on
home_credit,REGION_RATING_CLIENT,gbm,full,AMT_GOODS_PRICE,-0.0003505502869826316,0.0008240824372423202,111,0.05073568378023383,0.05339727416572897,8,safe_workhorse
home_credit,REGION_RATING_CLIENT,gbm,full,DAYS_LAST_PHONE_CHANGE,0.0012341553935458105,0.002130608576035677,27,0.04438517774850585,0.033988629672375,9,leaky_and_relied_on
home_credit,REGION_RATING_CLIENT,gbm,full,DAYS_ID_PUBLISH,0.0009691155842129762,0.0010340625944754705,35,0.03940879933485958,0.0360306349147494,10,leaky_and_relied_on
home_credit,REGION_RATING_CLIENT,gbm,full,AMT_ANNUITY,0.004632699712402788,0.0012960669026096617,7,0.03910443701558189,0.03201723861317725,11,leaky_and_relied_on
home_credit,REGION_RATING_CLIENT,gbm,full,NAME_CONTRACT_TYPE,0.0010096000482415323,0.00032280748502599066,32,0.03403337113354154,0.059275967129471835,12,leaky_and_relied_on
home_credit,REGION_RATING_CLIENT,gbm,full,FLAG_EMP_PHONE,0.0006016194961829368,0.00041621671962930603,47,0.033091125233089984,0.02896474914634777,13,leaky_and_relied_on
home_credit,REGION_RATING_CLIENT,gbm,full,NAME_INCOME_TYPE,0.0018464155266275871,0.0012875835458773161,17,0.029288610236709776,0.024822752553945525,14,leaky_and_relied_on
home_credit,REGION_RATING_CLIENT,gbm,full,ENTRANCES_MODE,0.01408369339784601,0.0010681904433801292,4,0.023037194661637332,0.022824280645631582,15,leaky_and_relied_on
home_credit,REGION_RATING_CLIENT,gbm,full,NAME_EDUCATION_TYPE,2.2236038528755665e-05,0.0005280554003506577,72,0.01896581250344737,0.022906715154976734,16,safe_workhorse
home_credit,REGION_RATING_CLIENT,gbm,full,FLOORSMIN_MODE,0.0015781140001376536,0.0003827952699333413,21,0.017388262406011955,0.01512802393213292,17,leaky_and_relied_on
home_credit,REGION_RATING_CLIENT,gbm,full,LANDAREA_MODE,0.006573384687911621,0.0009173783014174138,6,0.016755279772281084,0.027250495774035637,18,leaky_and_relied_on
home_credit,REGION_RATING_CLIENT,gbm,full,OWN_CAR_AGE,0.0028176737512737525,0.0009024475968002509,12,0.014317614220735176,0.01987900466278343,19,leaky_and_relied_on
home_credit,REGION_RATING_CLIENT,gbm,full,FLAG_OWN_CAR,0.0006351652403636665,0.0002607076861602352,46,0.012807128391511635,0.014047630912609656,20,leaky_and_relied_on
home_credit,REGION_RATING_CLIENT,gbm,full,WEEKDAY_APPR_PROCESS_START,0.0008515837967405737,0.0005948530771898813,37,0.012505220532624244,0.014019710822793852,21,leaky_and_relied_on
home_credit,REGION_RATING_CLIENT,gbm,full,COMMONAREA_MODE,0.0011076811057902703,0.0006785288773756355,30,0.012462615740022193,0.015722976728121816,22,leaky_and_relied_on
home_credit,REGION_RATING_CLIENT,gbm,full,OCCUPATION_TYPE,-0.00012493753129469987,0.0004652997302347916,103,0.01199413398936521,0.011099354633520464,23,safe_workhorse
home_credit,REGION_RATING_CLIENT,gbm,full,LIVE_CITY_NOT_WORK_CITY,-0.00019016415199937242,0.00020259729806531982,104,0.011693059312061677,0.02174884887918542,24,safe_workhorse
home_credit,REGION_RATING_CLIENT,gbm,full,BASEMENTAREA_MEDI,0.001017028738157899,0.0003947522499978565,31,0.011680428734996945,0.012303829762958848,25,leaky_and_relied_on
home_credit,REGION_RATING_CLIENT,gbm,full,LANDAREA_AVG,0.0013158265225973187,0.00038700747931208387,26,0.011037994301871827,0.019257479349575442,26,leaky_and_relied_on
home_credit,REGION_RATING_CLIENT,gbm,full,NONLIVINGAREA_MODE,-0.00080733961593773,0.0002958050168264933,114,0.00985964699824816,0.015873925198882394,27,safe_workhorse
home_credit,REGION_RATING_CLIENT,gbm,full,DEF_60_CNT_SOCIAL_CIRCLE,-0.0004731204428594316,0.00018921798227572814,112,0.009534211839254337,0.03241183644195904,28,safe_workhorse
home_credit,REGION_RATING_CLIENT,gbm,full,ENTRANCES_MEDI,-8.606619420892248e-05,0.00040901807764226,102,0.009166610696439126,0.020504342997700906,29,safe_workhorse
home_credit,REGION_RATING_CLIENT,gbm,full,NAME_FAMILY_STATUS,3.732961614113517e-05,0.0008493166172910495,70,0.008730482022088953,0.010577916299295206,30,safe_workhorse
home_credit,REGION_RATING_CLIENT,gbm,full,AMT_INCOME_TOTAL,0.008089214585155814,0.0011872943640760798,5,0.008168358663864613,0.016667889570638056,31,leaky_and_relied_on
home_credit,REGION_RATING_CLIENT,gbm,full,OBS_60_CNT_SOCIAL_CIRCLE,-0.00020918189294942823,0.0004294269090436881,105,0.00808078128129414,0.012090944399079697,32,safe_workhorse
home_credit,REGION_RATING_CLIENT,gbm,full,TOTALAREA_MODE,0.001479856050683037,0.0006651199298047311,22,0.00757621571810907,0.014402956427317705,33,leaky_and_relied_on
home_credit,REGION_RATING_CLIENT,gbm,full,WALLSMATERIAL_MODE,0.0017730575821971017,0.0004683420217705711,19,0.0075384810197203205,0.011418355816548851,34,leaky_and_relied_on
home_credit,REGION_RATING_CLIENT,gbm,full,AMT_REQ_CREDIT_BUREAU_QRT,-0.0002833637243609299,0.0002442802974283627,110,0.0075248168987244405,0.01259340668707242,35,safe_workhorse
home_credit,REGION_RATING_CLIENT,gbm,full,OBS_30_CNT_SOCIAL_CIRCLE,-0.00048388341316738524,0.0005001683277434273,113,0.007498567512223343,0.012540851329669533,36,safe_workhorse
home_credit,REGION_RATING_CLIENT,gbm,full,AMT_REQ_CREDIT_BUREAU_YEAR,0.0024392233507535056,0.0008197825097161293,14,0.007439663821586737,0.011585155715958237,37,leaky_and_relied_on
home_credit,REGION_RATING_CLIENT,gbm,full,DAYS_REGISTRATION,0.0024780581312497272,0.0011515576320261392,13,0.007433264963927613,0.012637039390421984,38,leaky_and_relied_on
home_credit,REGION_RATING_CLIENT,gbm,full,ENTRANCES_AVG,-0.0010524581048760417,0.00044926837990607693,116,0.007160262649929483,0.009557245285851702,39,safe_workhorse
home_credit,REGION_RATING_CLIENT,gbm,full,BASEMENTAREA_MODE,0.0033345879869016493,0.000428859336193847,10,0.007117381381702032,0.011242294447383777,40,leaky_and_relied_on
home_credit,REGION_RATING_CLIENT,gbm,full,LANDAREA_MEDI,0.0013565472962531854,0.001075444941319884,25,0.006497194056173033,0.011098948427887126,41,leaky_and_relied_on
home_credit,REGION_RATING_CLIENT,gbm,full,APARTMENTS_MODE,0.002264744252499806,0.00039364172637115704,15,0.006494500588259562,0.014489098935021504,42,leaky_and_relied_on
home_credit,REGION_RATING_CLIENT,gbm,full,YEARS_BEGINEXPLUATATION_AVG,0.0003476276126660238,0.0009131392873797923,57,0.005890370312238553,0.012753618615756078,43,safe_workhorse
home_credit,REGION_RATING_CLIENT,gbm,full,REG_CITY_NOT_WORK_CITY,-0.00023255063269767007,0.00014366941077950034,106,0.005691852884044921,0.019550313748718594,44,safe_workhorse
home_credit,REGION_RATING_CLIENT,gbm,full,CNT_FAM_MEMBERS,-6.220191290822186e-05,0.0004277720051129979,99,0.005645295471684857,0.007826019534947713,45,safe_workhorse
home_credit,REGION_RATING_CLIENT,gbm,full,YEARS_BEGINEXPLUATATION_MODE,0.0009748452766741966,0.0006763558738986181,34,0.00560772176002091,0.008392795041917794,46,leaky_and_relied_on
home_credit,REGION_RATING_CLIENT,gbm,full,HOUR_APPR_PROCESS_START,0.03571862005766613,0.005394983085642133,2,0.005493789001723219,0.009247751128324625,47,leaky_and_relied_on
home_credit,REGION_RATING_CLIENT,gbm,full,COMMONAREA_AVG,0.0012033001398155329,0.0004940542107496441,28,0.0053256151354986216,0.010932855170675814,48,leaky_and_relied_on
home_credit,REGION_RATING_CLIENT,gbm,full,ORGANIZATION_TYPE,-7.575598573763553e-05,0.0004876363441638367,101,0.005287163117781889,0.010453785819287095,49,safe_workhorse
home_credit,REGION_RATING_CLIENT,gbm,full,YEARS_BUILD_AVG,0.0030165346910214553,0.0006651254654325122,11,0.004811106540199326,0.012635329803125296,50,leaky_and_relied_on
home_credit,REGION_RATING_CLIENT,gbm,full,FLAG_WORK_PHONE,0.0006679426719011783,0.0004026619365912476,44,0.00471701709633385,0.013104619085153835,51,leaky_and_relied_on
home_credit,REGION_RATING_CLIENT,gbm,full,COMMONAREA_MEDI,0.0006573451126351326,0.0003700876386657365,45,0.004704360332905675,0.009672208950848742,52,leaky_and_relied_on
home_credit,REGION_RATING_CLIENT,gbm,full,FLAG_DOCUMENT_3,0.00023608264498513608,0.00041633732589751565,60,0.004588917351556783,0.01262467133164191,53,safe_workhorse
home_credit,REGION_RATING_CLIENT,gbm,full,YEARS_BUILD_MODE,-1.3702244026791987e-05,0.00034324107126302276,93,0.004515714958577867,0.0089038786354404,54,safe_workhorse
home_credit,REGION_RATING_CLIENT,gbm,full,FLOORSMIN_AVG,0.0007159655965339074,0.001157413336286663,42,0.0044021431099580365,0.0057684467968608264,55,leaky_and_relied_on
home_credit,REGION_RATING_CLIENT,gbm,full,LIVINGAPARTMENTS_MEDI,0.00010362705472177769,0.0008699116384020041,64,0.004330032628938757,0.00824735961910526,56,safe_workhorse
home_credit,REGION_RATING_CLIENT,gbm,full,YEARS_BEGINEXPLUATATION_MEDI,0.00014100344539802467,0.0005409370066416956,62,0.0043292060905829885,0.005835105115100501,57,safe_workhorse
home_credit,REGION_RATING_CLIENT,gbm,full,FLOORSMAX_AVG,0.0005152868095091411,0.0004908900831548213,53,0.00425158552631372,0.009901384722883436,58,safe_workhorse
home_credit,REGION_RATING_CLIENT,gbm,full,FLOORSMAX_MEDI,0.0035742591237618803,0.0007786664915016582,9,0.004239166764645301,0.01176703514048582,59,leaky_and_relied_on
home_credit,REGION_RATING_CLIENT,gbm,full,FLOORSMIN_MEDI,0.0005203071551882932,0.0005535359504319538,52,0.003970162016898318,0.007234253570453437,60,safe_workhorse
home_credit,REGION_RATING_CLIENT,gbm,full,NONLIVINGAREA_AVG,0.0013745719638697195,0.00020280495172495588,24,0.0036981264212163235,0.008288296453539085,61,leaky_and_relied_on
home_credit,REGION_RATING_CLIENT,gbm,full,LIVINGAPARTMENTS_AVG,0.0007628401859319123,0.00021976465158737849,40,0.003539754896425842,0.009024124205381847,62,leaky_and_relied_on
home_credit,REGION_RATING_CLIENT,gbm,full,LIVINGAREA_MODE,0.0009793683923500218,0.00047216253759505976,33,0.0033244303770907074,0.011133905372631262,63,leaky_and_relied_on
home_credit,REGION_RATING_CLIENT,gbm,full,APARTMENTS_MEDI,0.0005456543376941792,0.0006246719763240582,51,0.0033183789030628796,0.008758787858395675,64,safe_workhorse
home_credit,REGION_RATING_CLIENT,gbm,full,BASEMENTAREA_AVG,0.0019990739728039885,0.0008239522844765037,16,0.0032910528042753547,0.007514390046744617,65,leaky_and_relied_on
home_credit,REGION_RATING_CLIENT,gbm,full,NONLIVINGAREA_MEDI,0.00018239144879754753,0.0007542979006105766,61,0.0026633571584295745,0.006837787070194854,66,low_low
home_credit,REGION_RATING_CLIENT,gbm,full,FLAG_OWN_REALTY,0.0005599618436488596,0.00016716754808487438,49,0.0025916878341957802,0.008108907697033657,67,low_low
home_credit,REGION_RATING_CLIENT,gbm,full,YEARS_BUILD_MEDI,0.0007644170213550571,0.00028740997052282137,39,0.002427598876709403,0.007360845067701909,68,leaky_removable
home_credit,REGION_RATING_CLIENT,gbm,full,LIVINGAPARTMENTS_MODE,0.0005547170070139051,0.0005040456109986907,50,0.0021545282858653225,0.008083047560948256,69,low_low
home_credit,REGION_RATING_CLIENT,gbm,full,FLAG_DOCUMENT_16,0.00010148354821895022,0.00011458463702267475,65,0.0021185798788907356,0.013915792146704796,70,low_low
home_credit,REGION_RATING_CLIENT,gbm,full,LIVINGAREA_MEDI,0.0009666900230055564,0.00037185211769782164,36,0.0018604723749936123,0.006436177426236935,71,leaky_removable
home_credit,REGION_RATING_CLIENT,gbm,full,CNT_CHILDREN,0.0011379922199502347,0.0008284226231368112,29,0.0016069139406058365,0.004348213941569185,72,leaky_removable
home_credit,REGION_RATING_CLIENT,gbm,full,REG_CITY_NOT_LIVE_CITY,-1.7428474985159426e-05,0.00012266787637965024,95,0.0014606268047524875,0.007049443041536285,73,low_low
home_credit,REGION_RATING_CLIENT,gbm,full,LIVINGAREA_AVG,0.0018354124216889201,0.00030345558583167386,18,0.0013637435535835461,0.00714340754646489,74,leaky_removable
home_credit,REGION_RATING_CLIENT,gbm,full,FLOORSMAX_MODE,0.004625551060816991,0.0009081278479377077,8,0.001363472678936806,0.004974596009668974,75,leaky_removable
home_credit,REGION_RATING_CLIENT,gbm,full,FONDKAPREMONT_MODE,0.00031446928428737755,0.00019411032545246527,58,0.0013125089554769415,0.012714934126815581,76,low_low
home_credit,REGION_RATING_CLIENT,gbm,full,FLAG_PHONE,0.0007356971699076009,0.00027701869299701456,41,0.0011514781542856577,0.0072881215616168865,77,leaky_removable
home_credit,REGION_RATING_CLIENT,gbm,full,APARTMENTS_AVG,-0.0008878571814890712,0.00047810315721282215,115,0.000881476438932975,0.0022647164084571778,78,low_low
home_credit,REGION_RATING_CLIENT,gbm,full,FLAG_EMAIL,-0.00024969120158979674,0.0003647634806361198,108,0.0007945305430021904,0.0033070850074483696,79,low_low
home_credit,REGION_RATING_CLIENT,gbm,full,NONLIVINGAPARTMENTS_MODE,-1.1343132234120646e-05,0.00011099739216170312,92,0.0007460782510974334,0.004449206410023411,80,low_low
home_credit,REGION_RATING_CLIENT,gbm,full,DEF_30_CNT_SOCIAL_CIRCLE,-2.202479595596607e-05,4.9191162404477606e-05,97,0.0006527835588182831,0.002350666306245761,81,low_low
home_credit,REGION_RATING_CLIENT,gbm,full,REG_REGION_NOT_LIVE_REGION,0.00010830252726783396,0.0002533237434111216,63,0.0004996811135867368,0.004243797032853489,82,low_low
home_credit,REGION_RATING_CLIENT,gbm,full,AMT_REQ_CREDIT_BUREAU_WEEK,3.289998612652223e-05,6.957973258099904e-05,71,0.0004884748243079374,0.004161532106547705,83,low_low
home_credit,REGION_RATING_CLIENT,gbm,full,NONLIVINGAPARTMENTS_AVG,-6.405852379356424e-05,0.000120727125461101,100,0.0004411670458113697,0.0017719844119353225,84,low_low
home_credit,REGION_RATING_CLIENT,gbm,full,HOUSETYPE_MODE,-2.396066343948178e-05,3.7953723492460997e-05,98,0.0004397980487386069,0.0021670384940257344,85,low_low
home_credit,REGION_RATING_CLIENT,gbm,full,NAME_TYPE_SUITE,0.0005108482546874793,0.0002447662157971883,54,0.0004270037768395835,0.0022592594757227915,86,low_low
home_credit,REGION_RATING_CLIENT,gbm,full,ELEVATORS_AVG,-2.1088452227813193e-05,2.4522619340770265e-05,96,0.0003914595591338849,0.002458521488345058,87,low_low
home_credit,REGION_RATING_CLIENT,gbm,full,NONLIVINGAPARTMENTS_MEDI,8.267635728151924e-05,7.918766802912041e-05,66,0.00038886125796660983,0.0036645155432650078,88,low_low
home_credit,REGION_RATING_CLIENT,gbm,full,LIVE_REGION_NOT_WORK_REGION,0.0,0.0,87,0.0003538468063450311,0.003003586598946501,89,low_low
home_credit,REGION_RATING_CLIENT,gbm,full,FLAG_DOCUMENT_6,-0.0002690037611939866,0.00010886966407191149,109,0.0,0.0,116,low_low
home_credit,REGION_RATING_CLIENT,gbm,full,AMT_REQ_CREDIT_BUREAU_MON,-1.5041388630909758e-05,7.984447672452825e-05,94,0.0,0.0,99,low_low
home_credit,REGION_RATING_CLIENT,gbm,full,FLAG_DOCUMENT_12,0.0,0.0,78,0.0,0.0,103,low_low
home_credit,REGION_RATING_CLIENT,gbm,full,FLAG_MOBIL,0.0,0.0,91,0.0,0.0,100,low_low
home_credit,REGION_RATING_CLIENT,gbm,full,AMT_REQ_CREDIT_BUREAU_DAY,0.0,0.0,90,0.0,0.0,98,low_low
home_credit,REGION_RATING_CLIENT,gbm,full,NAME_HOUSING_TYPE,0.0005689510798350117,0.0007574128370407753,48,0.0,0.0,113,leaky_removable
home_credit,REGION_RATING_CLIENT,gbm,full,FLAG_DOCUMENT_8,0.00047164256316285514,0.00019480915298117823,55,0.0,0.0,106,low_low
home_credit,REGION_RATING_CLIENT,gbm,full,REG_REGION_NOT_WORK_REGION,0.00042298842054051545,0.00017269708242804603,56,0.0,0.0,111,low_low
home_credit,REGION_RATING_CLIENT,gbm,full,ELEVATORS_MEDI,7.477222160234831e-05,0.00015529009132464802,67,0.0,0.0,108,low_low
home_credit,REGION_RATING_CLIENT,gbm,full,ELEVATORS_MODE,6.354155704473286e-05,6.566030665216799e-05,68,0.0,0.0,114,low_low
home_credit,REGION_RATING_CLIENT,gbm,full,FLAG_DOCUMENT_9,6.238164590763873e-05,9.976563212465017e-05,69,0.0,0.0,105,low_low
home_credit,REGION_RATING_CLIENT,gbm,full,FLAG_DOCUMENT_13,1.7597055576668018e-05,5.721441838697321e-05,73,0.0,0.0,97,low_low
home_credit,REGION_RATING_CLIENT,gbm,full,FLAG_DOCUMENT_19,0.0,0.0,74,0.0,0.0,90,low_low
home_credit,REGION_RATING_CLIENT,gbm,full,FLAG_DOCUMENT_20,0.0,0.0,75,0.0,0.0,95,low_low
home_credit,REGION_RATING_CLIENT,gbm,full,FLAG_DOCUMENT_15,0.0,0.0,76,0.0,0.0,91,low_low
home_credit,REGION_RATING_CLIENT,gbm,full,FLAG_DOCUMENT_14,0.0,0.0,77,0.0,0.0,101,low_low
home_credit,REGION_RATING_CLIENT,gbm,full,FLAG_DOCUMENT_11,0.0,0.0,79,0.0,0.0,102,low_low
home_credit,REGION_RATING_CLIENT,gbm,full,FLAG_DOCUMENT_10,0.0,0.0,80,0.0,0.0,104,low_low
home_credit,REGION_RATING_CLIENT,gbm,full,FLAG_DOCUMENT_7,0.0,0.0,81,0.0,0.0,107,low_low
home_credit,REGION_RATING_CLIENT,gbm,full,FLAG_DOCUMENT_18,0.0,0.0,82,0.0,0.0,93,low_low
home_credit,REGION_RATING_CLIENT,gbm,full,FLAG_DOCUMENT_5,0.0,0.0,83,0.0,0.0,109,low_low
home_credit,REGION_RATING_CLIENT,gbm,full,FLAG_DOCUMENT_4,0.0,0.0,84,0.0,0.0,110,low_low
home_credit,REGION_RATING_CLIENT,gbm,full,FLAG_DOCUMENT_2,0.0,0.0,85,0.0,0.0,112,low_low
home_credit,REGION_RATING_CLIENT,gbm,full,FLAG_DOCUMENT_21,0.0,0.0,86,0.0,0.0,96,low_low
home_credit,REGION_RATING_CLIENT,gbm,full,FLAG_DOCUMENT_17,0.0,0.0,88,0.0,0.0,92,low_low
home_credit,REGION_RATING_CLIENT,gbm,full,EMERGENCYSTATE_MODE,0.0,0.0,89,0.0,0.0,115,low_low
home_credit,REGION_RATING_CLIENT,gbm,full,AMT_REQ_CREDIT_BUREAU_HOUR,0.0002809849087454408,0.0003469832646814155,59,0.0,0.0,94,low_low
home_credit,REGION_RATING_CLIENT,gbm,random,EXT_SOURCE_3,0.00046343159631860863,0.000590236174310903,49,0.3211061398815127,0.28670849843892976,1,safe_workhorse
home_credit,REGION_RATING_CLIENT,gbm,random,EXT_SOURCE_1,0.00675185322022831,0.0014629843414486728,6,0.16205916940698423,0.1543464112122668,2,leaky_and_relied_on
home_credit,REGION_RATING_CLIENT,gbm,random,EXT_SOURCE_2,0.002864173107418555,0.0012236626521136863,13,0.13265667294570732,0.10294340441969028,3,leaky_and_relied_on
home_credit,REGION_RATING_CLIENT,gbm,random,AMT_CREDIT,0.0005406381813315875,0.000400091367824426,47,0.09732213723228324,0.07492781254194943,4,safe_workhorse
home_credit,REGION_RATING_CLIENT,gbm,random,DAYS_EMPLOYED,0.0013040312100361274,0.0009362243019017124,25,0.09411709412368281,0.10956158907188872,5,leaky_and_relied_on
home_credit,REGION_RATING_CLIENT,gbm,random,FLAG_CONT_MOBILE,0.01023947428096914,0.0011939700229006943,4,0.09291396115304348,0.08773569622743622,6,leaky_and_relied_on
home_credit,REGION_RATING_CLIENT,gbm,random,ENTRANCES_AVG,0.01722038252961955,0.00165983878446761,2,0.0849541170532417,0.06430979894449451,7,leaky_and_relied_on
home_credit,REGION_RATING_CLIENT,gbm,random,AMT_GOODS_PRICE,4.845786896432447e-05,0.0002462024540447476,68,0.07230537702469338,0.05084720857366591,8,safe_workhorse
home_credit,REGION_RATING_CLIENT,gbm,random,NAME_INCOME_TYPE,-0.00018419502072823944,0.0006423826855908133,107,0.06933883639043853,0.053140964606460776,9,safe_workhorse
home_credit,REGION_RATING_CLIENT,gbm,random,AMT_ANNUITY,0.0013214232236582468,0.0007757067390927389,24,0.06825303383122329,0.04307568861920504,10,leaky_and_relied_on
home_credit,REGION_RATING_CLIENT,gbm,random,DAYS_BIRTH,0.0005193354734338573,0.0007385231272473651,48,0.05865693398533343,0.07221100695936025,11,safe_workhorse
home_credit,REGION_RATING_CLIENT,gbm,random,ENTRANCES_MODE,0.0009612497618040949,0.0004354481440887387,33,0.05579623994390578,0.03126991277474403,12,leaky_and_relied_on
home_credit,REGION_RATING_CLIENT,gbm,random,YEARS_BUILD_MODE,0.006615988348599422,0.0010979224222063544,7,0.03985599146852035,0.03264675741893326,13,leaky_and_relied_on
home_credit,REGION_RATING_CLIENT,gbm,random,DAYS_ID_PUBLISH,0.00015162225267719708,0.00015135482930319982,62,0.03924306021808897,0.035803481448981864,14,safe_workhorse
home_credit,REGION_RATING_CLIENT,gbm,random,FLOORSMAX_AVG,0.002940505058574683,0.0004155078060870666,12,0.03653683354992971,0.026543152203196294,15,leaky_and_relied_on
home_credit,REGION_RATING_CLIENT,gbm,random,YEARS_BEGINEXPLUATATION_MODE,0.0006980327794367192,0.0003948521406352295,44,0.030385399259063216,0.038209736556302,16,leaky_and_relied_on
home_credit,REGION_RATING_CLIENT,gbm,random,NONLIVINGAREA_MODE,0.00028856339571488033,0.0004932246722410357,57,0.03010634958938572,0.02560294141811149,17,safe_workhorse
home_credit,REGION_RATING_CLIENT,gbm,random,DAYS_LAST_PHONE_CHANGE,0.002742270872085073,0.001379659780337928,15,0.028526124145586335,0.03596902926360953,18,leaky_and_relied_on
home_credit,REGION_RATING_CLIENT,gbm,random,LANDAREA_MEDI,8.197315351576862e-05,0.0005286844484183716,63,0.022219562408413662,0.019771899685752284,19,safe_workhorse
home_credit,REGION_RATING_CLIENT,gbm,random,FLOORSMIN_MEDI,0.00614836240324681,0.0009624429101613651,8,0.016868988337682873,0.012713088007952096,20,leaky_and_relied_on
home_credit,REGION_RATING_CLIENT,gbm,random,COMMONAREA_AVG,-8.601950733218011e-05,0.0003682154784465427,103,0.01647514451931039,0.017816518457372938,21,safe_workhorse
home_credit,REGION_RATING_CLIENT,gbm,random,WALLSMATERIAL_MODE,0.006822032097163122,0.0010986122242285427,5,0.015819176437565162,0.013338756919040608,22,leaky_and_relied_on
home_credit,REGION_RATING_CLIENT,gbm,random,COMMONAREA_MODE,0.0006525657239681015,0.000218010416088232,46,0.014845343187632332,0.01478734500328441,23,leaky_and_relied_on
home_credit,REGION_RATING_CLIENT,gbm,random,NAME_FAMILY_STATUS,0.0001913271231585467,0.00031771706878696155,59,0.014643405544718352,0.01729953233053342,24,safe_workhorse
home_credit,REGION_RATING_CLIENT,gbm,random,LIVINGAPARTMENTS_MODE,5.668061949581915e-05,0.000460043065081265,64,0.013701048126713024,0.017972799318298212,25,safe_workhorse
home_credit,REGION_RATING_CLIENT,gbm,random,AMT_INCOME_TOTAL,0.0047235999532862175,0.001377371673427449,11,0.013557310162034607,0.020376635695255454,26,leaky_and_relied_on
home_credit,REGION_RATING_CLIENT,gbm,random,COMMONAREA_MEDI,0.0009747004076082977,0.00040039005592835806,32,0.013259751971649124,0.016795886282930987,27,leaky_and_relied_on
home_credit,REGION_RATING_CLIENT,gbm,random,LIVINGAREA_AVG,0.000912881266389376,0.0003166768555168245,35,0.011914190566727417,0.01293759316116663,28,leaky_and_relied_on
home_credit,REGION_RATING_CLIENT,gbm,random,LIVINGAPARTMENTS_MEDI,0.0011367830184929374,0.0006434545212800967,28,0.01139912193885254,0.018593281723457315,29,leaky_and_relied_on
home_credit,REGION_RATING_CLIENT,gbm,random,WEEKDAY_APPR_PROCESS_START,-0.00036132632400793786,0.0014339537012133714,113,0.010039926527407239,0.012740336747211306,30,safe_workhorse
home_credit,REGION_RATING_CLIENT,gbm,random,DEF_60_CNT_SOCIAL_CIRCLE,-0.0004715737645071272,0.0007434949793980994,115,0.009411178882308364,0.024465947884265943,31,safe_workhorse
home_credit,REGION_RATING_CLIENT,gbm,random,CNT_FAM_MEMBERS,0.0009191182144337561,0.0004420781575177489,34,0.00939457879984365,0.01204935127788422,32,leaky_and_relied_on
home_credit,REGION_RATING_CLIENT,gbm,random,FLAG_OWN_CAR,-0.000177182378105889,0.0006122481914795027,106,0.00932150917726197,0.010374654720311566,33,safe_workhorse
home_credit,REGION_RATING_CLIENT,gbm,random,LIVINGAREA_MODE,0.00027631670360459546,0.00019177868640358922,58,0.009111382935005914,0.010556802310056904,34,safe_workhorse
home_credit,REGION_RATING_CLIENT,gbm,random,FLOORSMAX_MODE,0.000355243629727231,0.0010065531819106732,52,0.00897333122883252,0.013553997602498796,35,safe_workhorse
home_credit,REGION_RATING_CLIENT,gbm,random,BASEMENTAREA_AVG,0.002651082655878989,0.0006636506756113695,16,0.008952911244554336,0.014474378987615878,36,leaky_and_relied_on
home_credit,REGION_RATING_CLIENT,gbm,random,HOUR_APPR_PROCESS_START,0.029058002678101703,0.004537851896428082,1,0.008772637621289945,0.014423933975350542,37,leaky_and_relied_on
home_credit,REGION_RATING_CLIENT,gbm,random,FLOORSMAX_MEDI,0.002790325415664774,0.000785852556292613,14,0.00843575661735913,0.009878330274539894,38,leaky_and_relied_on
home_credit,REGION_RATING_CLIENT,gbm,random,OCCUPATION_TYPE,0.0019237417109049914,0.001157652376471795,19,0.00838399298775873,0.013282364708281752,39,leaky_and_relied_on
home_credit,REGION_RATING_CLIENT,gbm,random,TOTALAREA_MODE,-0.00032676346797004817,0.0007353702670196438,111,0.008077730600557491,0.012058082963922906,40,safe_workhorse
home_credit,REGION_RATING_CLIENT,gbm,random,LIVINGAPARTMENTS_AVG,0.0003953709823532936,0.00035797803310160594,50,0.00754439425185805,0.011603452329628205,41,safe_workhorse
home_credit,REGION_RATING_CLIENT,gbm,random,OWN_CAR_AGE,0.0018590137114808726,0.0016588434562334932,20,0.007479623852358495,0.014393547626708499,42,leaky_and_relied_on
home_credit,REGION_RATING_CLIENT,gbm,random,NONLIVINGAREA_AVG,-0.0002480835620278121,0.0004957325503585176,109,0.007282033635356928,0.01130078901165654,43,safe_workhorse
home_credit,REGION_RATING_CLIENT,gbm,random,BASEMENTAREA_MODE,0.0011231171904870552,0.0011456291416281892,29,0.006988915672951,0.0090496014777463,44,leaky_and_relied_on
home_credit,REGION_RATING_CLIENT,gbm,random,ENTRANCES_MEDI,0.0022906483751599094,0.0008184951685605493,18,0.006864425755080511,0.013570375793279393,45,leaky_and_relied_on
home_credit,REGION_RATING_CLIENT,gbm,random,ORGANIZATION_TYPE,0.0012351934655080664,0.0003319438444809592,26,0.0064304411290218135,0.011378558009445316,46,leaky_and_relied_on
home_credit,REGION_RATING_CLIENT,gbm,random,LIVE_CITY_NOT_WORK_CITY,0.0008735850286389013,0.0002868683344054196,38,0.006216028900780536,0.01564362984103432,47,leaky_and_relied_on
home_credit,REGION_RATING_CLIENT,gbm,random,BASEMENTAREA_MEDI,0.001227651899078519,0.0003292069097354458,27,0.006168680708100807,0.011298809725336936,48,leaky_and_relied_on
home_credit,REGION_RATING_CLIENT,gbm,random,APARTMENTS_AVG,0.0008181823297117141,0.0006207779089057175,42,0.006033615698915819,0.01472225309056563,49,leaky_and_relied_on
home_credit,REGION_RATING_CLIENT,gbm,random,AMT_REQ_CREDIT_BUREAU_YEAR,0.000792058717134414,0.0005328244836078872,43,0.0058556211488429875,0.012512544591873008,50,leaky_and_relied_on
home_credit,REGION_RATING_CLIENT,gbm,random,DAYS_REGISTRATION,0.0016951314968488118,0.001129023700905047,21,0.005822142364363912,0.01102752299867347,51,leaky_and_relied_on
home_credit,REGION_RATING_CLIENT,gbm,random,LANDAREA_AVG,0.0008248448730265645,0.00042491402426523894,40,0.005749325333040236,0.009766605618344665,52,leaky_and_relied_on
home_credit,REGION_RATING_CLIENT,gbm,random,FLAG_EMP_PHONE,0.013713644961137583,0.0019566974899886884,3,0.005623694602974324,0.013726138784336565,53,leaky_and_relied_on
home_credit,REGION_RATING_CLIENT,gbm,random,YEARS_BUILD_MEDI,0.00033688127166127125,0.00032780317186485144,54,0.005165942626426767,0.012252092448431735,54,safe_workhorse
home_credit,REGION_RATING_CLIENT,gbm,random,APARTMENTS_MODE,0.0006862497638521648,0.0005030866616551076,45,0.00503896120657186,0.01209014011706757,55,leaky_and_relied_on
home_credit,REGION_RATING_CLIENT,gbm,random,APARTMENTS_MEDI,0.0008182483413580633,0.00028328129277621454,41,0.004894285846206934,0.008846914127008405,56,leaky_and_relied_on
home_credit,REGION_RATING_CLIENT,gbm,random,REG_CITY_NOT_WORK_CITY,8.922484788254081e-06,4.02048851850387e-05,75,0.004291506837214834,0.017158362530997902,57,safe_workhorse
home_credit,REGION_RATING_CLIENT,gbm,random,OBS_30_CNT_SOCIAL_CIRCLE,-0.000394341823981903,0.0005640752588598676,114,0.004198514459845945,0.010941704429945933,58,safe_workhorse
home_credit,REGION_RATING_CLIENT,gbm,random,YEARS_BEGINEXPLUATATION_AVG,0.005782907053590658,0.0008410215454731242,9,0.003670390279453261,0.010936027814117342,59,leaky_and_relied_on
home_credit,REGION_RATING_CLIENT,gbm,random,FLOORSMIN_AVG,0.001357952425515574,0.0008251927879688899,23,0.0036554793903298185,0.007603093146025539,60,leaky_and_relied_on
home_credit,REGION_RATING_CLIENT,gbm,random,REG_REGION_NOT_WORK_REGION,3.9008683231167575e-05,0.00011968375653539531,70,0.0036472019074502105,0.019858755694865022,61,safe_workhorse
home_credit,REGION_RATING_CLIENT,gbm,random,FLAG_DOCUMENT_16,0.0,0.0,87,0.0035781798081512464,0.020680513839347155,62,safe_workhorse
home_credit,REGION_RATING_CLIENT,gbm,random,CNT_CHILDREN,4.852520891578394e-05,0.00014216584940627302,67,0.0035718658679455844,0.012306455041816038,63,safe_workhorse
home_credit,REGION_RATING_CLIENT,gbm,random,LIVINGAREA_MEDI,5.616015905036686e-05,0.000515193829908297,65,0.003349002455954837,0.008631196083990286,64,safe_workhorse
home_credit,REGION_RATING_CLIENT,gbm,random,FLAG_EMAIL,3.5112863280262195e-05,4.950310588071927e-05,71,0.0032049106690895954,0.010868963470894803,65,safe_workhorse
home_credit,REGION_RATING_CLIENT,gbm,random,FLOORSMIN_MODE,-0.0010703372559424328,0.0004586089759938164,116,0.0031931679296834043,0.008276490042028822,66,safe_workhorse
home_credit,REGION_RATING_CLIENT,gbm,random,FLAG_DOCUMENT_3,0.00090298966797564,0.0007219685106754909,36,0.0031578833342532846,0.009539048449555517,67,leaky_and_relied_on
home_credit,REGION_RATING_CLIENT,gbm,random,OBS_60_CNT_SOCIAL_CIRCLE,-0.0003218664812147276,0.00031166472973112564,110,0.00303917039503875,0.00947736430983291,68,safe_workhorse
home_credit,REGION_RATING_CLIENT,gbm,random,YEARS_BUILD_AVG,0.0026423082571674474,0.0008230766302285078,17,0.0029374191382595277,0.005802629809613631,69,leaky_removable
home_credit,REGION_RATING_CLIENT,gbm,random,LANDAREA_MODE,0.005269730493577196,0.0007055577922543848,10,0.0029038049609005434,0.011773417098910123,70,leaky_removable
home_credit,REGION_RATING_CLIENT,gbm,random,NAME_HOUSING_TYPE,0.0009811732530323302,0.0004172331869851792,31,0.002769032270559521,0.010444584753172177,71,leaky_removable
home_credit,REGION_RATING_CLIENT,gbm,random,NAME_TYPE_SUITE,0.0010338415321691885,0.00023842457645776246,30,0.0025860338285811943,0.008771280361603597,72,leaky_removable
home_credit,REGION_RATING_CLIENT,gbm,random,YEARS_BEGINEXPLUATATION_MEDI,0.001514595091267057,0.0005701816766352174,22,0.0025632529141327394,0.007739951707908384,73,leaky_removable
home_credit,REGION_RATING_CLIENT,gbm,random,DEF_30_CNT_SOCIAL_CIRCLE,0.0008842669831167216,0.00011271460143457629,37,0.002333252748308049,0.009414648135682734,74,leaky_removable
home_credit,REGION_RATING_CLIENT,gbm,random,FLAG_DOCUMENT_6,-2.3139968147556366e-05,0.00020281724498769869,96,0.0022369913449972337,0.02014687798299141,75,low_low
home_credit,REGION_RATING_CLIENT,gbm,random,FLAG_DOCUMENT_8,-0.0003538767611577454,0.00012675196228247994,112,0.0022113227569059203,0.01024263846307422,76,low_low
home_credit,REGION_RATING_CLIENT,gbm,random,AMT_REQ_CREDIT_BUREAU_MON,-6.615073643703173e-05,7.334521778836278e-05,101,0.0020735417736211493,0.005867244383985963,77,low_low
home_credit,REGION_RATING_CLIENT,gbm,random,NONLIVINGAREA_MEDI,-9.399728865879808e-05,0.0007490435517532741,104,0.0018868725243456467,0.007475548927977077,78,low_low
home_credit,REGION_RATING_CLIENT,gbm,random,FONDKAPREMONT_MODE,-0.00022095088142795038,0.00039795330086548605,108,0.0017240447548800897,0.00940121523512772,79,low_low
home_credit,REGION_RATING_CLIENT,gbm,random,FLAG_WORK_PHONE,1.7394922028057813e-05,7.983263933313708e-05,74,0.0017190729848817025,0.007624662768168507,80,low_low
home_credit,REGION_RATING_CLIENT,gbm,random,FLAG_PHONE,0.0003480957466347245,0.00022477541878779766,53,0.0012424635044121968,0.00585125041458018,81,low_low
home_credit,REGION_RATING_CLIENT,gbm,random,ELEVATORS_MEDI,-3.165731209699985e-05,0.00015048265959746263,98,0.0012212610562069193,0.0048804488176154535,82,low_low
home_credit,REGION_RATING_CLIENT,gbm,random,FLAG_OWN_REALTY,0.0003209877717829768,0.00013336201782327092,55,0.001216977421394764,0.004767361004005495,83,low_low
home_credit,REGION_RATING_CLIENT,gbm,random,NAME_EDUCATION_TYPE,2.22071287944825e-05,7.485826629965722e-05,72,0.0011779240255458347,0.006569345125260988,84,low_low
home_credit,REGION_RATING_CLIENT,gbm,random,NONLIVINGAPARTMENTS_MODE,0.00039490336840215524,6.108900821425492e-05,51,0.001000005091617786,0.004289119975281596,85,low_low
home_credit,REGION_RATING_CLIENT,gbm,random,NONLIVINGAPARTMENTS_AVG,0.0002985627515860845,7.406033826007883e-05,56,0.0009055253611895939,0.0034010634048560876,86,low_low
home_credit,REGION_RATING_CLIENT,gbm,random,AMT_REQ_CREDIT_BUREAU_QRT,0.00016000169131531462,0.0001855203142338547,61,0.0008180985081075056,0.005165845102081363,87,low_low
home_credit,REGION_RATING_CLIENT,gbm,random,REG_CITY_NOT_LIVE_CITY,2.0342677703766297e-05,6.36722483832901e-05,73,0.0005774294538504808,0.003766544077445537,88,low_low
home_credit,REGION_RATING_CLIENT,gbm,random,AMT_REQ_CREDIT_BUREAU_WEEK,-9.662679049242673e-05,5.048405925917966e-05,105,0.0003903400245307662,0.0024899081876347115,89,low_low
home_credit,REGION_RATING_CLIENT,gbm,random,LIVE_REGION_NOT_WORK_REGION,0.0008357702443615667,0.0002209021464683525,39,0.00028592481985496697,0.0020072454856412815,90,leaky_removable
home_credit,REGION_RATING_CLIENT,gbm,random,HOUSETYPE_MODE,-3.6423242383176735e-05,2.3690965236515995e-05,99,0.00020568689934433987,0.0012061162875029192,91,low_low
home_credit,REGION_RATING_CLIENT,gbm,random,REG_REGION_NOT_LIVE_REGION,-2.3446185552433717e-05,5.021280428511737e-05,97,0.00017261266374540545,0.001004649892559107,92,low_low
home_credit,REGION_RATING_CLIENT,gbm,random,NONLIVINGAPARTMENTS_MEDI,-4.265464172648059e-05,5.303944537161677e-06,100,0.0,0.0,115,low_low
home_credit,REGION_RATING_CLIENT,gbm,random,EMERGENCYSTATE_MODE,-7.271584808525855e-05,2.6147386937269205e-05,102,0.0,0.0,97,low_low
home_credit,REGION_RATING_CLIENT,gbm,random,FLAG_DOCUMENT_18,5.412251882002117e-05,8.830948850416564e-05,66,0.0,0.0,94,low_low
home_credit,REGION_RATING_CLIENT,gbm,random,FLAG_DOCUMENT_14,0.0,0.0,92,0.0,0.0,105,low_low
home_credit,REGION_RATING_CLIENT,gbm,random,FLAG_MOBIL,0.0,0.0,95,0.0,0.0,114,low_low
home_credit,REGION_RATING_CLIENT,gbm,random,FLAG_DOCUMENT_2,0.0,0.0,94,0.0,0.0,113,low_low
home_credit,REGION_RATING_CLIENT,gbm,random,ELEVATORS_AVG,4.783785287056919e-05,0.00010717610428063806,69,0.0,0.0,102,low_low
home_credit,REGION_RATING_CLIENT,gbm,random,ELEVATORS_MODE,0.0001700116354172998,0.00023548630302276015,60,0.0,0.0,103,low_low
home_credit,REGION_RATING_CLIENT,gbm,random,AMT_REQ_CREDIT_BUREAU_DAY,1.2669669787301885e-06,2.194374425996872e-05,76,0.0,0.0,101,low_low
home_credit,REGION_RATING_CLIENT,gbm,random,FLAG_DOCUMENT_5,0.0,0.0,78,0.0,0.0,111,low_low
home_credit,REGION_RATING_CLIENT,gbm,random,FLAG_DOCUMENT_7,0.0,0.0,79,0.0,0.0,110,low_low
home_credit,REGION_RATING_CLIENT,gbm,random,FLAG_DOCUMENT_9,0.0,0.0,80,0.0,0.0,109,low_low
home_credit,REGION_RATING_CLIENT,gbm,random,FLAG_DOCUMENT_10,0.0,0.0,81,0.0,0.0,108,low_low
home_credit,REGION_RATING_CLIENT,gbm,random,FLAG_DOCUMENT_11,0.0,0.0,82,0.0,0.0,107,low_low
home_credit,REGION_RATING_CLIENT,gbm,random,FLAG_DOCUMENT_19,0.0,0.0,83,0.0,0.0,95,low_low
home_credit,REGION_RATING_CLIENT,gbm,random,FLAG_DOCUMENT_13,0.0,0.0,84,0.0,0.0,104,low_low
home_credit,REGION_RATING_CLIENT,gbm,random,FLAG_DOCUMENT_4,0.0,0.0,85,0.0,0.0,112,low_low
home_credit,REGION_RATING_CLIENT,gbm,random,FLAG_DOCUMENT_15,0.0,0.0,86,0.0,0.0,99,low_low
home_credit,REGION_RATING_CLIENT,gbm,random,FLAG_DOCUMENT_17,0.0,0.0,88,0.0,0.0,93,low_low
home_credit,REGION_RATING_CLIENT,gbm,random,AMT_REQ_CREDIT_BUREAU_HOUR,0.0,0.0,89,0.0,0.0,100,low_low
home_credit,REGION_RATING_CLIENT,gbm,random,FLAG_DOCUMENT_21,0.0,0.0,90,0.0,0.0,98,low_low
home_credit,REGION_RATING_CLIENT,gbm,random,FLAG_DOCUMENT_20,0.0,0.0,91,0.0,0.0,96,low_low
home_credit,REGION_RATING_CLIENT,gbm,random,NAME_CONTRACT_TYPE,0.0,0.0,93,0.0,0.0,116,low_low
home_credit,REGION_RATING_CLIENT,gbm,random,FLAG_DOCUMENT_12,0.0,0.0,77,0.0,0.0,106,low_low
