dataset,attribute,model,arm,feature,leakage_drop_before,shap_importance_before,quadrant_before,leakage_drop_after,shap_importance_after,quadrant_after,transition,leakage_change,shap_change,leakage_emerged,n_unique_before,n_unique_after
home_credit,CODE_GENDER,gbm,single_pass,EXT_SOURCE_3,0.0016299704644349,0.3629704776136346,leaky_and_relied_on,0.0011246716955862,0.3540544987405226,leaky_and_relied_on,stayed_danger,-0.0005052987688487,-0.0089159788731119,False,667.0,667.0
home_credit,CODE_GENDER,gbm,single_pass,EXT_SOURCE_2,0.0001211625173714,0.2700077787832096,safe_workhorse,0.0010286046124087,0.2752116854679181,leaky_and_relied_on,entered_danger,0.0009074420950373,0.0052039066847085,True,13660.0,13660.0
home_credit,CODE_GENDER,gbm,single_pass,EXT_SOURCE_1,0.0308244136308711,0.1571862159466411,leaky_and_relied_on,0.0228793752733807,0.1237556132012991,leaky_and_relied_on,stayed_danger,-0.0079450383574904,-0.0334306027453419,False,6529.0,2998.0
home_credit,CODE_GENDER,gbm,single_pass,DAYS_EMPLOYED,0.0041075061984621,0.0887950603043712,leaky_and_relied_on,0.0115977888721121,0.0886477464466127,leaky_and_relied_on,stayed_danger,0.0074902826736499,-0.0001473138577585,False,5181.0,5181.0
home_credit,CODE_GENDER,gbm,single_pass,AMT_CREDIT,0.0008239667560342,0.0839770637519708,leaky_and_relied_on,0.0003512039974825,0.0777488620749888,leaky_and_relied_on,stayed_danger,-0.0004727627585517,-0.006228201676982,False,2217.0,2217.0
home_credit,CODE_GENDER,gbm,single_pass,NAME_EDUCATION_TYPE,0.0003579841674226,0.0725168939233998,leaky_and_relied_on,0.0003755069442809,0.0694394260917695,leaky_and_relied_on,stayed_danger,1.7522776858291955e-05,-0.0030774678316302,False,5.0,5.0
home_credit,CODE_GENDER,gbm,single_pass,DAYS_BIRTH,0.0147218182126371,0.0701959899373411,leaky_and_relied_on,0.0097660423113423,0.0327041225427995,leaky_and_relied_on,stayed_danger,-0.0049557759012947,-0.0374918673945415,False,9756.0,6615.0
home_credit,CODE_GENDER,gbm,single_pass,AMT_GOODS_PRICE,0.0004302766287322,0.0692202229313662,leaky_and_relied_on,0.0010258309065241,0.0588402735957226,leaky_and_relied_on,stayed_danger,0.0005955542777919,-0.0103799493356436,False,400.0,400.0
home_credit,CODE_GENDER,gbm,single_pass,NAME_INCOME_TYPE,0.0034200674098584,0.0468379733301571,leaky_and_relied_on,0.0003805700581973,0.0126935882849998,leaky_and_relied_on,stayed_danger,-0.003039497351661,-0.0341443850451572,False,7.0,12.0
home_credit,CODE_GENDER,gbm,single_pass,OWN_CAR_AGE,0.0394973956882961,0.0462350807432938,leaky_and_relied_on,0.0542589263248683,0.0437566563770718,leaky_and_relied_on,stayed_danger,0.0147615306365722,-0.0024784243662219,False,52.0,52.0
home_credit,CODE_GENDER,gbm,single_pass,ORGANIZATION_TYPE,0.0092835935957332,0.0379384294787192,leaky_and_relied_on,0.0075504236615604,0.046623655876549,leaky_and_relied_on,stayed_danger,-0.0017331699341728,0.0086852263978298,False,57.0,57.0
home_credit,CODE_GENDER,gbm,single_pass,NAME_CONTRACT_TYPE,-0.0002238336621789,0.0358026025868618,safe_workhorse,0.0002249783661948,0.0359192440767126,leaky_and_relied_on,entered_danger,0.0004488120283737,0.0001166414898507,True,2.0,2.0
home_credit,CODE_GENDER,gbm,single_pass,AMT_ANNUITY,-0.0004193579135039,0.0348627782938948,safe_workhorse,-0.0002776787780019,0.0279534524234656,safe_workhorse,never_danger,0.0001416791355019,-0.0069093258704291,False,5242.0,5135.0
home_credit,CODE_GENDER,gbm,single_pass,DAYS_ID_PUBLISH,0.0049035157602628,0.032820894232603,leaky_and_relied_on,0.0044982465115696,0.0278276461570569,leaky_and_relied_on,stayed_danger,-0.0004052692486932,-0.0049932480755461,False,4987.0,4987.0
home_credit,CODE_GENDER,gbm,single_pass,DAYS_LAST_PHONE_CHANGE,-7.23364883870703e-05,0.0266571429867275,safe_workhorse,0.0002471680132716,0.0309702389608306,leaky_and_relied_on,entered_danger,0.0003195045016586,0.004313095974103,True,2930.0,2930.0
home_credit,CODE_GENDER,gbm,single_pass,FLAG_DOCUMENT_3,0.0002120344054,0.0245182698636316,leaky_and_relied_on,0.0021118028009587,0.0052016663637475,leaky_and_relied_on,stayed_danger,0.0018997683955586,-0.0193166034998841,False,2.0,4.0
home_credit,CODE_GENDER,gbm,single_pass,LIVINGAREA_MEDI,0.0001600384268332,0.019125815061898,safe_workhorse,4.019672178794398e-05,0.0040436560360896,safe_workhorse,never_danger,-0.0001198417050453,-0.0150821590258083,False,2542.0,2542.0
home_credit,CODE_GENDER,gbm,single_pass,DAYS_REGISTRATION,5.956863590244055e-05,0.0175054204768961,safe_workhorse,0.0007016155075695,0.0093730932150265,leaky_and_relied_on,entered_danger,0.0006420468716671,-0.0081323272618696,True,8430.0,6512.0
home_credit,CODE_GENDER,gbm,single_pass,BASEMENTAREA_AVG,8.052552480823927e-05,0.0160386972386186,safe_workhorse,0.0001474026555813,0.0049835155771665,safe_workhorse,never_danger,6.687713077306867e-05,-0.011055181661452,False,1952.0,1952.0
home_credit,CODE_GENDER,gbm,single_pass,AMT_REQ_CREDIT_BUREAU_QRT,-5.4153305365733925e-06,0.0137724968458448,safe_workhorse,-5.5562171846856855e-05,0.0108632041870105,safe_workhorse,never_danger,-5.014684131028346e-05,-0.0029092926588342,False,8.0,8.0
home_credit,CODE_GENDER,gbm,single_pass,NONLIVINGAREA_AVG,-3.2139766599215136e-05,0.0130510305944666,safe_workhorse,-4.8429785286474567e-05,0.0049314677418427,safe_workhorse,never_danger,-1.629001868725943e-05,-0.0081195628526239,False,1223.0,1223.0
home_credit,CODE_GENDER,gbm,single_pass,HOUR_APPR_PROCESS_START,-1.144704015862974e-05,0.01279224869735,safe_workhorse,0.0003152338751379,0.0085134327877436,leaky_and_relied_on,entered_danger,0.0003266809152965,-0.0042788159096063,True,23.0,23.0
home_credit,CODE_GENDER,gbm,single_pass,ENTRANCES_AVG,-0.0001181686760991,0.0125941145132403,safe_workhorse,-4.0504911330541125e-05,0.0133240738700087,safe_workhorse,never_danger,7.766376476856519e-05,0.0007299593567683,False,121.0,121.0
home_credit,CODE_GENDER,gbm,single_pass,AMT_INCOME_TOTAL,0.0261824627382332,0.0115897772426679,leaky_and_relied_on,0.0268941164194804,0.0163827835913458,leaky_and_relied_on,stayed_danger,0.0007116536812471,0.0047930063486778,False,369.0,395.0
home_credit,CODE_GENDER,gbm,single_pass,OBS_30_CNT_SOCIAL_CIRCLE,-6.194609808929386e-05,0.0112274814511229,safe_workhorse,0.0001415030271918,0.0056244490411028,safe_workhorse,never_danger,0.0002034491252811,-0.00560303241002,False,25.0,25.0
home_credit,CODE_GENDER,gbm,single_pass,YEARS_BEGINEXPLUATATION_AVG,6.097750238354127e-05,0.0097819394956773,safe_workhorse,4.0769073795776654e-05,0.0068728152336079,safe_workhorse,never_danger,-2.0208428587764617e-05,-0.0029091242620694,False,132.0,132.0
home_credit,CODE_GENDER,gbm,single_pass,AMT_REQ_CREDIT_BUREAU_YEAR,0.0005009841152506,0.0097170210685116,leaky_and_relied_on,0.0009792062314164,0.0105000703912884,leaky_and_relied_on,stayed_danger,0.0004782221161658,0.0007830493227767,False,14.0,14.0
home_credit,CODE_GENDER,gbm,single_pass,NONLIVINGAREA_MEDI,4.5259835704114514e-05,0.0091068441921728,safe_workhorse,5.94365546699116e-05,0.0057868106971406,safe_workhorse,never_danger,1.4176718965797089e-05,-0.0033200334950322,False,1228.0,1228.0
home_credit,CODE_GENDER,gbm,single_pass,LIVINGAREA_AVG,-2.637221944234991e-05,0.0085888855669877,safe_workhorse,0.0002047259105295,0.0048349472969453,leaky_and_relied_on,entered_danger,0.0002310981299719,-0.0037539382700424,True,2534.0,2534.0
home_credit,CODE_GENDER,gbm,single_pass,OCCUPATION_TYPE,0.127942247040775,0.0085621552092302,leaky_and_relied_on,0.1332557869741049,0.0090747195000512,leaky_and_relied_on,stayed_danger,0.0053135399333299,0.0005125642908209,False,19.0,19.0
home_credit,CODE_GENDER,gbm,single_pass,LANDAREA_MODE,-9.641929979780084e-05,0.0077281408944803,safe_workhorse,0.0002575584035694,0.0072720244485701,leaky_and_relied_on,entered_danger,0.0003539777033672,-0.0004561164459101,True,1773.0,1773.0
home_credit,CODE_GENDER,gbm,single_pass,APARTMENTS_MODE,-7.832417093165401e-05,0.0074753120167511,safe_workhorse,-7.207232592183477e-05,0.0041581892857701,safe_workhorse,never_danger,6.251845009819243e-06,-0.003317122730981,False,483.0,483.0
home_credit,CODE_GENDER,gbm,single_pass,BASEMENTAREA_MEDI,-7.607878997741845e-05,0.0074513559216512,safe_workhorse,-4.283834643976636e-05,0.0071292818020935,safe_workhorse,never_danger,3.3240443537652095e-05,-0.0003220741195577,False,1949.0,1949.0
home_credit,CODE_GENDER,gbm,single_pass,LIVINGAREA_MODE,4.671272926271008e-05,0.0064932504162312,safe_workhorse,0.0001639568367337,0.002011808565733,low_low,never_danger,0.000117244107471,-0.0044814418504982,False,2491.0,2491.0
home_credit,CODE_GENDER,gbm,single_pass,YEARS_BEGINEXPLUATATION_MEDI,0.0001448490850842,0.0062959054286724,safe_workhorse,0.0001761083101328,0.0075476583292362,leaky_and_relied_on,entered_danger,3.1259225048607686e-05,0.0012517529005638,True,130.0,130.0
home_credit,CODE_GENDER,gbm,single_pass,TOTALAREA_MODE,-7.198427176677847e-05,0.0062895914562826,safe_workhorse,0.0004454219434037,0.0041828988697474,leaky_and_relied_on,entered_danger,0.0005174062151704,-0.0021066925865352,True,2492.0,2492.0
home_credit,CODE_GENDER,gbm,single_pass,LANDAREA_AVG,6.586450798968801e-05,0.0056844436881745,safe_workhorse,-0.0002215882812246,0.0039858995597374,safe_workhorse,never_danger,-0.0002874527892143,-0.001698544128437,False,1781.0,1781.0
home_credit,CODE_GENDER,gbm,single_pass,BASEMENTAREA_MODE,6.753753693595765e-05,0.0054408669195898,safe_workhorse,0.0001756680393576,0.0051357154775279,leaky_and_relied_on,entered_danger,0.0001081305024217,-0.0003051514420618,True,1957.0,1957.0
home_credit,CODE_GENDER,gbm,single_pass,APARTMENTS_AVG,-0.0001002056284656,0.0052522974430863,safe_workhorse,2.9366060714663965e-05,0.0082271457140296,safe_workhorse,never_danger,0.0001295716891802,0.0029748482709432,False,894.0,894.0
home_credit,CODE_GENDER,gbm,single_pass,WEEKDAY_APPR_PROCESS_START,-6.727337447076653e-05,0.0052342809779276,safe_workhorse,-0.0002453188760151,0.0018783025188178,low_low,never_danger,-0.0001780455015443,-0.0033559784591097,False,7.0,7.0
home_credit,CODE_GENDER,gbm,single_pass,DEF_60_CNT_SOCIAL_CIRCLE,7.81480626215636e-05,0.0051780589452955,safe_workhorse,1.2899933717358536e-05,0.0023943063718216,low_low,never_danger,-6.524812890420507e-05,-0.0027837525734739,False,7.0,7.0
home_credit,CODE_GENDER,gbm,single_pass,APARTMENTS_MEDI,0.0001062813651651,0.0050575620538058,safe_workhorse,0.0001986061467524,0.0012128907792964,leaky_removable,never_danger,9.232478158733848e-05,-0.0038446712745094,True,649.0,649.0
home_credit,CODE_GENDER,gbm,single_pass,ELEVATORS_AVG,-0.000147138493116,0.0050493783957501,safe_workhorse,2.267394492967423e-05,0.0053452476660596,safe_workhorse,never_danger,0.0001698124380457,0.0002958692703094,False,107.0,107.0
home_credit,CODE_GENDER,gbm,single_pass,LANDAREA_MEDI,-0.0002095688890581,0.0046024584049162,safe_workhorse,0.0002147640842071,0.0071330993914034,leaky_and_relied_on,entered_danger,0.0004243329732652,0.0025306409864872,True,1775.0,1775.0
home_credit,CODE_GENDER,gbm,single_pass,FLAG_EMAIL,-0.0001116086415466,0.0044766723846136,safe_workhorse,-0.0001485033325194,0.0026127225100868,low_low,never_danger,-3.689469097281072e-05,-0.0018639498745267,False,2.0,2.0
home_credit,CODE_GENDER,gbm,single_pass,REG_REGION_NOT_WORK_REGION,0.0001381129422217,0.0042757484800595,safe_workhorse,9.782816627892376e-05,0.0,low_low,never_danger,-4.028477594284486e-05,-0.0042757484800595,False,2.0,2.0
home_credit,CODE_GENDER,gbm,single_pass,LIVINGAPARTMENTS_AVG,0.0001936310869911,0.0039641483820987,leaky_and_relied_on,0.0001521575799549,0.0054395147051083,safe_workhorse,left_danger,-4.147350703624932e-05,0.0014753663230095,False,715.0,715.0
home_credit,CODE_GENDER,gbm,single_pass,OBS_60_CNT_SOCIAL_CIRCLE,8.796610091139634e-05,0.003924832978558,safe_workhorse,-2.7208733915506934e-05,0.0048996885734445,safe_workhorse,never_danger,-0.0001151748348269,0.0009748555948865,False,25.0,25.0
home_credit,CODE_GENDER,gbm,single_pass,FLAG_WORK_PHONE,0.0001371003194384,0.0038226917274035,safe_workhorse,0.0002115501075472,0.0056570451233737,leaky_and_relied_on,entered_danger,7.444978810879912e-05,0.0018343533959702,True,2.0,2.0
home_credit,CODE_GENDER,gbm,single_pass,NONLIVINGAREA_MODE,6.987097204513848e-05,0.0037102761473041,safe_workhorse,-0.0001925304100527,0.0020236678707559,low_low,never_danger,-0.0002624013820978,-0.0016866082765482,False,1198.0,1198.0
home_credit,CODE_GENDER,gbm,single_pass,FLAG_PHONE,0.0001344586947864,0.0036653646132829,safe_workhorse,-4.266223812960934e-05,0.0019689970332631,low_low,never_danger,-0.0001771209329161,-0.0016963675800198,False,2.0,2.0
home_credit,CODE_GENDER,gbm,single_pass,REG_CITY_NOT_WORK_CITY,0.0001016144949466,0.0036258989596499,safe_workhorse,-0.0004503089490097,0.0017321682600427,low_low,never_danger,-0.0005519234439563,-0.0018937306996072,False,2.0,4.0
home_credit,CODE_GENDER,gbm,single_pass,COMMONAREA_MODE,-0.0002918554969677,0.0033191274576125,safe_workhorse,-0.0007377617382241,0.0012142635883488,low_low,never_danger,-0.0004459062412563,-0.0021048638692637,False,1239.0,1239.0
home_credit,CODE_GENDER,gbm,single_pass,FLOORSMIN_AVG,0.0001060612297774,0.0031301352336061,safe_workhorse,7.999719987796805e-05,0.0018026033990636,low_low,never_danger,-2.6064029899530727e-05,-0.0013275318345424,False,97.0,97.0
home_credit,CODE_GENDER,gbm,single_pass,COMMONAREA_AVG,0.000181479613592,0.0031074522880628,leaky_and_relied_on,0.0002043296668317,0.0026001050391644,leaky_removable,left_danger,2.285005323976463e-05,-0.0005073472488984,False,1264.0,1264.0
home_credit,CODE_GENDER,gbm,single_pass,LIVINGAPARTMENTS_MODE,0.0001259614688225,0.0030710731911539,safe_workhorse,-0.0002928681197508,0.0036647965259549,safe_workhorse,never_danger,-0.0004188295885734,0.000593723334801,False,450.0,450.0
home_credit,CODE_GENDER,gbm,single_pass,COMMONAREA_MEDI,9.404183761092532e-05,0.0030554788568271,safe_workhorse,-0.0001541387984437,0.0015227032071195,low_low,never_danger,-0.0002481806360546,-0.0015327756497076,False,1269.0,1269.0
home_credit,CODE_GENDER,gbm,single_pass,YEARS_BUILD_MODE,-5.617855093236202e-05,0.0030015094064692,safe_workhorse,-0.0002966544484188,0.0033612186997482,safe_workhorse,never_danger,-0.0002404758974864,0.000359709293279,False,118.0,118.0
home_credit,CODE_GENDER,gbm,single_pass,DEF_30_CNT_SOCIAL_CIRCLE,-1.532142298150685e-05,0.0029688968488785,low_low,-0.0003059001347007,0.0067464592727487,safe_workhorse,never_danger,-0.0002905787117192,0.0037775624238702,False,8.0,8.0
home_credit,CODE_GENDER,gbm,single_pass,NAME_TYPE_SUITE,0.0008755664909032,0.0028475865528354,leaky_removable,0.0010717951754688,0.0,leaky_removable,never_danger,0.0001962286845656,-0.0028475865528354,False,8.0,8.0
home_credit,CODE_GENDER,gbm,single_pass,ENTRANCES_MEDI,-3.799536791118108e-05,0.002842706143857,low_low,3.900799069451732e-05,0.0052665610659777,safe_workhorse,never_danger,7.700335860569841e-05,0.0024238549221206,False,41.0,41.0
home_credit,CODE_GENDER,gbm,single_pass,CNT_FAM_MEMBERS,0.0012236005388033,0.0028031733864255,leaky_removable,0.001485385541816,0.0031607970948613,leaky_and_relied_on,entered_danger,0.0002617850030126,0.0003576237084357,False,9.0,22.0
home_credit,CODE_GENDER,gbm,single_pass,AMT_REQ_CREDIT_BUREAU_MON,1.0126227832696343e-06,0.002707417183146,low_low,0.0001200178133556,0.0037829982903943,safe_workhorse,never_danger,0.0001190051905723,0.0010755811072482,False,19.0,19.0
home_credit,CODE_GENDER,gbm,single_pass,YEARS_BUILD_AVG,8.167022882408226e-05,0.0021487250677496,low_low,-0.0002713829059147,0.0027062834795229,low_low,never_danger,-0.0003530531347388,0.0005575584117733,False,119.0,119.0
home_credit,CODE_GENDER,gbm,single_pass,FLOORSMAX_AVG,0.0001829325071505,0.0020944685357916,leaky_removable,9.800427458903638e-05,0.0055235704750636,safe_workhorse,never_danger,-8.492823256147641e-05,0.0034291019392719,False,140.0,140.0
home_credit,CODE_GENDER,gbm,single_pass,FLAG_OWN_REALTY,0.000115262888982,0.00199954922129,low_low,0.0003997658640017,0.0018536269027495,leaky_removable,never_danger,0.0002845029750197,-0.0001459223185404,True,2.0,2.0
home_credit,CODE_GENDER,gbm,single_pass,NAME_HOUSING_TYPE,0.0013073400402715,0.0019813704251056,leaky_removable,0.0014091746706059,0.001169818167195,leaky_removable,never_danger,0.0001018346303344,-0.0008115522579105,False,6.0,6.0
home_credit,CODE_GENDER,gbm,single_pass,CNT_CHILDREN,0.0004964493262646,0.0018563150089095,leaky_removable,0.0001356033988024,0.0002653627198512,low_low,never_danger,-0.0003608459274621,-0.0015909522890583,False,8.0,8.0
home_credit,CODE_GENDER,gbm,single_pass,YEARS_BUILD_MEDI,0.0,0.0017021538773419,low_low,3.980047809011289e-05,0.0023558679689252,low_low,never_danger,3.980047809011289e-05,0.0006537140915832,False,118.0,118.0
home_credit,CODE_GENDER,gbm,single_pass,NONLIVINGAPARTMENTS_AVG,-0.000349178751916,0.0015385657229729,low_low,9.399781053349708e-05,0.0029891199643964,safe_workhorse,never_danger,0.0004431765624495,0.0014505542414235,False,124.0,124.0
home_credit,CODE_GENDER,gbm,single_pass,FLOORSMAX_MEDI,-5.481371152884496e-05,0.0013129920777929,low_low,0.0,0.0,low_low,never_danger,5.481371152884496e-05,-0.0013129920777929,False,46.0,46.0
home_credit,CODE_GENDER,gbm,single_pass,YEARS_BEGINEXPLUATATION_MODE,-0.0004091876585938,0.0011805280247587,low_low,-9.109202341617272e-05,0.003045102399871,safe_workhorse,never_danger,0.0003180956351776,0.0018645743751123,False,131.0,131.0
home_credit,CODE_GENDER,gbm,single_pass,AMT_REQ_CREDIT_BUREAU_WEEK,0.0,0.0010667595616429,low_low,6.9122511727970345e-06,0.0012498732791872,low_low,never_danger,6.9122511727970345e-06,0.0001831137175443,False,7.0,7.0
home_credit,CODE_GENDER,gbm,single_pass,LIVE_CITY_NOT_WORK_CITY,0.000489052777239,0.0010195020890155,leaky_removable,-0.0001706929795962,0.0005288491288406,low_low,never_danger,-0.0006597457568352,-0.0004906529601749,False,2.0,4.0
home_credit,CODE_GENDER,gbm,single_pass,LIVINGAPARTMENTS_MEDI,-5.84679589640924e-05,0.0008911917377575,low_low,-0.0001268860374506,0.0017501180744359,low_low,never_danger,-6.841807848656513e-05,0.0008589263366783,False,575.0,575.0
home_credit,CODE_GENDER,gbm,single_pass,WALLSMATERIAL_MODE,4.415915876578858e-05,0.0008527486136989,low_low,-4.4027077532593495e-06,0.0028500553745218,low_low,never_danger,-4.8561866519047926e-05,0.0019973067608228,False,8.0,8.0
home_credit,CODE_GENDER,gbm,single_pass,NAME_FAMILY_STATUS,0.0124796072080251,0.0007728740010137,leaky_removable,0.0147542221417015,0.0103754262595143,leaky_and_relied_on,entered_danger,0.0022746149336764,0.0096025522585005,False,5.0,15.0
home_credit,CODE_GENDER,gbm,single_pass,NONLIVINGAPARTMENTS_MODE,-8.365144731303787e-06,0.0007598498797345,low_low,6.441161443122567e-05,0.0,low_low,never_danger,7.277675916252945e-05,-0.0007598498797345,False,57.0,57.0
home_credit,CODE_GENDER,gbm,single_pass,FLOORSMIN_MEDI,0.0,0.0005486183146544,low_low,0.0,0.0008432315698645,low_low,never_danger,0.0,0.0002946132552101,False,41.0,41.0
home_credit,CODE_GENDER,gbm,single_pass,FLAG_DOCUMENT_5,4.063699256315889e-05,0.0004960063376567,low_low,2.756095053586538e-05,0.0,low_low,never_danger,-1.3076042027293509e-05,-0.0004960063376567,False,2.0,2.0
home_credit,CODE_GENDER,gbm,single_pass,FLAG_DOCUMENT_8,0.0144967958193648,0.0004296561249773,leaky_removable,0.0066017281948745,0.0,leaky_removable,never_danger,-0.0078950676244903,-0.0004296561249773,False,2.0,4.0
home_credit,CODE_GENDER,gbm,single_pass,FONDKAPREMONT_MODE,-4.2045859044215206e-05,0.0003989984749144,low_low,0.0,0.0007218739759628,low_low,never_danger,4.2045859044215206e-05,0.0003228755010484,False,5.0,5.0
home_credit,CODE_GENDER,gbm,single_pass,ELEVATORS_MODE,0.0,0.0003377893659874,low_low,-1.0258309065136472e-05,0.0010769110184962,low_low,never_danger,-1.0258309065136472e-05,0.0007391216525088,False,26.0,26.0
home_credit,CODE_GENDER,gbm,single_pass,REG_CITY_NOT_LIVE_CITY,-2.5799867434495027e-05,0.0003190837075763,low_low,1.9636076580020757e-05,0.0018575500162104,low_low,never_danger,4.543594401451578e-05,0.001538466308634,False,2.0,2.0
home_credit,CODE_GENDER,gbm,single_pass,ENTRANCES_MODE,1.6334045764776483e-05,0.0002581738494857,low_low,-7.466992349627332e-05,0.005681632100604,safe_workhorse,never_danger,-9.10039692610498e-05,0.0054234582511183,False,30.0,30.0
home_credit,CODE_GENDER,gbm,single_pass,FLOORSMAX_MODE,-3.1039089660933604e-05,0.0,low_low,0.0,0.0003990226617664,low_low,never_danger,3.1039089660933604e-05,0.0003990226617664,False,26.0,26.0
home_credit,CODE_GENDER,gbm,single_pass,FLAG_DOCUMENT_12,0.0,0.0,low_low,0.0,0.0,low_low,never_danger,0.0,0.0,False,1.0,1.0
home_credit,CODE_GENDER,gbm,single_pass,FLAG_DOCUMENT_13,0.0,0.0,low_low,0.0,0.0,low_low,never_danger,0.0,0.0,False,2.0,2.0
home_credit,CODE_GENDER,gbm,single_pass,FLAG_DOCUMENT_14,0.0,0.0,low_low,0.0,0.0,low_low,never_danger,0.0,0.0,False,2.0,2.0
home_credit,CODE_GENDER,gbm,single_pass,ELEVATORS_MEDI,0.0,0.0,low_low,0.0,0.0012225843842359,low_low,never_danger,0.0,0.0012225843842359,False,38.0,38.0
home_credit,CODE_GENDER,gbm,single_pass,FLAG_DOCUMENT_16,0.0,0.0,low_low,0.0,0.0012803254328132,low_low,never_danger,0.0,0.0012803254328132,False,2.0,2.0
home_credit,CODE_GENDER,gbm,single_pass,FLAG_DOCUMENT_17,0.0,0.0,low_low,0.0,0.0,low_low,never_danger,0.0,0.0,False,2.0,2.0
home_credit,CODE_GENDER,gbm,single_pass,FLAG_DOCUMENT_19,0.0,0.0,low_low,0.0,0.0,low_low,never_danger,0.0,0.0,False,2.0,2.0
home_credit,CODE_GENDER,gbm,single_pass,FLAG_DOCUMENT_18,0.0,0.0,low_low,0.0,0.0,low_low,never_danger,0.0,0.0,False,2.0,2.0
home_credit,CODE_GENDER,gbm,single_pass,NONLIVINGAPARTMENTS_MEDI,-1.4749070973629763e-05,0.0,low_low,0.0001525097965751,0.0,low_low,never_danger,0.0001672588675487,0.0,False,76.0,76.0
home_credit,CODE_GENDER,gbm,single_pass,FLAG_DOCUMENT_20,0.0,0.0,low_low,0.0,0.0,low_low,never_danger,0.0,0.0,False,2.0,2.0
home_credit,CODE_GENDER,gbm,single_pass,FLAG_DOCUMENT_11,0.0,0.0,low_low,0.0,0.0,low_low,never_danger,0.0,0.0,False,2.0,2.0
home_credit,CODE_GENDER,gbm,single_pass,FLAG_DOCUMENT_21,0.0,0.0,low_low,0.0,0.0,low_low,never_danger,0.0,0.0,False,2.0,2.0
home_credit,CODE_GENDER,gbm,single_pass,LIVE_REGION_NOT_WORK_REGION,0.0003103468695316,0.0,leaky_removable,0.0003025981038858,0.000662533576374,leaky_removable,never_danger,-7.74876564575423e-06,0.000662533576374,False,2.0,2.0
home_credit,CODE_GENDER,gbm,single_pass,REG_REGION_NOT_LIVE_REGION,-1.1447040158873988e-06,0.0,low_low,-3.98445051674523e-05,0.0,low_low,never_danger,-3.8699801151564905e-05,0.0,False,2.0,2.0
home_credit,CODE_GENDER,gbm,single_pass,FLAG_CONT_MOBILE,0.0,0.0,low_low,0.0,0.0,low_low,never_danger,0.0,0.0,False,2.0,2.0
home_credit,CODE_GENDER,gbm,single_pass,FLAG_DOCUMENT_9,0.0,0.0,low_low,0.0,0.0,low_low,never_danger,0.0,0.0,False,2.0,2.0
home_credit,CODE_GENDER,gbm,single_pass,FLAG_EMP_PHONE,5.873212142932793e-05,0.0,low_low,0.0002997803709237,0.0329311076167797,leaky_and_relied_on,entered_danger,0.0002410482494944,0.0329311076167797,True,2.0,5.0
home_credit,CODE_GENDER,gbm,single_pass,FLAG_DOCUMENT_6,5.2524303497114566e-05,0.0,low_low,0.0001311126368939,0.0,low_low,never_danger,7.858833339686734e-05,0.0,False,2.0,4.0
home_credit,CODE_GENDER,gbm,single_pass,AMT_REQ_CREDIT_BUREAU_DAY,4.931032683719305e-05,0.0,low_low,0.0001036837675907,0.0,low_low,never_danger,5.437344075358563e-05,0.0,False,7.0,7.0
home_credit,CODE_GENDER,gbm,single_pass,FLOORSMIN_MODE,3.4781391251259565e-05,0.0,low_low,-0.0001105960187633,0.0008095638221021,low_low,never_danger,-0.0001453774100146,0.0008095638221021,False,25.0,25.0
home_credit,CODE_GENDER,gbm,single_pass,AMT_REQ_CREDIT_BUREAU_HOUR,2.32462969374847e-05,0.0,low_low,-4.970657053493533e-05,0.0010176164901125,low_low,never_danger,-7.295286747242003e-05,0.0010176164901125,False,4.0,4.0
home_credit,CODE_GENDER,gbm,single_pass,FLAG_DOCUMENT_10,0.0,0.0,low_low,0.0,0.0,low_low,never_danger,0.0,0.0,False,2.0,2.0
home_credit,CODE_GENDER,gbm,single_pass,FLAG_MOBIL,0.0,0.0,low_low,0.0,0.0,low_low,never_danger,0.0,0.0,False,2.0,2.0
home_credit,CODE_GENDER,gbm,single_pass,FLAG_OWN_CAR,0.0,0.0,low_low,0.0019853130072057,0.0005898722882859,leaky_removable,never_danger,0.0019853130072057,0.0005898722882859,True,2.0,4.0
home_credit,CODE_GENDER,gbm,single_pass,FLAG_DOCUMENT_4,0.0,0.0,low_low,0.0,0.0,low_low,never_danger,0.0,0.0,False,1.0,1.0
home_credit,CODE_GENDER,gbm,single_pass,EMERGENCYSTATE_MODE,0.0,0.0,low_low,6.432356027614716e-05,0.0,low_low,never_danger,6.432356027614716e-05,0.0,False,3.0,3.0
home_credit,CODE_GENDER,gbm,single_pass,FLAG_DOCUMENT_7,0.0,0.0,low_low,0.0,0.0,low_low,never_danger,0.0,0.0,False,2.0,2.0
home_credit,CODE_GENDER,gbm,single_pass,HOUSETYPE_MODE,0.0,0.0,low_low,0.0,0.0,low_low,never_danger,0.0,0.0,False,4.0,4.0
home_credit,CODE_GENDER,gbm,single_pass,FLAG_DOCUMENT_2,0.0,0.0,low_low,0.0,0.0,low_low,never_danger,0.0,0.0,False,1.0,1.0
home_credit,CODE_GENDER,gbm,single_pass,FLAG_DOCUMENT_15,0.0,0.0,low_low,0.0,0.0,low_low,never_danger,0.0,0.0,False,2.0,2.0
home_credit,CODE_GENDER,gbm,top_k=5,EXT_SOURCE_3,0.0016299704644349,0.3629704776136346,leaky_and_relied_on,-0.0001965368741082,0.3307011034420669,safe_workhorse,left_danger,-0.0018265073385432,-0.0322693741715677,False,667.0,3668.0
home_credit,CODE_GENDER,gbm,top_k=5,EXT_SOURCE_2,0.0001211625173714,0.2700077787832096,safe_workhorse,-0.000269753904046,0.2929066000824283,safe_workhorse,never_danger,-0.0003909164214174,0.0228988212992187,False,13660.0,9574.0
home_credit,CODE_GENDER,gbm,top_k=5,EXT_SOURCE_1,0.0308244136308711,0.1571862159466411,leaky_and_relied_on,0.0346826385163404,0.121151076187303,leaky_and_relied_on,stayed_danger,0.0038582248854692,-0.036035139759338,False,6529.0,5640.0
home_credit,CODE_GENDER,gbm,top_k=5,DAYS_EMPLOYED,0.0041075061984621,0.0887950603043712,leaky_and_relied_on,0.0048033981859524,0.1124216195770268,leaky_and_relied_on,stayed_danger,0.0006958919874902,0.0236265592726556,False,5181.0,7294.0
home_credit,CODE_GENDER,gbm,top_k=5,AMT_CREDIT,0.0008239667560342,0.0839770637519708,leaky_and_relied_on,0.0025022789516009,0.0616563254570481,leaky_and_relied_on,stayed_danger,0.0016783121955666,-0.0223207382949227,False,2217.0,6814.0
home_credit,CODE_GENDER,gbm,top_k=5,NAME_EDUCATION_TYPE,0.0003579841674226,0.0725168939233998,leaky_and_relied_on,0.0020482717280782,0.0766551701870268,leaky_and_relied_on,stayed_danger,0.0016902875606555,0.004138276263627,False,5.0,5.0
home_credit,CODE_GENDER,gbm,top_k=5,DAYS_BIRTH,0.0147218182126371,0.0701959899373411,leaky_and_relied_on,0.0110050083002049,0.0316123500402056,leaky_and_relied_on,stayed_danger,-0.0037168099124322,-0.0385836398971354,False,9756.0,9063.0
home_credit,CODE_GENDER,gbm,top_k=5,AMT_GOODS_PRICE,0.0004302766287322,0.0692202229313662,leaky_and_relied_on,0.0006107876466185,0.0469094122758293,leaky_and_relied_on,stayed_danger,0.0001805110178862,-0.0223108106555369,False,400.0,2882.0
home_credit,CODE_GENDER,gbm,top_k=5,NAME_INCOME_TYPE,0.0034200674098584,0.0468379733301571,leaky_and_relied_on,0.0001302320953433,0.0217210268446074,safe_workhorse,left_danger,-0.003289835314515,-0.0251169464855496,False,7.0,1114.0
home_credit,CODE_GENDER,gbm,top_k=5,OWN_CAR_AGE,0.0394973956882961,0.0462350807432938,leaky_and_relied_on,0.0356036409512579,0.0844818509795508,leaky_and_relied_on,stayed_danger,-0.0038937547370382,0.0382467702362569,False,52.0,2222.0
home_credit,CODE_GENDER,gbm,top_k=5,ORGANIZATION_TYPE,0.0092835935957332,0.0379384294787192,leaky_and_relied_on,0.0141773793718613,0.0090302069993881,leaky_and_relied_on,stayed_danger,0.0048937857761281,-0.028908222479331,False,57.0,1325.0
home_credit,CODE_GENDER,gbm,top_k=5,NAME_CONTRACT_TYPE,-0.0002238336621789,0.0358026025868618,safe_workhorse,0.0003477258583575,0.04599682095913,leaky_and_relied_on,entered_danger,0.0005715595205364,0.0101942183722682,True,2.0,2.0
home_credit,CODE_GENDER,gbm,top_k=5,AMT_ANNUITY,-0.0004193579135039,0.0348627782938948,safe_workhorse,0.0004053573028484,0.0362049752497836,leaky_and_relied_on,entered_danger,0.0008247152163524,0.0013421969558888,True,5242.0,8767.0
home_credit,CODE_GENDER,gbm,top_k=5,DAYS_ID_PUBLISH,0.0049035157602628,0.032820894232603,leaky_and_relied_on,0.0060460184222501,0.0472542011551422,leaky_and_relied_on,stayed_danger,0.0011425026619872,0.0144333069225391,False,4987.0,8620.0
home_credit,CODE_GENDER,gbm,top_k=5,DAYS_LAST_PHONE_CHANGE,-7.23364883870703e-05,0.0266571429867275,safe_workhorse,0.0019626830893537,0.0304351200105177,leaky_and_relied_on,entered_danger,0.0020350195777408,0.0037779770237901,True,2930.0,7870.0
home_credit,CODE_GENDER,gbm,top_k=5,FLAG_DOCUMENT_3,0.0002120344054,0.0245182698636316,leaky_and_relied_on,0.0059050437199887,0.0038709409895246,leaky_and_relied_on,stayed_danger,0.0056930093145887,-0.020647328874107,False,2.0,464.0
home_credit,CODE_GENDER,gbm,top_k=5,LIVINGAREA_MEDI,0.0001600384268332,0.019125815061898,safe_workhorse,-0.0002657474399904,0.0046590881372095,safe_workhorse,never_danger,-0.0004257858668236,-0.0144667269246885,False,2542.0,3744.0
home_credit,CODE_GENDER,gbm,top_k=5,DAYS_REGISTRATION,5.956863590244055e-05,0.0175054204768961,safe_workhorse,0.0009989743892289,0.0181425111542775,leaky_and_relied_on,entered_danger,0.0009394057533265,0.0006370906773814,True,8430.0,9059.0
home_credit,CODE_GENDER,gbm,top_k=5,BASEMENTAREA_AVG,8.052552480823927e-05,0.0160386972386186,safe_workhorse,-0.0001726741980852,0.0032209176511501,safe_workhorse,never_danger,-0.0002531997228934,-0.0128177795874685,False,1952.0,1952.0
home_credit,CODE_GENDER,gbm,top_k=5,AMT_REQ_CREDIT_BUREAU_QRT,-5.4153305365733925e-06,0.0137724968458448,safe_workhorse,1.959204950237048e-05,0.0240949529600496,safe_workhorse,never_danger,2.500738003894387e-05,0.0103224561142048,False,8.0,8.0
home_credit,CODE_GENDER,gbm,top_k=5,NONLIVINGAREA_AVG,-3.2139766599215136e-05,0.0130510305944666,safe_workhorse,-0.0001470064118833,0.0073978558118627,safe_workhorse,never_danger,-0.0001148666452841,-0.0056531747826039,False,1223.0,1973.0
home_credit,CODE_GENDER,gbm,top_k=5,HOUR_APPR_PROCESS_START,-1.144704015862974e-05,0.01279224869735,safe_workhorse,9.43940542313504e-05,0.0131778922032568,safe_workhorse,never_danger,0.0001058410943899,0.0003856435059068,False,23.0,23.0
home_credit,CODE_GENDER,gbm,top_k=5,ENTRANCES_AVG,-0.0001181686760991,0.0125941145132403,safe_workhorse,-7.616684413236374e-05,0.0118311504213811,safe_workhorse,never_danger,4.200183196674256e-05,-0.0007629640918591,False,121.0,121.0
home_credit,CODE_GENDER,gbm,top_k=5,AMT_INCOME_TOTAL,0.0261824627382332,0.0115897772426679,leaky_and_relied_on,0.0312663574351498,0.0206206282500427,leaky_and_relied_on,stayed_danger,0.0050838946969165,0.0090308510073747,False,369.0,6423.0
home_credit,CODE_GENDER,gbm,top_k=5,OBS_30_CNT_SOCIAL_CIRCLE,-6.194609808929386e-05,0.0112274814511229,safe_workhorse,-0.0001183888114866,0.0062245920296685,safe_workhorse,never_danger,-5.64427133973977e-05,-0.0050028894214543,False,25.0,25.0
home_credit,CODE_GENDER,gbm,top_k=5,YEARS_BEGINEXPLUATATION_AVG,6.097750238354127e-05,0.0097819394956773,safe_workhorse,-0.0002513065585595,0.0020828216885072,low_low,never_danger,-0.000312284060943,-0.0076991178071701,False,132.0,132.0
home_credit,CODE_GENDER,gbm,top_k=5,AMT_REQ_CREDIT_BUREAU_YEAR,0.0005009841152506,0.0097170210685116,leaky_and_relied_on,0.0013087048796751,0.0262894170551372,leaky_and_relied_on,stayed_danger,0.0008077207644245,0.0165723959866255,False,14.0,14.0
home_credit,CODE_GENDER,gbm,top_k=5,NONLIVINGAREA_MEDI,4.5259835704114514e-05,0.0091068441921728,safe_workhorse,-0.0001039919571334,0.0028118507912043,low_low,never_danger,-0.0001492517928375,-0.0062949934009685,False,1228.0,1927.0
home_credit,CODE_GENDER,gbm,top_k=5,LIVINGAREA_AVG,-2.637221944234991e-05,0.0085888855669877,safe_workhorse,0.000233255456771,0.0036267616000548,leaky_and_relied_on,entered_danger,0.0002596276762134,-0.0049621239669329,True,2534.0,3731.0
home_credit,CODE_GENDER,gbm,top_k=5,OCCUPATION_TYPE,0.127942247040775,0.0085621552092302,leaky_and_relied_on,0.1065980519339004,0.0186260609478069,leaky_and_relied_on,stayed_danger,-0.0213441951068745,0.0100639057385766,False,19.0,1798.0
home_credit,CODE_GENDER,gbm,top_k=5,LANDAREA_MODE,-9.641929979780084e-05,0.0077281408944803,safe_workhorse,0.000465674399069,0.0195765798378308,leaky_and_relied_on,entered_danger,0.0005620936988668,0.0118484389433505,True,1773.0,1773.0
home_credit,CODE_GENDER,gbm,top_k=5,APARTMENTS_MODE,-7.832417093165401e-05,0.0074753120167511,safe_workhorse,-0.0002827418919182,0.0058083750767045,safe_workhorse,never_danger,-0.0002044177209865,-0.0016669369400465,False,483.0,1108.0
home_credit,CODE_GENDER,gbm,top_k=5,BASEMENTAREA_MEDI,-7.607878997741845e-05,0.0074513559216512,safe_workhorse,0.0005983279836765,0.0059418103970348,leaky_and_relied_on,entered_danger,0.000674406773654,-0.0015095455246163,True,1949.0,1949.0
home_credit,CODE_GENDER,gbm,top_k=5,LIVINGAREA_MODE,4.671272926271008e-05,0.0064932504162312,safe_workhorse,6.463174981885533e-05,0.0077262672791472,safe_workhorse,never_danger,1.791902055614525e-05,0.001233016862916,False,2491.0,3748.0
home_credit,CODE_GENDER,gbm,top_k=5,YEARS_BEGINEXPLUATATION_MEDI,0.0001448490850842,0.0062959054286724,safe_workhorse,-6.326691041509402e-05,0.0144084920587407,safe_workhorse,never_danger,-0.0002081159954993,0.0081125866300683,False,130.0,130.0
home_credit,CODE_GENDER,gbm,top_k=5,TOTALAREA_MODE,-7.198427176677847e-05,0.0062895914562826,safe_workhorse,-0.0002181981962545,0.0060128653431975,safe_workhorse,never_danger,-0.0001462139244877,-0.0002767261130851,False,2492.0,3826.0
home_credit,CODE_GENDER,gbm,top_k=5,LANDAREA_AVG,6.586450798968801e-05,0.0056844436881745,safe_workhorse,-0.0001813915594367,0.0083822291329374,safe_workhorse,never_danger,-0.0002472560674264,0.0026977854447629,False,1781.0,1781.0
home_credit,CODE_GENDER,gbm,top_k=5,BASEMENTAREA_MODE,6.753753693595765e-05,0.0054408669195898,safe_workhorse,-2.729678806967506e-06,0.005800771054454,safe_workhorse,never_danger,-7.026721574292516e-05,0.0003599041348642,False,1957.0,1957.0
home_credit,CODE_GENDER,gbm,top_k=5,APARTMENTS_AVG,-0.0001002056284656,0.0052522974430863,safe_workhorse,-0.0002959500151782,0.0113108696550836,safe_workhorse,never_danger,-0.0001957443867126,0.0060585722119973,False,894.0,2364.0
home_credit,CODE_GENDER,gbm,top_k=5,WEEKDAY_APPR_PROCESS_START,-6.727337447076653e-05,0.0052342809779276,safe_workhorse,-0.0003825512766861,0.0088867403466338,safe_workhorse,never_danger,-0.0003152779022153,0.0036524593687061,False,7.0,7.0
home_credit,CODE_GENDER,gbm,top_k=5,DEF_60_CNT_SOCIAL_CIRCLE,7.81480626215636e-05,0.0051780589452955,safe_workhorse,-0.0001197096238127,0.0055136183392962,safe_workhorse,never_danger,-0.0001978576864343,0.0003355593940006,False,7.0,7.0
home_credit,CODE_GENDER,gbm,top_k=5,APARTMENTS_MEDI,0.0001062813651651,0.0050575620538058,safe_workhorse,-0.0003412538779599,0.0107946270826258,safe_workhorse,never_danger,-0.000447535243125,0.00573706502882,False,649.0,1969.0
home_credit,CODE_GENDER,gbm,top_k=5,ELEVATORS_AVG,-0.000147138493116,0.0050493783957501,safe_workhorse,0.0001827563988405,0.003767483804767,leaky_and_relied_on,entered_danger,0.0003298948919565,-0.001281894590983,True,107.0,107.0
home_credit,CODE_GENDER,gbm,top_k=5,LANDAREA_MEDI,-0.0002095688890581,0.0046024584049162,safe_workhorse,-0.0012148391503741,0.0041559339420189,safe_workhorse,never_danger,-0.001005270261316,-0.0004465244628972,False,1775.0,1775.0
home_credit,CODE_GENDER,gbm,top_k=5,FLAG_EMAIL,-0.0001116086415466,0.0044766723846136,safe_workhorse,4.7725352046112945e-05,0.0049639642377189,safe_workhorse,never_danger,0.0001593339935927,0.0004872918531053,False,2.0,2.0
home_credit,CODE_GENDER,gbm,top_k=5,REG_REGION_NOT_WORK_REGION,0.0001381129422217,0.0042757484800595,safe_workhorse,0.0,0.0002665211636352,low_low,never_danger,-0.0001381129422217,-0.0040092273164243,False,2.0,11.0
home_credit,CODE_GENDER,gbm,top_k=5,LIVINGAPARTMENTS_AVG,0.0001936310869911,0.0039641483820987,leaky_and_relied_on,-0.0002077637788792,0.008599225981777,safe_workhorse,left_danger,-0.0004013948658704,0.0046350775996782,False,715.0,1417.0
home_credit,CODE_GENDER,gbm,top_k=5,OBS_60_CNT_SOCIAL_CIRCLE,8.796610091139634e-05,0.003924832978558,safe_workhorse,5.5650226002179615e-05,0.0023992254251534,low_low,never_danger,-3.231587490921672e-05,-0.0015256075534045,False,25.0,25.0
home_credit,CODE_GENDER,gbm,top_k=5,FLAG_WORK_PHONE,0.0001371003194384,0.0038226917274035,safe_workhorse,-0.0001077782858012,0.0059664977298687,safe_workhorse,never_danger,-0.0002448786052396,0.0021438060024652,False,2.0,155.0
home_credit,CODE_GENDER,gbm,top_k=5,NONLIVINGAREA_MODE,6.987097204513848e-05,0.0037102761473041,safe_workhorse,-3.23599019868448e-05,0.0063367638165636,safe_workhorse,never_danger,-0.0001022308740319,0.0026264876692594,False,1198.0,1851.0
home_credit,CODE_GENDER,gbm,top_k=5,FLAG_PHONE,0.0001344586947864,0.0036653646132829,safe_workhorse,-0.0001500002531556,0.0059435126520571,safe_workhorse,never_danger,-0.0002844589479421,0.0022781480387742,False,2.0,74.0
home_credit,CODE_GENDER,gbm,top_k=5,REG_CITY_NOT_WORK_CITY,0.0001016144949466,0.0036258989596499,safe_workhorse,-1.910775164926104e-05,0.0054571382440139,safe_workhorse,never_danger,-0.0001207222465958,0.0018312392843639,False,2.0,433.0
home_credit,CODE_GENDER,gbm,top_k=5,COMMONAREA_MODE,-0.0002918554969677,0.0033191274576125,safe_workhorse,-0.0004317735493682,0.0043173009549317,safe_workhorse,never_danger,-0.0001399180524005,0.0009981734973191,False,1239.0,1239.0
home_credit,CODE_GENDER,gbm,top_k=5,FLOORSMIN_AVG,0.0001060612297774,0.0031301352336061,safe_workhorse,-0.000389727690324,0.0058649947174119,safe_workhorse,never_danger,-0.0004957889201015,0.0027348594838058,False,97.0,151.0
home_credit,CODE_GENDER,gbm,top_k=5,COMMONAREA_AVG,0.000181479613592,0.0031074522880628,leaky_and_relied_on,-0.0002159968423778,0.0039393025744289,safe_workhorse,left_danger,-0.0003974764559698,0.0008318502863661,False,1264.0,1264.0
home_credit,CODE_GENDER,gbm,top_k=5,LIVINGAPARTMENTS_MODE,0.0001259614688225,0.0030710731911539,safe_workhorse,-0.0002432055762934,0.0089384508017988,safe_workhorse,never_danger,-0.000369167045116,0.0058673776106449,False,450.0,1283.0
home_credit,CODE_GENDER,gbm,top_k=5,COMMONAREA_MEDI,9.404183761092532e-05,0.0030554788568271,safe_workhorse,0.0001498681719231,0.0016626866404874,low_low,never_danger,5.5826334312247824e-05,-0.0013927922163397,False,1269.0,1269.0
home_credit,CODE_GENDER,gbm,top_k=5,YEARS_BUILD_MODE,-5.617855093236202e-05,0.0030015094064692,safe_workhorse,-8.8362344609072e-05,0.004184688805172,safe_workhorse,never_danger,-3.218379367670998e-05,0.0011831793987028,False,118.0,118.0
home_credit,CODE_GENDER,gbm,top_k=5,DEF_30_CNT_SOCIAL_CIRCLE,-1.532142298150685e-05,0.0029688968488785,low_low,-1.043441737522688e-05,0.0071164297305658,safe_workhorse,never_danger,4.887005606279971e-06,0.0041475328816873,False,8.0,8.0
home_credit,CODE_GENDER,gbm,top_k=5,NAME_TYPE_SUITE,0.0008755664909032,0.0028475865528354,leaky_removable,0.0008479174862124,0.0056895641797467,leaky_and_relied_on,entered_danger,-2.764900469074403e-05,0.0028419776269112,False,8.0,8.0
home_credit,CODE_GENDER,gbm,top_k=5,ENTRANCES_MEDI,-3.799536791118108e-05,0.002842706143857,low_low,-8.845039876419492e-05,0.0089229663685539,safe_workhorse,never_danger,-5.045503085301384e-05,0.0060802602246968,False,41.0,41.0
home_credit,CODE_GENDER,gbm,top_k=5,CNT_FAM_MEMBERS,0.0012236005388033,0.0028031733864255,leaky_removable,0.0017623158595,0.0100686215342682,leaky_and_relied_on,entered_danger,0.0005387153206966,0.0072654481478426,False,9.0,1317.0
home_credit,CODE_GENDER,gbm,top_k=5,AMT_REQ_CREDIT_BUREAU_MON,1.0126227832696343e-06,0.002707417183146,low_low,0.0001340184240111,0.0068061271119457,safe_workhorse,never_danger,0.0001330058012279,0.0040987099287996,False,19.0,19.0
home_credit,CODE_GENDER,gbm,top_k=5,YEARS_BUILD_AVG,8.167022882408226e-05,0.0021487250677496,low_low,-0.000332184299988,0.0027323311548709,low_low,never_danger,-0.0004138545288121,0.0005836060871213,False,119.0,119.0
home_credit,CODE_GENDER,gbm,top_k=5,FLOORSMAX_AVG,0.0001829325071505,0.0020944685357916,leaky_removable,-0.0001431760561379,0.0061128318836751,safe_workhorse,never_danger,-0.0003261085632884,0.0040183633478834,False,140.0,140.0
home_credit,CODE_GENDER,gbm,top_k=5,FLAG_OWN_REALTY,0.000115262888982,0.00199954922129,low_low,0.0004017030554132,0.0069032765336076,leaky_and_relied_on,entered_danger,0.0002864401664312,0.0049037273123175,True,2.0,178.0
home_credit,CODE_GENDER,gbm,top_k=5,NAME_HOUSING_TYPE,0.0013073400402715,0.0019813704251056,leaky_removable,0.0002817292691352,0.003858019701053,leaky_and_relied_on,entered_danger,-0.0010256107711363,0.0018766492759474,False,6.0,171.0
home_credit,CODE_GENDER,gbm,top_k=5,CNT_CHILDREN,0.0004964493262646,0.0018563150089095,leaky_removable,0.0019046994282424,0.0043239314988661,leaky_and_relied_on,entered_danger,0.0014082501019778,0.0024676164899565,False,8.0,697.0
home_credit,CODE_GENDER,gbm,top_k=5,YEARS_BUILD_MEDI,0.0,0.0017021538773419,low_low,-2.6108056977092178e-05,0.0,low_low,never_danger,-2.6108056977092178e-05,-0.0017021538773419,False,118.0,118.0
home_credit,CODE_GENDER,gbm,top_k=5,NONLIVINGAPARTMENTS_AVG,-0.000349178751916,0.0015385657229729,low_low,-3.9536315624699725e-05,0.0019915381728084,low_low,never_danger,0.0003096424362913,0.0004529724498355,False,124.0,124.0
home_credit,CODE_GENDER,gbm,top_k=5,FLOORSMAX_MEDI,-5.481371152884496e-05,0.0013129920777929,low_low,-1.2063419244023876e-05,0.0,low_low,never_danger,4.275029228482109e-05,-0.0013129920777929,False,46.0,46.0
home_credit,CODE_GENDER,gbm,top_k=5,YEARS_BEGINEXPLUATATION_MODE,-0.0004091876585938,0.0011805280247587,low_low,-0.0005651755942938,0.0140297682097677,safe_workhorse,never_danger,-0.0001559879357,0.012849240185009,False,131.0,131.0
home_credit,CODE_GENDER,gbm,top_k=5,AMT_REQ_CREDIT_BUREAU_WEEK,0.0,0.0010667595616429,low_low,4.7108972960652194e-05,0.0042169038263197,safe_workhorse,never_danger,4.7108972960652194e-05,0.0031501442646768,False,7.0,7.0
home_credit,CODE_GENDER,gbm,top_k=5,LIVE_CITY_NOT_WORK_CITY,0.000489052777239,0.0010195020890155,leaky_removable,0.0001981218488995,0.0037078188032747,leaky_and_relied_on,entered_danger,-0.0002909309283395,0.0026883167142592,False,2.0,469.0
home_credit,CODE_GENDER,gbm,top_k=5,LIVINGAPARTMENTS_MEDI,-5.84679589640924e-05,0.0008911917377575,low_low,0.0001274583894587,0.0015135337121549,low_low,never_danger,0.0001859263484228,0.0006223419743973,False,575.0,1350.0
home_credit,CODE_GENDER,gbm,top_k=5,WALLSMATERIAL_MODE,4.415915876578858e-05,0.0008527486136989,low_low,0.0001726741980853,0.000663976766145,leaky_removable,never_danger,0.0001285150393195,-0.0001887718475538,True,8.0,8.0
home_credit,CODE_GENDER,gbm,top_k=5,NAME_FAMILY_STATUS,0.0124796072080251,0.0007728740010137,leaky_removable,0.0110692438063258,0.0069557019257237,leaky_and_relied_on,entered_danger,-0.0014103634016992,0.0061828279247099,False,5.0,1223.0
home_credit,CODE_GENDER,gbm,top_k=5,NONLIVINGAPARTMENTS_MODE,-8.365144731303787e-06,0.0007598498797345,low_low,-0.0001090990981272,0.0018085541305326,low_low,never_danger,-0.0001007339533959,0.001048704250798,False,57.0,57.0
home_credit,CODE_GENDER,gbm,top_k=5,FLOORSMIN_MEDI,0.0,0.0005486183146544,low_low,1.809512886625786e-05,0.0027350195012803,low_low,never_danger,1.809512886625786e-05,0.0021864011866259,False,41.0,147.0
home_credit,CODE_GENDER,gbm,top_k=5,FLAG_DOCUMENT_5,4.063699256315889e-05,0.0004960063376567,low_low,0.0,0.0003844422946176,low_low,never_danger,-4.063699256315889e-05,-0.000111564043039,False,2.0,2.0
home_credit,CODE_GENDER,gbm,top_k=5,FLAG_DOCUMENT_8,0.0144967958193648,0.0004296561249773,leaky_removable,0.0,0.0,low_low,never_danger,-0.0144967958193648,-0.0004296561249773,False,2.0,11.0
home_credit,CODE_GENDER,gbm,top_k=5,FONDKAPREMONT_MODE,-4.2045859044215206e-05,0.0003989984749144,low_low,0.0,0.0005742183735325,low_low,never_danger,4.2045859044215206e-05,0.0001752198986181,False,5.0,5.0
home_credit,CODE_GENDER,gbm,top_k=5,ELEVATORS_MODE,0.0,0.0003377893659874,low_low,8.814220922164218e-05,0.004279525752353,safe_workhorse,never_danger,8.814220922164218e-05,0.0039417363863656,False,26.0,26.0
home_credit,CODE_GENDER,gbm,top_k=5,REG_CITY_NOT_LIVE_CITY,-2.5799867434495027e-05,0.0003190837075763,low_low,5.485773860647303e-05,0.0009361563873248,low_low,never_danger,8.065760604096806e-05,0.0006170726797485,False,2.0,32.0
home_credit,CODE_GENDER,gbm,top_k=5,ENTRANCES_MODE,1.6334045764776483e-05,0.0002581738494857,low_low,0.0002555771850804,0.0074151451423834,leaky_and_relied_on,entered_danger,0.0002392431393156,0.0071569712928977,True,30.0,76.0
home_credit,CODE_GENDER,gbm,top_k=5,FLOORSMAX_MODE,-3.1039089660933604e-05,0.0,low_low,5.617855093249524e-05,0.0005117228207653,low_low,never_danger,8.721764059342884e-05,0.0005117228207653,False,26.0,26.0
home_credit,CODE_GENDER,gbm,top_k=5,FLAG_DOCUMENT_12,0.0,0.0,low_low,0.0,0.0,low_low,never_danger,0.0,0.0,False,1.0,1.0
home_credit,CODE_GENDER,gbm,top_k=5,FLAG_DOCUMENT_13,0.0,0.0,low_low,3.482541832890984e-05,0.0,low_low,never_danger,3.482541832890984e-05,0.0,False,2.0,2.0
home_credit,CODE_GENDER,gbm,top_k=5,FLAG_DOCUMENT_14,0.0,0.0,low_low,0.0,0.0,low_low,never_danger,0.0,0.0,False,2.0,2.0
home_credit,CODE_GENDER,gbm,top_k=5,ELEVATORS_MEDI,0.0,0.0,low_low,7.898457709472062e-05,0.0,low_low,never_danger,7.898457709472062e-05,0.0,False,38.0,38.0
home_credit,CODE_GENDER,gbm,top_k=5,FLAG_DOCUMENT_16,0.0,0.0,low_low,0.0,0.0020452838580537,low_low,never_danger,0.0,0.0020452838580537,False,2.0,2.0
home_credit,CODE_GENDER,gbm,top_k=5,FLAG_DOCUMENT_17,0.0,0.0,low_low,0.0,0.0,low_low,never_danger,0.0,0.0,False,2.0,2.0
home_credit,CODE_GENDER,gbm,top_k=5,FLAG_DOCUMENT_19,0.0,0.0,low_low,0.0,0.0,low_low,never_danger,0.0,0.0,False,2.0,2.0
home_credit,CODE_GENDER,gbm,top_k=5,FLAG_DOCUMENT_18,0.0,0.0,low_low,0.0,0.0,low_low,never_danger,0.0,0.0,False,2.0,2.0
home_credit,CODE_GENDER,gbm,top_k=5,NONLIVINGAPARTMENTS_MEDI,-1.4749070973629763e-05,0.0,low_low,4.098920918351734e-05,0.0,low_low,never_danger,5.57382801571471e-05,0.0,False,76.0,76.0
home_credit,CODE_GENDER,gbm,top_k=5,FLAG_DOCUMENT_20,0.0,0.0,low_low,0.0,0.0,low_low,never_danger,0.0,0.0,False,2.0,2.0
home_credit,CODE_GENDER,gbm,top_k=5,FLAG_DOCUMENT_11,0.0,0.0,low_low,0.0,0.0,low_low,never_danger,0.0,0.0,False,2.0,2.0
home_credit,CODE_GENDER,gbm,top_k=5,FLAG_DOCUMENT_21,0.0,0.0,low_low,0.0,0.0,low_low,never_danger,0.0,0.0,False,2.0,2.0
home_credit,CODE_GENDER,gbm,top_k=5,LIVE_REGION_NOT_WORK_REGION,0.0003103468695316,0.0,leaky_removable,0.0001995747424581,0.0002372311557429,leaky_removable,never_danger,-0.0001107721270734,0.0002372311557429,False,2.0,75.0
home_credit,CODE_GENDER,gbm,top_k=5,REG_REGION_NOT_LIVE_REGION,-1.1447040158873988e-06,0.0,low_low,0.0,0.002046278668691,low_low,never_danger,1.1447040158873988e-06,0.002046278668691,False,2.0,2.0
home_credit,CODE_GENDER,gbm,top_k=5,FLAG_CONT_MOBILE,0.0,0.0,low_low,0.0,0.0,low_low,never_danger,0.0,0.0,False,2.0,2.0
home_credit,CODE_GENDER,gbm,top_k=5,FLAG_DOCUMENT_9,0.0,0.0,low_low,0.0,0.0004142463962822,low_low,never_danger,0.0,0.0004142463962822,False,2.0,2.0
home_credit,CODE_GENDER,gbm,top_k=5,FLAG_EMP_PHONE,5.873212142932793e-05,0.0,low_low,0.0107838162626779,0.017373448188354,leaky_and_relied_on,entered_danger,0.0107250841412486,0.017373448188354,True,2.0,1007.0
home_credit,CODE_GENDER,gbm,top_k=5,FLAG_DOCUMENT_6,5.2524303497114566e-05,0.0,low_low,7.942484787004656e-05,0.0,low_low,never_danger,2.690054437293199e-05,0.0,False,2.0,41.0
home_credit,CODE_GENDER,gbm,top_k=5,AMT_REQ_CREDIT_BUREAU_DAY,4.931032683719305e-05,0.0,low_low,0.0007172891471713,0.0,leaky_removable,never_danger,0.0006679788203342,0.0,True,7.0,7.0
home_credit,CODE_GENDER,gbm,top_k=5,FLOORSMIN_MODE,3.4781391251259565e-05,0.0,low_low,-0.000152509796575,0.0039611749812517,safe_workhorse,never_danger,-0.0001872911878262,0.0039611749812517,False,25.0,136.0
home_credit,CODE_GENDER,gbm,top_k=5,AMT_REQ_CREDIT_BUREAU_HOUR,2.32462969374847e-05,0.0,low_low,-2.4479055108383996e-05,0.0003243871340076,low_low,never_danger,-4.7725352045868695e-05,0.0003243871340076,False,4.0,4.0
home_credit,CODE_GENDER,gbm,top_k=5,FLAG_DOCUMENT_10,0.0,0.0,low_low,0.0,0.0,low_low,never_danger,0.0,0.0,False,2.0,2.0
home_credit,CODE_GENDER,gbm,top_k=5,FLAG_MOBIL,0.0,0.0,low_low,0.0,0.0,low_low,never_danger,0.0,0.0,False,2.0,2.0
home_credit,CODE_GENDER,gbm,top_k=5,FLAG_OWN_CAR,0.0,0.0,low_low,0.007989901949497,0.0069842952920329,leaky_and_relied_on,entered_danger,0.007989901949497,0.0069842952920329,True,2.0,801.0
home_credit,CODE_GENDER,gbm,top_k=5,FLAG_DOCUMENT_4,0.0,0.0,low_low,0.0,0.0,low_low,never_danger,0.0,0.0,False,1.0,1.0
home_credit,CODE_GENDER,gbm,top_k=5,EMERGENCYSTATE_MODE,0.0,0.0,low_low,9.729984134849712e-05,0.0,low_low,never_danger,9.729984134849712e-05,0.0,False,3.0,3.0
home_credit,CODE_GENDER,gbm,top_k=5,FLAG_DOCUMENT_7,0.0,0.0,low_low,0.0,0.0,low_low,never_danger,0.0,0.0,False,2.0,2.0
home_credit,CODE_GENDER,gbm,top_k=5,HOUSETYPE_MODE,0.0,0.0,low_low,0.0,0.0,low_low,never_danger,0.0,0.0,False,4.0,4.0
home_credit,CODE_GENDER,gbm,top_k=5,FLAG_DOCUMENT_2,0.0,0.0,low_low,0.0,0.0,low_low,never_danger,0.0,0.0,False,1.0,1.0
home_credit,CODE_GENDER,gbm,top_k=5,FLAG_DOCUMENT_15,0.0,0.0,low_low,0.0,0.0,low_low,never_danger,0.0,0.0,False,2.0,2.0
home_credit,CODE_GENDER,gbm,full,EXT_SOURCE_3,0.0016299704644349,0.3629704776136346,leaky_and_relied_on,0.0016779159518687,0.3367670086327819,leaky_and_relied_on,stayed_danger,4.794548743376477e-05,-0.0262034689808526,False,667.0,5539.0
home_credit,CODE_GENDER,gbm,full,EXT_SOURCE_2,0.0001211625173714,0.2700077787832096,safe_workhorse,0.0002805845651192,0.2986127500260966,leaky_and_relied_on,entered_danger,0.0001594220477478,0.028604971242887,True,13660.0,6486.0
home_credit,CODE_GENDER,gbm,full,EXT_SOURCE_1,0.0308244136308711,0.1571862159466411,leaky_and_relied_on,0.0102853416908466,0.0911467877155502,leaky_and_relied_on,stayed_danger,-0.0205390719400244,-0.0660394282310908,False,6529.0,4944.0
home_credit,CODE_GENDER,gbm,full,DAYS_EMPLOYED,0.0041075061984621,0.0887950603043712,leaky_and_relied_on,0.0057771010326771,0.0908251712757791,leaky_and_relied_on,stayed_danger,0.0016695948342149,0.0020301109714079,False,5181.0,5932.0
home_credit,CODE_GENDER,gbm,full,AMT_CREDIT,0.0008239667560342,0.0839770637519708,leaky_and_relied_on,0.0003080134344224,0.1090574377971108,leaky_and_relied_on,stayed_danger,-0.0005159533216117,0.0250803740451399,False,2217.0,6300.0
home_credit,CODE_GENDER,gbm,full,NAME_EDUCATION_TYPE,0.0003579841674226,0.0725168939233998,leaky_and_relied_on,0.0016722364588669,0.0151440801164903,leaky_and_relied_on,stayed_danger,0.0013142522914442,-0.0573728138069094,False,5.0,90.0
home_credit,CODE_GENDER,gbm,full,DAYS_BIRTH,0.0147218182126371,0.0701959899373411,leaky_and_relied_on,0.0105609511962046,0.0422961469172229,leaky_and_relied_on,stayed_danger,-0.0041608670164324,-0.0278998430201181,False,9756.0,6497.0
home_credit,CODE_GENDER,gbm,full,AMT_GOODS_PRICE,0.0004302766287322,0.0692202229313662,leaky_and_relied_on,0.0013083086359773,0.0789015387361559,leaky_and_relied_on,stayed_danger,0.0008780320072451,0.0096813158047897,False,400.0,5701.0
home_credit,CODE_GENDER,gbm,full,NAME_INCOME_TYPE,0.0034200674098584,0.0468379733301571,leaky_and_relied_on,0.0006537580742908,0.0087947700108879,leaky_and_relied_on,stayed_danger,-0.0027663093355675,-0.0380432033192692,False,7.0,1225.0
home_credit,CODE_GENDER,gbm,full,OWN_CAR_AGE,0.0394973956882961,0.0462350807432938,leaky_and_relied_on,0.0064809619212008,0.0311714940763489,leaky_and_relied_on,stayed_danger,-0.0330164337670953,-0.0150635866669448,False,52.0,3206.0
home_credit,CODE_GENDER,gbm,full,ORGANIZATION_TYPE,0.0092835935957332,0.0379384294787192,leaky_and_relied_on,0.0052315615149629,0.0257072468232863,leaky_and_relied_on,stayed_danger,-0.0040520320807702,-0.0122311826554328,False,57.0,3825.0
home_credit,CODE_GENDER,gbm,full,NAME_CONTRACT_TYPE,-0.0002238336621789,0.0358026025868618,safe_workhorse,0.0036112329805076,0.0032933271616097,leaky_and_relied_on,entered_danger,0.0038350666426866,-0.032509275425252,True,2.0,11.0
home_credit,CODE_GENDER,gbm,full,AMT_ANNUITY,-0.0004193579135039,0.0348627782938948,safe_workhorse,0.00030145339987,0.0204898034063095,leaky_and_relied_on,entered_danger,0.0007208113133739,-0.0143729748875852,True,5242.0,6446.0
home_credit,CODE_GENDER,gbm,full,DAYS_ID_PUBLISH,0.0049035157602628,0.032820894232603,leaky_and_relied_on,0.0057017266759401,0.0473502163636997,leaky_and_relied_on,stayed_danger,0.0007982109156773,0.0145293221310966,False,4987.0,6496.0
home_credit,CODE_GENDER,gbm,full,DAYS_LAST_PHONE_CHANGE,-7.23364883870703e-05,0.0266571429867275,safe_workhorse,0.000811066822317,0.0352433873666663,leaky_and_relied_on,entered_danger,0.0008834033107041,0.0085862443799387,True,2930.0,6177.0
home_credit,CODE_GENDER,gbm,full,FLAG_DOCUMENT_3,0.0002120344054,0.0245182698636316,leaky_and_relied_on,0.0007440135832339,0.0087717268141764,leaky_and_relied_on,stayed_danger,0.0005319791778339,-0.0157465430494552,False,2.0,1295.0
home_credit,CODE_GENDER,gbm,full,LIVINGAREA_MEDI,0.0001600384268332,0.019125815061898,safe_workhorse,7.713543983818294e-05,0.002762104584223,low_low,never_danger,-8.290298699507036e-05,-0.016363710477675,False,2542.0,3380.0
home_credit,CODE_GENDER,gbm,full,DAYS_REGISTRATION,5.956863590244055e-05,0.0175054204768961,safe_workhorse,0.0002985916398303,0.0134043337600086,leaky_and_relied_on,entered_danger,0.0002390230039278,-0.0041010867168875,True,8430.0,6486.0
home_credit,CODE_GENDER,gbm,full,BASEMENTAREA_AVG,8.052552480823927e-05,0.0160386972386186,safe_workhorse,2.66804089851691e-05,0.0102772924074342,safe_workhorse,never_danger,-5.3845115823070167e-05,-0.0057614048311844,False,1952.0,2384.0
home_credit,CODE_GENDER,gbm,full,AMT_REQ_CREDIT_BUREAU_QRT,-5.4153305365733925e-06,0.0137724968458448,safe_workhorse,0.0001168038366956,0.0289732212701342,safe_workhorse,never_danger,0.0001222191672322,0.0152007244242894,False,8.0,261.0
home_credit,CODE_GENDER,gbm,full,NONLIVINGAREA_AVG,-3.2139766599215136e-05,0.0130510305944666,safe_workhorse,-0.0002229090935507,0.0031485959884947,safe_workhorse,never_danger,-0.0001907693269515,-0.0099024346059719,False,1223.0,2016.0
home_credit,CODE_GENDER,gbm,full,HOUR_APPR_PROCESS_START,-1.144704015862974e-05,0.01279224869735,safe_workhorse,0.0001393016733151,0.0162892297399819,safe_workhorse,never_danger,0.0001507487134737,0.0034969810426318,False,23.0,1411.0
home_credit,CODE_GENDER,gbm,full,ENTRANCES_AVG,-0.0001181686760991,0.0125941145132403,safe_workhorse,6.696518492803616e-05,0.0115444570365182,safe_workhorse,never_danger,0.0001851338610271,-0.0010496574767221,False,121.0,1513.0
home_credit,CODE_GENDER,gbm,full,AMT_INCOME_TOTAL,0.0261824627382332,0.0115897772426679,leaky_and_relied_on,0.0227957238260675,0.0282101945574723,leaky_and_relied_on,stayed_danger,-0.0033867389121657,0.0166204173148043,False,369.0,5771.0
home_credit,CODE_GENDER,gbm,full,OBS_30_CNT_SOCIAL_CIRCLE,-6.194609808929386e-05,0.0112274814511229,safe_workhorse,-4.019672178783296e-05,0.0030746555705371,safe_workhorse,never_danger,2.1749376301460896e-05,-0.0081528258805857,False,25.0,1361.0
home_credit,CODE_GENDER,gbm,full,YEARS_BEGINEXPLUATATION_AVG,6.097750238354127e-05,0.0097819394956773,safe_workhorse,-6.802183478884504e-05,0.0038577246752133,safe_workhorse,never_danger,-0.0001289993371723,-0.005924214820464,False,132.0,2256.0
home_credit,CODE_GENDER,gbm,full,AMT_REQ_CREDIT_BUREAU_YEAR,0.0005009841152506,0.0097170210685116,leaky_and_relied_on,-7.660711490784511e-05,0.0108840221096032,safe_workhorse,left_danger,-0.0005775912301584,0.0011670010410916,False,14.0,763.0
home_credit,CODE_GENDER,gbm,full,NONLIVINGAREA_MEDI,4.5259835704114514e-05,0.0091068441921728,safe_workhorse,-1.3252150337472734e-05,0.0041805155706431,safe_workhorse,never_danger,-5.851198604158725e-05,-0.0049263286215296,False,1228.0,2029.0
home_credit,CODE_GENDER,gbm,full,LIVINGAREA_AVG,-2.637221944234991e-05,0.0085888855669877,safe_workhorse,0.0001096274230577,0.0062133058297954,safe_workhorse,never_danger,0.0001359996425,-0.0023755797371923,False,2534.0,3478.0
home_credit,CODE_GENDER,gbm,full,OCCUPATION_TYPE,0.127942247040775,0.0085621552092302,leaky_and_relied_on,0.0698076170806569,0.0176045061013295,leaky_and_relied_on,stayed_danger,-0.058134629960118,0.0090423508920992,False,19.0,2948.0
home_credit,CODE_GENDER,gbm,full,LANDAREA_MODE,-9.641929979780084e-05,0.0077281408944803,safe_workhorse,-1.818318302124755e-05,0.0173590431394565,safe_workhorse,never_danger,7.82361167765533e-05,0.0096309022449761,False,1773.0,2162.0
home_credit,CODE_GENDER,gbm,full,APARTMENTS_MODE,-7.832417093165401e-05,0.0074753120167511,safe_workhorse,0.0003410777696498,0.0054131932389655,leaky_and_relied_on,entered_danger,0.0004194019405814,-0.0020621187777856,True,483.0,2363.0
home_credit,CODE_GENDER,gbm,full,BASEMENTAREA_MEDI,-7.607878997741845e-05,0.0074513559216512,safe_workhorse,3.284419983982101e-05,0.0104312631417,safe_workhorse,never_danger,0.0001089229898172,0.0029799072200487,False,1949.0,2057.0
home_credit,CODE_GENDER,gbm,full,LIVINGAREA_MODE,4.671272926271008e-05,0.0064932504162312,safe_workhorse,0.0001059731756224,0.0008280805877107,low_low,never_danger,5.9260446359754576e-05,-0.0056651698285205,False,2491.0,3406.0
home_credit,CODE_GENDER,gbm,full,YEARS_BEGINEXPLUATATION_MEDI,0.0001448490850842,0.0062959054286724,safe_workhorse,-0.0001830645883831,0.0161631962050044,safe_workhorse,never_danger,-0.0003279136734674,0.0098672907763319,False,130.0,2311.0
home_credit,CODE_GENDER,gbm,full,TOTALAREA_MODE,-7.198427176677847e-05,0.0062895914562826,safe_workhorse,-0.0007339754095563,0.0042082598809344,safe_workhorse,never_danger,-0.0006619911377896,-0.0020813315753482,False,2492.0,3559.0
home_credit,CODE_GENDER,gbm,full,LANDAREA_AVG,6.586450798968801e-05,0.0056844436881745,safe_workhorse,0.0001681394090994,0.0366736463217536,leaky_and_relied_on,entered_danger,0.0001022749011097,0.030989202633579,True,1781.0,2254.0
home_credit,CODE_GENDER,gbm,full,BASEMENTAREA_MODE,6.753753693595765e-05,0.0054408669195898,safe_workhorse,-0.0006086303198192,0.0058999152495686,safe_workhorse,never_danger,-0.0006761678567552,0.0004590483299788,False,1957.0,2349.0
home_credit,CODE_GENDER,gbm,full,APARTMENTS_AVG,-0.0001002056284656,0.0052522974430863,safe_workhorse,0.0001369242111282,0.0049424475131908,safe_workhorse,never_danger,0.0002371298395938,-0.0003098499298955,False,894.0,3104.0
home_credit,CODE_GENDER,gbm,full,WEEKDAY_APPR_PROCESS_START,-6.727337447076653e-05,0.0052342809779276,safe_workhorse,0.0003269891048392,0.0085361943131819,leaky_and_relied_on,entered_danger,0.00039426247931,0.0033019133352542,True,7.0,327.0
home_credit,CODE_GENDER,gbm,full,DEF_60_CNT_SOCIAL_CIRCLE,7.81480626215636e-05,0.0051780589452955,safe_workhorse,-0.0003007049395518,0.0054141192697276,safe_workhorse,never_danger,-0.0003788530021734,0.000236060324432,False,7.0,292.0
home_credit,CODE_GENDER,gbm,full,APARTMENTS_MEDI,0.0001062813651651,0.0050575620538058,safe_workhorse,0.0001521135528772,0.0028358308126991,low_low,never_danger,4.583218771214702e-05,-0.0022217312411067,False,649.0,3145.0
home_credit,CODE_GENDER,gbm,full,ELEVATORS_AVG,-0.000147138493116,0.0050493783957501,safe_workhorse,0.0001164075929978,0.0258304826110887,safe_workhorse,never_danger,0.0002635460861138,0.0207811042153386,False,107.0,386.0
home_credit,CODE_GENDER,gbm,full,LANDAREA_MEDI,-0.0002095688890581,0.0046024584049162,safe_workhorse,0.0007895375814033,0.0092861249974673,leaky_and_relied_on,entered_danger,0.0009991064704614,0.004683666592551,True,1775.0,2255.0
home_credit,CODE_GENDER,gbm,full,FLAG_EMAIL,-0.0001116086415466,0.0044766723846136,safe_workhorse,-1.2107446321629745e-05,0.0040901048050605,safe_workhorse,never_danger,9.950119522503798e-05,-0.000386567579553,False,2.0,37.0
home_credit,CODE_GENDER,gbm,full,REG_REGION_NOT_WORK_REGION,0.0001381129422217,0.0042757484800595,safe_workhorse,0.0,0.0,low_low,never_danger,-0.0001381129422217,-0.0042757484800595,False,2.0,53.0
home_credit,CODE_GENDER,gbm,full,LIVINGAPARTMENTS_AVG,0.0001936310869911,0.0039641483820987,leaky_and_relied_on,-1.668626238506832e-05,0.0042063332144648,safe_workhorse,left_danger,-0.0002103173493762,0.000242184832366,False,715.0,2273.0
home_credit,CODE_GENDER,gbm,full,OBS_60_CNT_SOCIAL_CIRCLE,8.796610091139634e-05,0.003924832978558,safe_workhorse,2.9894385645068412e-05,0.0123293390520197,safe_workhorse,never_danger,-5.807171526632792e-05,0.0084045060734617,False,25.0,1425.0
home_credit,CODE_GENDER,gbm,full,FLAG_WORK_PHONE,0.0001371003194384,0.0038226917274035,safe_workhorse,-6.956278250254133e-05,0.0087724122444446,safe_workhorse,never_danger,-0.0002066631019409,0.0049497205170411,False,2.0,500.0
home_credit,CODE_GENDER,gbm,full,NONLIVINGAREA_MODE,6.987097204513848e-05,0.0037102761473041,safe_workhorse,-1.7038479005360152e-05,0.00419239089989,safe_workhorse,never_danger,-8.690945105049863e-05,0.0004821147525858,False,1198.0,1787.0
home_credit,CODE_GENDER,gbm,full,FLAG_PHONE,0.0001344586947864,0.0036653646132829,safe_workhorse,-0.0001797185304905,0.0116993147773097,safe_workhorse,never_danger,-0.000314177225277,0.0080339501640268,False,2.0,724.0
home_credit,CODE_GENDER,gbm,full,REG_CITY_NOT_WORK_CITY,0.0001016144949466,0.0036258989596499,safe_workhorse,0.0001082185565766,0.0021632988538538,low_low,never_danger,6.6040616300000465e-06,-0.0014626001057961,False,2.0,346.0
home_credit,CODE_GENDER,gbm,full,COMMONAREA_MODE,-0.0002918554969677,0.0033191274576125,safe_workhorse,0.0007020117512672,0.0086131763050592,leaky_and_relied_on,entered_danger,0.0009938672482349,0.0052940488474466,True,1239.0,1350.0
home_credit,CODE_GENDER,gbm,full,FLOORSMIN_AVG,0.0001060612297774,0.0031301352336061,safe_workhorse,-0.0007539196756788,0.0123865470666748,safe_workhorse,never_danger,-0.0008599809054563,0.0092564118330687,False,97.0,1013.0
home_credit,CODE_GENDER,gbm,full,COMMONAREA_AVG,0.000181479613592,0.0031074522880628,leaky_and_relied_on,-0.0002604641906865,0.0060877817961639,safe_workhorse,left_danger,-0.0004419438042785,0.0029803295081011,False,1264.0,1408.0
home_credit,CODE_GENDER,gbm,full,LIVINGAPARTMENTS_MODE,0.0001259614688225,0.0030710731911539,safe_workhorse,0.0005072799873378,0.0083819707953575,leaky_and_relied_on,entered_danger,0.0003813185185152,0.0053108976042036,True,450.0,2478.0
home_credit,CODE_GENDER,gbm,full,COMMONAREA_MEDI,9.404183761092532e-05,0.0030554788568271,safe_workhorse,-0.0001731144688606,0.0018903510672548,low_low,never_danger,-0.0002671563064715,-0.0011651277895723,False,1269.0,1324.0
home_credit,CODE_GENDER,gbm,full,YEARS_BUILD_MODE,-5.617855093236202e-05,0.0030015094064692,safe_workhorse,0.0009133857505042,0.0020570866966188,leaky_removable,never_danger,0.0009695643014366,-0.0009444227098503,True,118.0,1564.0
home_credit,CODE_GENDER,gbm,full,DEF_30_CNT_SOCIAL_CIRCLE,-1.532142298150685e-05,0.0029688968488785,low_low,-0.0002769303176839,0.00572811381833,safe_workhorse,never_danger,-0.0002616088947024,0.0027592169694514,False,8.0,382.0
home_credit,CODE_GENDER,gbm,full,NAME_TYPE_SUITE,0.0008755664909032,0.0028475865528354,leaky_removable,0.0006656453852248,0.003790836131868,leaky_and_relied_on,entered_danger,-0.0002099211056783,0.0009432495790325,False,8.0,148.0
home_credit,CODE_GENDER,gbm,full,ENTRANCES_MEDI,-3.799536791118108e-05,0.002842706143857,low_low,-6.951875542497987e-05,0.0046610598127941,safe_workhorse,never_danger,-3.1523387513798796e-05,0.0018183536689371,False,41.0,1429.0
home_credit,CODE_GENDER,gbm,full,CNT_FAM_MEMBERS,0.0012236005388033,0.0028031733864255,leaky_removable,0.0045826464192007,0.0053983369364628,leaky_and_relied_on,entered_danger,0.0033590458803974,0.0025951635500372,False,9.0,2628.0
home_credit,CODE_GENDER,gbm,full,AMT_REQ_CREDIT_BUREAU_MON,1.0126227832696343e-06,0.002707417183146,low_low,0.0005137079406576,0.0011487932645087,leaky_removable,never_danger,0.0005126953178743,-0.0015586239186373,True,19.0,146.0
home_credit,CODE_GENDER,gbm,full,YEARS_BUILD_AVG,8.167022882408226e-05,0.0021487250677496,low_low,0.000713634899736,0.0204882067446215,leaky_and_relied_on,entered_danger,0.0006319646709119,0.0183394816768718,True,119.0,1192.0
home_credit,CODE_GENDER,gbm,full,FLOORSMAX_AVG,0.0001829325071505,0.0020944685357916,leaky_removable,0.000385589145036,0.0220255760893192,leaky_and_relied_on,entered_danger,0.0002026566378855,0.0199311075535275,False,140.0,512.0
home_credit,CODE_GENDER,gbm,full,FLAG_OWN_REALTY,0.000115262888982,0.00199954922129,low_low,0.0001819198843672,0.0031239299574007,leaky_and_relied_on,entered_danger,6.665699538526139e-05,0.0011243807361107,True,2.0,618.0
home_credit,CODE_GENDER,gbm,full,NAME_HOUSING_TYPE,0.0013073400402715,0.0019813704251056,leaky_removable,-5.380108874559752e-05,0.0064360335423723,safe_workhorse,never_danger,-0.0013611411290171,0.0044546631172667,False,6.0,492.0
home_credit,CODE_GENDER,gbm,full,CNT_CHILDREN,0.0004964493262646,0.0018563150089095,leaky_removable,8.01292811105192e-05,0.0053477083098898,safe_workhorse,never_danger,-0.0004163200451541,0.0034913933009803,False,8.0,1208.0
home_credit,CODE_GENDER,gbm,full,YEARS_BUILD_MEDI,0.0,0.0017021538773419,low_low,-1.4749070973651968e-05,0.0160397993099695,safe_workhorse,never_danger,-1.4749070973651968e-05,0.0143376454326275,False,118.0,1202.0
home_credit,CODE_GENDER,gbm,full,NONLIVINGAPARTMENTS_AVG,-0.000349178751916,0.0015385657229729,low_low,-0.0001163635659203,0.0003991976821925,low_low,never_danger,0.0002328151859957,-0.0011393680407803,False,124.0,266.0
home_credit,CODE_GENDER,gbm,full,FLOORSMAX_MEDI,-5.481371152884496e-05,0.0013129920777929,low_low,2.2938107394843144e-05,0.0050432787156393,safe_workhorse,never_danger,7.775181892368809e-05,0.0037302866378464,False,46.0,1035.0
home_credit,CODE_GENDER,gbm,full,YEARS_BEGINEXPLUATATION_MODE,-0.0004091876585938,0.0011805280247587,low_low,9.914897860479057e-05,0.012109342811008,safe_workhorse,never_danger,0.0005083366371986,0.0109288147862493,False,131.0,2297.0
home_credit,CODE_GENDER,gbm,full,AMT_REQ_CREDIT_BUREAU_WEEK,0.0,0.0010667595616429,low_low,0.0,0.0008744455678939,low_low,never_danger,0.0,-0.0001923139937489,False,7.0,37.0
home_credit,CODE_GENDER,gbm,full,LIVE_CITY_NOT_WORK_CITY,0.000489052777239,0.0010195020890155,leaky_removable,0.0003711042365275,0.0016899178190409,leaky_removable,never_danger,-0.0001179485407114,0.0006704157300254,False,2.0,309.0
home_credit,CODE_GENDER,gbm,full,LIVINGAPARTMENTS_MEDI,-5.84679589640924e-05,0.0008911917377575,low_low,0.0001884799189197,0.0032513429787909,leaky_and_relied_on,entered_danger,0.0002469478778838,0.0023601512410334,True,575.0,2349.0
home_credit,CODE_GENDER,gbm,full,WALLSMATERIAL_MODE,4.415915876578858e-05,0.0008527486136989,low_low,0.0001677871924791,0.0024413972619639,leaky_removable,never_danger,0.0001236280337133,0.0015886486482649,True,8.0,182.0
home_credit,CODE_GENDER,gbm,full,NAME_FAMILY_STATUS,0.0124796072080251,0.0007728740010137,leaky_removable,0.0011613022240938,0.0123603073000745,leaky_and_relied_on,entered_danger,-0.0113183049839312,0.0115874332990607,False,5.0,1306.0
home_credit,CODE_GENDER,gbm,full,NONLIVINGAPARTMENTS_MODE,-8.365144731303787e-06,0.0007598498797345,low_low,4.2970427672428535e-05,0.0022152515094904,low_low,never_danger,5.133557240373232e-05,0.0014554016297558,False,57.0,170.0
home_credit,CODE_GENDER,gbm,full,FLOORSMIN_MEDI,0.0,0.0005486183146544,low_low,0.0005672008398605,0.0090280188252505,leaky_and_relied_on,entered_danger,0.0005672008398605,0.0084794005105961,True,41.0,1599.0
home_credit,CODE_GENDER,gbm,full,FLAG_DOCUMENT_5,4.063699256315889e-05,0.0004960063376567,low_low,0.0,0.0028177121673802,low_low,never_danger,-4.063699256315889e-05,0.0023217058297235,False,2.0,20.0
home_credit,CODE_GENDER,gbm,full,FLAG_DOCUMENT_8,0.0144967958193648,0.0004296561249773,leaky_removable,0.0027702717725455,0.0,leaky_removable,never_danger,-0.0117265240468192,-0.0004296561249773,False,2.0,97.0
home_credit,CODE_GENDER,gbm,full,FONDKAPREMONT_MODE,-4.2045859044215206e-05,0.0003989984749144,low_low,2.232172830936019e-05,0.0014106731251411,low_low,never_danger,6.436758735357539e-05,0.0010116746502267,False,5.0,96.0
home_credit,CODE_GENDER,gbm,full,ELEVATORS_MODE,0.0,0.0003377893659874,low_low,-1.237160878684307e-05,0.0100758790029953,safe_workhorse,never_danger,-1.237160878684307e-05,0.0097380896370079,False,26.0,255.0
home_credit,CODE_GENDER,gbm,full,REG_CITY_NOT_LIVE_CITY,-2.5799867434495027e-05,0.0003190837075763,low_low,0.0,0.0017986561053668,low_low,never_danger,2.5799867434495027e-05,0.0014795723977905,False,2.0,96.0
home_credit,CODE_GENDER,gbm,full,ENTRANCES_MODE,1.6334045764776483e-05,0.0002581738494857,low_low,0.0004603030956098,0.0196196160669031,leaky_and_relied_on,entered_danger,0.000443969049845,0.0193614422174174,True,30.0,1467.0
home_credit,CODE_GENDER,gbm,full,FLOORSMAX_MODE,-3.1039089660933604e-05,0.0,low_low,-0.000103375578048,0.0091847939167512,safe_workhorse,never_danger,-7.23364883871147e-05,0.0091847939167512,False,26.0,1019.0
home_credit,CODE_GENDER,gbm,full,FLAG_DOCUMENT_12,0.0,0.0,low_low,0.0,0.0,low_low,never_danger,0.0,0.0,False,1.0,1.0
home_credit,CODE_GENDER,gbm,full,FLAG_DOCUMENT_13,0.0,0.0,low_low,0.0,0.0,low_low,never_danger,0.0,0.0,False,2.0,10.0
home_credit,CODE_GENDER,gbm,full,FLAG_DOCUMENT_14,0.0,0.0,low_low,0.0,0.0,low_low,never_danger,0.0,0.0,False,2.0,14.0
home_credit,CODE_GENDER,gbm,full,ELEVATORS_MEDI,0.0,0.0,low_low,0.0,0.0,low_low,never_danger,0.0,0.0,False,38.0,111.0
home_credit,CODE_GENDER,gbm,full,FLAG_DOCUMENT_16,0.0,0.0,low_low,0.0,0.0029237895270011,low_low,never_danger,0.0,0.0029237895270011,False,2.0,16.0
home_credit,CODE_GENDER,gbm,full,FLAG_DOCUMENT_17,0.0,0.0,low_low,0.0,0.0,low_low,never_danger,0.0,0.0,False,2.0,1.0
home_credit,CODE_GENDER,gbm,full,FLAG_DOCUMENT_19,0.0,0.0,low_low,0.0,0.0,low_low,never_danger,0.0,0.0,False,2.0,4.0
home_credit,CODE_GENDER,gbm,full,FLAG_DOCUMENT_18,0.0,0.0,low_low,0.0,0.0,low_low,never_danger,0.0,0.0,False,2.0,19.0
home_credit,CODE_GENDER,gbm,full,NONLIVINGAPARTMENTS_MEDI,-1.4749070973629763e-05,0.0,low_low,0.0001176403511688,0.0007933206978212,low_low,never_danger,0.0001323894221424,0.0007933206978212,False,76.0,217.0
home_credit,CODE_GENDER,gbm,full,FLAG_DOCUMENT_20,0.0,0.0,low_low,0.0,0.0,low_low,never_danger,0.0,0.0,False,2.0,4.0
home_credit,CODE_GENDER,gbm,full,FLAG_DOCUMENT_11,0.0,0.0,low_low,0.0,0.0,low_low,never_danger,0.0,0.0,False,2.0,15.0
home_credit,CODE_GENDER,gbm,full,FLAG_DOCUMENT_21,0.0,0.0,low_low,0.0,0.0,low_low,never_danger,0.0,0.0,False,2.0,1.0
home_credit,CODE_GENDER,gbm,full,LIVE_REGION_NOT_WORK_REGION,0.0003103468695316,0.0,leaky_removable,0.0001248167648067,0.0018246972194871,low_low,never_danger,-0.0001855301047249,0.0018246972194871,False,2.0,85.0
home_credit,CODE_GENDER,gbm,full,REG_REGION_NOT_LIVE_REGION,-1.1447040158873988e-06,0.0,low_low,0.0,0.0022421323803521,low_low,never_danger,1.1447040158873988e-06,0.0022421323803521,False,2.0,52.0
home_credit,CODE_GENDER,gbm,full,FLAG_CONT_MOBILE,0.0,0.0,low_low,0.1354605749628136,0.0419324977951293,leaky_and_relied_on,entered_danger,0.1354605749628136,0.0419324977951293,True,2.0,30.0
home_credit,CODE_GENDER,gbm,full,FLAG_DOCUMENT_9,0.0,0.0,low_low,0.0,0.0,low_low,never_danger,0.0,0.0,False,2.0,12.0
home_credit,CODE_GENDER,gbm,full,FLAG_EMP_PHONE,5.873212142932793e-05,0.0,low_low,0.0011909324472736,0.0140026409285073,leaky_and_relied_on,entered_danger,0.0011322003258443,0.0140026409285073,True,2.0,2313.0
home_credit,CODE_GENDER,gbm,full,FLAG_DOCUMENT_6,5.2524303497114566e-05,0.0,low_low,0.0,0.0,low_low,never_danger,-5.2524303497114566e-05,0.0,False,2.0,26.0
home_credit,CODE_GENDER,gbm,full,AMT_REQ_CREDIT_BUREAU_DAY,4.931032683719305e-05,0.0,low_low,0.0,0.0,low_low,never_danger,-4.931032683719305e-05,0.0,False,7.0,20.0
home_credit,CODE_GENDER,gbm,full,FLOORSMIN_MODE,3.4781391251259565e-05,0.0,low_low,0.0002715149871473,0.0122101980220129,leaky_and_relied_on,entered_danger,0.000236733595896,0.0122101980220129,True,25.0,1622.0
home_credit,CODE_GENDER,gbm,full,AMT_REQ_CREDIT_BUREAU_HOUR,2.32462969374847e-05,0.0,low_low,0.0,0.0,low_low,never_danger,-2.32462969374847e-05,0.0,False,4.0,17.0
home_credit,CODE_GENDER,gbm,full,FLAG_DOCUMENT_10,0.0,0.0,low_low,0.0,0.0,low_low,never_danger,0.0,0.0,False,2.0,1.0
home_credit,CODE_GENDER,gbm,full,FLAG_MOBIL,0.0,0.0,low_low,0.0,0.0,low_low,never_danger,0.0,0.0,False,2.0,1.0
home_credit,CODE_GENDER,gbm,full,FLAG_OWN_CAR,0.0,0.0,low_low,0.0004444973747754,0.0012730561770758,leaky_removable,never_danger,0.0004444973747754,0.0012730561770758,True,2.0,362.0
home_credit,CODE_GENDER,gbm,full,FLAG_DOCUMENT_4,0.0,0.0,low_low,0.0,0.0,low_low,never_danger,0.0,0.0,False,1.0,1.0
home_credit,CODE_GENDER,gbm,full,EMERGENCYSTATE_MODE,0.0,0.0,low_low,0.0001993986341479,0.0,leaky_removable,never_danger,0.0001993986341479,0.0,True,3.0,17.0
home_credit,CODE_GENDER,gbm,full,FLAG_DOCUMENT_7,0.0,0.0,low_low,0.0,0.0,low_low,never_danger,0.0,0.0,False,2.0,1.0
home_credit,CODE_GENDER,gbm,full,HOUSETYPE_MODE,0.0,0.0,low_low,0.0,0.0,low_low,never_danger,0.0,0.0,False,4.0,32.0
home_credit,CODE_GENDER,gbm,full,FLAG_DOCUMENT_2,0.0,0.0,low_low,0.0,0.0,low_low,never_danger,0.0,0.0,False,1.0,1.0
home_credit,CODE_GENDER,gbm,full,FLAG_DOCUMENT_15,0.0,0.0,low_low,0.0,0.0,low_low,never_danger,0.0,0.0,False,2.0,1.0
home_credit,CODE_GENDER,gbm,random,EXT_SOURCE_3,0.0016299704644349,0.3629704776136346,leaky_and_relied_on,0.0020944561324107,0.3302095488599187,leaky_and_relied_on,stayed_danger,0.0004644856679757,-0.0327609287537158,False,667.0,4653.0
home_credit,CODE_GENDER,gbm,random,EXT_SOURCE_2,0.0001211625173714,0.2700077787832096,safe_workhorse,-0.0007511459697941,0.296629827574982,safe_workhorse,never_danger,-0.0008723084871656,0.0266220487917724,False,13660.0,6579.0
home_credit,CODE_GENDER,gbm,random,EXT_SOURCE_1,0.0308244136308711,0.1571862159466411,leaky_and_relied_on,0.0293604252487367,0.1151244462586409,leaky_and_relied_on,stayed_danger,-0.0014639883821344,-0.0420617696880002,False,6529.0,2409.0
home_credit,CODE_GENDER,gbm,random,DAYS_EMPLOYED,0.0041075061984621,0.0887950603043712,leaky_and_relied_on,0.0046807387479449,0.090531242623841,leaky_and_relied_on,stayed_danger,0.0005732325494827,0.0017361823194698,False,5181.0,5703.0
home_credit,CODE_GENDER,gbm,random,AMT_CREDIT,0.0008239667560342,0.0839770637519708,leaky_and_relied_on,-0.0001317730430567,0.0940535173993325,safe_workhorse,left_danger,-0.000955739799091,0.0100764536473616,False,2217.0,5847.0
home_credit,CODE_GENDER,gbm,random,NAME_EDUCATION_TYPE,0.0003579841674226,0.0725168939233998,leaky_and_relied_on,-4.481956492861094e-05,0.0010339160774329,low_low,left_danger,-0.0004028037323512,-0.0714829778459669,False,5.0,341.0
home_credit,CODE_GENDER,gbm,random,DAYS_BIRTH,0.0147218182126371,0.0701959899373411,leaky_and_relied_on,0.0215724755038845,0.0381341030072551,leaky_and_relied_on,stayed_danger,0.0068506572912474,-0.0320618869300859,False,9756.0,6424.0
home_credit,CODE_GENDER,gbm,random,AMT_GOODS_PRICE,0.0004302766287322,0.0692202229313662,leaky_and_relied_on,0.0013569145295741,0.0651636025731697,leaky_and_relied_on,stayed_danger,0.0009266379008419,-0.0040566203581965,False,400.0,4407.0
home_credit,CODE_GENDER,gbm,random,NAME_INCOME_TYPE,0.0034200674098584,0.0468379733301571,leaky_and_relied_on,0.0020073265459724,0.0811583871084573,leaky_and_relied_on,stayed_danger,-0.0014127408638859,0.0343204137783001,False,7.0,117.0
home_credit,CODE_GENDER,gbm,random,OWN_CAR_AGE,0.0394973956882961,0.0462350807432938,leaky_and_relied_on,0.0158867746841663,0.0080024767023237,leaky_and_relied_on,stayed_danger,-0.0236106210041297,-0.0382326040409701,False,52.0,683.0
home_credit,CODE_GENDER,gbm,random,ORGANIZATION_TYPE,0.0092835935957332,0.0379384294787192,leaky_and_relied_on,0.0045211846189645,0.0071302533074232,leaky_and_relied_on,stayed_danger,-0.0047624089767686,-0.030808176171296,False,57.0,2466.0
home_credit,CODE_GENDER,gbm,random,NAME_CONTRACT_TYPE,-0.0002238336621789,0.0358026025868618,safe_workhorse,-1.857942671883439e-05,0.0103325698270296,safe_workhorse,never_danger,0.0002052542354601,-0.0254700327598322,False,2.0,235.0
home_credit,CODE_GENDER,gbm,random,AMT_ANNUITY,-0.0004193579135039,0.0348627782938948,safe_workhorse,0.0001763284455207,0.0462424698930346,leaky_and_relied_on,entered_danger,0.0005956863590246,0.0113796915991398,True,5242.0,6255.0
home_credit,CODE_GENDER,gbm,random,DAYS_ID_PUBLISH,0.0049035157602628,0.032820894232603,leaky_and_relied_on,0.0092503971792734,0.0407121559387267,leaky_and_relied_on,stayed_danger,0.0043468814190105,0.0078912617061236,False,4987.0,6350.0
home_credit,CODE_GENDER,gbm,random,DAYS_LAST_PHONE_CHANGE,-7.23364883870703e-05,0.0266571429867275,safe_workhorse,0.000447006918195,0.0220040571389323,leaky_and_relied_on,entered_danger,0.000519343406582,-0.0046530858477952,True,2930.0,6008.0
home_credit,CODE_GENDER,gbm,random,FLAG_DOCUMENT_3,0.0002120344054,0.0245182698636316,leaky_and_relied_on,0.003147627854083,0.0106364841471722,leaky_and_relied_on,stayed_danger,0.0029355934486829,-0.0138817857164594,False,2.0,87.0
home_credit,CODE_GENDER,gbm,random,LIVINGAREA_MEDI,0.0001600384268332,0.019125815061898,safe_workhorse,0.0004137664746573,0.0018293587472277,leaky_removable,never_danger,0.0002537280478241,-0.0172964563146702,True,2542.0,3683.0
home_credit,CODE_GENDER,gbm,random,DAYS_REGISTRATION,5.956863590244055e-05,0.0175054204768961,safe_workhorse,0.0001916938955798,0.0193822891012021,leaky_and_relied_on,entered_danger,0.0001321252596773,0.0018768686243059,True,8430.0,6393.0
home_credit,CODE_GENDER,gbm,random,BASEMENTAREA_AVG,8.052552480823927e-05,0.0160386972386186,safe_workhorse,1.6201964532380763e-05,0.0020482341093301,low_low,never_danger,-6.43235602758585e-05,-0.0139904631292884,False,1952.0,2449.0
home_credit,CODE_GENDER,gbm,random,AMT_REQ_CREDIT_BUREAU_QRT,-5.4153305365733925e-06,0.0137724968458448,safe_workhorse,0.0001665104072308,0.0182850627342717,leaky_and_relied_on,entered_danger,0.0001719257377674,0.0045125658884269,True,8.0,457.0
home_credit,CODE_GENDER,gbm,random,NONLIVINGAREA_AVG,-3.2139766599215136e-05,0.0130510305944666,safe_workhorse,0.0005588356951294,0.0054679534784623,leaky_and_relied_on,entered_danger,0.0005909754617286,-0.0075830771160043,True,1223.0,2159.0
home_credit,CODE_GENDER,gbm,random,HOUR_APPR_PROCESS_START,-1.144704015862974e-05,0.01279224869735,safe_workhorse,0.0011460688552675,0.0131027370153955,leaky_and_relied_on,entered_danger,0.0011575158954261,0.0003104883180454,True,23.0,3204.0
home_credit,CODE_GENDER,gbm,random,ENTRANCES_AVG,-0.0001181686760991,0.0125941145132403,safe_workhorse,0.0430035800618098,0.0179786507380906,leaky_and_relied_on,entered_danger,0.0431217487379089,0.0053845362248502,True,121.0,362.0
home_credit,CODE_GENDER,gbm,random,AMT_INCOME_TOTAL,0.0261824627382332,0.0115897772426679,leaky_and_relied_on,0.0161674032763632,0.0244459384168599,leaky_and_relied_on,stayed_danger,-0.01001505946187,0.0128561611741919,False,369.0,2590.0
home_credit,CODE_GENDER,gbm,random,OBS_30_CNT_SOCIAL_CIRCLE,-6.194609808929386e-05,0.0112274814511229,safe_workhorse,0.0002263432055984,0.0035436443886666,leaky_and_relied_on,entered_danger,0.0002882893036877,-0.0076838370624562,True,25.0,479.0
home_credit,CODE_GENDER,gbm,random,YEARS_BEGINEXPLUATATION_AVG,6.097750238354127e-05,0.0097819394956773,safe_workhorse,0.0002922077135881,0.0052520903820914,leaky_and_relied_on,entered_danger,0.0002312302112045,-0.0045298491135859,True,132.0,3009.0
home_credit,CODE_GENDER,gbm,random,AMT_REQ_CREDIT_BUREAU_YEAR,0.0005009841152506,0.0097170210685116,leaky_and_relied_on,0.0004964933533423,0.0154527625371867,leaky_and_relied_on,stayed_danger,-4.490761908293407e-06,0.0057357414686751,False,14.0,119.0
home_credit,CODE_GENDER,gbm,random,NONLIVINGAREA_MEDI,4.5259835704114514e-05,0.0091068441921728,safe_workhorse,0.0013246426817422,0.0097055680697796,leaky_and_relied_on,entered_danger,0.0012793828460381,0.0005987238776067,True,1228.0,2383.0
home_credit,CODE_GENDER,gbm,random,LIVINGAREA_AVG,-2.637221944234991e-05,0.0085888855669877,safe_workhorse,0.0009718537094686,0.0024783139385484,leaky_removable,never_danger,0.0009982259289109,-0.0061105716284393,True,2534.0,3590.0
home_credit,CODE_GENDER,gbm,random,OCCUPATION_TYPE,0.127942247040775,0.0085621552092302,leaky_and_relied_on,0.0147711285394745,0.0061669450824723,leaky_and_relied_on,stayed_danger,-0.1131711185013004,-0.0023952101267578,False,19.0,2107.0
home_credit,CODE_GENDER,gbm,random,LANDAREA_MODE,-9.641929979780084e-05,0.0077281408944803,safe_workhorse,-0.0001780895286217,0.0092870082487562,safe_workhorse,never_danger,-8.167022882394903e-05,0.0015588673542759,False,1773.0,3093.0
home_credit,CODE_GENDER,gbm,random,APARTMENTS_MODE,-7.832417093165401e-05,0.0074753120167511,safe_workhorse,-0.0001265338208303,0.0110449342199882,safe_workhorse,never_danger,-4.820964989873388e-05,0.0035696222032371,False,483.0,3744.0
home_credit,CODE_GENDER,gbm,random,BASEMENTAREA_MEDI,-7.607878997741845e-05,0.0074513559216512,safe_workhorse,0.0004426482375191,0.0005895813766665,leaky_removable,never_danger,0.0005187270274966,-0.0068617745449846,True,1949.0,2745.0
home_credit,CODE_GENDER,gbm,random,LIVINGAREA_MODE,4.671272926271008e-05,0.0064932504162312,safe_workhorse,-0.0001670827592384,0.003054268143912,safe_workhorse,never_danger,-0.0002137954885011,-0.0034389822723192,False,2491.0,3577.0
home_credit,CODE_GENDER,gbm,random,YEARS_BEGINEXPLUATATION_MEDI,0.0001448490850842,0.0062959054286724,safe_workhorse,5.9172392204853706e-05,0.0126828840439171,safe_workhorse,never_danger,-8.56766928794217e-05,0.0063869786152447,False,130.0,2432.0
home_credit,CODE_GENDER,gbm,random,TOTALAREA_MODE,-7.198427176677847e-05,0.0062895914562826,safe_workhorse,0.000694879364707,0.0038974917637895,leaky_and_relied_on,entered_danger,0.0007668636364738,-0.002392099692493,True,2492.0,4138.0
home_credit,CODE_GENDER,gbm,random,LANDAREA_AVG,6.586450798968801e-05,0.0056844436881745,safe_workhorse,-0.0002284124782422,0.0059084661269305,safe_workhorse,never_danger,-0.0002942769862319,0.0002240224387559,False,1781.0,3221.0
home_credit,CODE_GENDER,gbm,random,BASEMENTAREA_MODE,6.753753693595765e-05,0.0054408669195898,safe_workhorse,-0.0002011597172491,0.0149883372950662,safe_workhorse,never_danger,-0.000268697254185,0.0095474703754764,False,1957.0,2563.0
home_credit,CODE_GENDER,gbm,random,APARTMENTS_AVG,-0.0001002056284656,0.0052522974430863,safe_workhorse,0.0001349429926394,0.001096292190797,low_low,never_danger,0.000235148621105,-0.0041560052522893,False,894.0,2974.0
home_credit,CODE_GENDER,gbm,random,WEEKDAY_APPR_PROCESS_START,-6.727337447076653e-05,0.0052342809779276,safe_workhorse,0.0004783101703211,0.0054306037602683,leaky_and_relied_on,entered_danger,0.0005455835447919,0.0001963227823407,True,7.0,2517.0
home_credit,CODE_GENDER,gbm,random,DEF_60_CNT_SOCIAL_CIRCLE,7.81480626215636e-05,0.0051780589452955,safe_workhorse,0.0,0.0069654916191294,safe_workhorse,never_danger,-7.81480626215636e-05,0.0017874326738338,False,7.0,206.0
home_credit,CODE_GENDER,gbm,random,APARTMENTS_MEDI,0.0001062813651651,0.0050575620538058,safe_workhorse,0.00038070213943,0.0051460817915783,leaky_and_relied_on,entered_danger,0.0002744207742648,8.851973777252668e-05,True,649.0,2628.0
home_credit,CODE_GENDER,gbm,random,ELEVATORS_AVG,-0.000147138493116,0.0050493783957501,safe_workhorse,-0.000148063061744,0.0043538717240601,safe_workhorse,never_danger,-9.245686280357098e-07,-0.0006955066716899,False,107.0,819.0
home_credit,CODE_GENDER,gbm,random,LANDAREA_MEDI,-0.0002095688890581,0.0046024584049162,safe_workhorse,-0.0003780605147776,0.0104062818530916,safe_workhorse,never_danger,-0.0001684916257195,0.0058038234481754,False,1775.0,2512.0
home_credit,CODE_GENDER,gbm,random,FLAG_EMAIL,-0.0001116086415466,0.0044766723846136,safe_workhorse,-0.0003731735091714,0.0057947629637253,safe_workhorse,never_danger,-0.0002615648676247,0.0013180905791117,False,2.0,109.0
home_credit,CODE_GENDER,gbm,random,REG_REGION_NOT_WORK_REGION,0.0001381129422217,0.0042757484800595,safe_workhorse,0.0,0.0012918701243392,low_low,never_danger,-0.0001381129422217,-0.0029838783557203,False,2.0,59.0
home_credit,CODE_GENDER,gbm,random,LIVINGAPARTMENTS_AVG,0.0001936310869911,0.0039641483820987,leaky_and_relied_on,-0.000597975767056,0.0031741782352758,safe_workhorse,left_danger,-0.0007916068540471,-0.0007899701468229,False,715.0,2096.0
home_credit,CODE_GENDER,gbm,random,OBS_60_CNT_SOCIAL_CIRCLE,8.796610091139634e-05,0.003924832978558,safe_workhorse,0.0002188145753402,0.0025705880268432,leaky_removable,never_danger,0.0001308484744289,-0.0013542449517147,True,25.0,456.0
home_credit,CODE_GENDER,gbm,random,FLAG_WORK_PHONE,0.0001371003194384,0.0038226917274035,safe_workhorse,-3.3240443537385646e-05,0.0032267504143547,safe_workhorse,never_danger,-0.0001703407629757,-0.0005959413130487,False,2.0,339.0
home_credit,CODE_GENDER,gbm,random,NONLIVINGAREA_MODE,6.987097204513848e-05,0.0037102761473041,safe_workhorse,0.0002135313260363,0.0093312746659993,leaky_and_relied_on,entered_danger,0.0001436603539912,0.0056209985186951,True,1198.0,1485.0
home_credit,CODE_GENDER,gbm,random,FLAG_PHONE,0.0001344586947864,0.0036653646132829,safe_workhorse,-1.0126227830253854e-06,0.0020130360644626,low_low,never_danger,-0.0001354713175695,-0.0016523285488203,False,2.0,10.0
home_credit,CODE_GENDER,gbm,random,REG_CITY_NOT_WORK_CITY,0.0001016144949466,0.0036258989596499,safe_workhorse,0.0001584534520422,0.0016092108746233,low_low,never_danger,5.683895709565067e-05,-0.0020166880850265,False,2.0,224.0
home_credit,CODE_GENDER,gbm,random,COMMONAREA_MODE,-0.0002918554969677,0.0033191274576125,safe_workhorse,0.0009873952678378,0.0059024426650383,leaky_and_relied_on,entered_danger,0.0012792507648055,0.0025833152074257,True,1239.0,2837.0
home_credit,CODE_GENDER,gbm,random,FLOORSMIN_AVG,0.0001060612297774,0.0031301352336061,safe_workhorse,0.0021908314051309,0.0065643740354315,leaky_and_relied_on,entered_danger,0.0020847701753534,0.0034342388018254,True,97.0,1897.0
home_credit,CODE_GENDER,gbm,random,COMMONAREA_AVG,0.000181479613592,0.0031074522880628,leaky_and_relied_on,0.0001240242774112,0.0194286767619752,safe_workhorse,left_danger,-5.745533618073395e-05,0.0163212244739124,False,1264.0,2255.0
home_credit,CODE_GENDER,gbm,random,LIVINGAPARTMENTS_MODE,0.0001259614688225,0.0030710731911539,safe_workhorse,0.0001318610972121,0.0025918816292375,low_low,never_danger,5.899628389594014e-06,-0.0004791915619163,False,450.0,2800.0
home_credit,CODE_GENDER,gbm,random,COMMONAREA_MEDI,9.404183761092532e-05,0.0030554788568271,safe_workhorse,7.224843423219163e-05,0.0018227000582977,low_low,never_danger,-2.1793403378733695e-05,-0.0012327787985294,False,1269.0,2004.0
home_credit,CODE_GENDER,gbm,random,YEARS_BUILD_MODE,-5.617855093236202e-05,0.0030015094064692,safe_workhorse,-1.4528935585755851e-05,0.0040615905105641,safe_workhorse,never_danger,4.164961534660616e-05,0.0010600811040949,False,118.0,3011.0
home_credit,CODE_GENDER,gbm,random,DEF_30_CNT_SOCIAL_CIRCLE,-1.532142298150685e-05,0.0029688968488785,low_low,0.0,0.0039269947855637,safe_workhorse,never_danger,1.532142298150685e-05,0.0009580979366852,False,8.0,136.0
home_credit,CODE_GENDER,gbm,random,NAME_TYPE_SUITE,0.0008755664909032,0.0028475865528354,leaky_removable,0.0004780460078559,0.0013446655655662,leaky_removable,never_danger,-0.0003975204830472,-0.0015029209872692,False,8.0,167.0
home_credit,CODE_GENDER,gbm,random,ENTRANCES_MEDI,-3.799536791118108e-05,0.002842706143857,low_low,0.0011893474724826,0.0057936605361606,leaky_and_relied_on,entered_danger,0.0012273428403938,0.0029509543923035,True,41.0,1953.0
home_credit,CODE_GENDER,gbm,random,CNT_FAM_MEMBERS,0.0012236005388033,0.0028031733864255,leaky_removable,0.0056817383827403,0.0077643138178711,leaky_and_relied_on,entered_danger,0.0044581378439369,0.0049611404314456,False,9.0,165.0
home_credit,CODE_GENDER,gbm,random,AMT_REQ_CREDIT_BUREAU_MON,1.0126227832696343e-06,0.002707417183146,low_low,5.437344075365225e-05,0.0007316913644059,low_low,never_danger,5.3360817970382614e-05,-0.00197572581874,False,19.0,448.0
home_credit,CODE_GENDER,gbm,random,YEARS_BUILD_AVG,8.167022882408226e-05,0.0021487250677496,low_low,6.868224095368802e-06,0.0048475781305529,safe_workhorse,never_danger,-7.480200472871347e-05,0.0026988530628032,False,119.0,2177.0
home_credit,CODE_GENDER,gbm,random,FLOORSMAX_AVG,0.0001829325071505,0.0020944685357916,leaky_removable,0.0023978907507697,0.0152738654332588,leaky_and_relied_on,entered_danger,0.0022149582436192,0.0131793968974671,False,140.0,2274.0
home_credit,CODE_GENDER,gbm,random,FLAG_OWN_REALTY,0.000115262888982,0.00199954922129,low_low,0.0001248167648068,0.003705419524748,safe_workhorse,never_danger,9.553875824797052e-06,0.0017058703034579,False,2.0,315.0
home_credit,CODE_GENDER,gbm,random,NAME_HOUSING_TYPE,0.0013073400402715,0.0019813704251056,leaky_removable,4.5788160634807616e-05,0.0062172696747331,safe_workhorse,never_danger,-0.0012615518796367,0.0042358992496275,False,6.0,391.0
home_credit,CODE_GENDER,gbm,random,CNT_CHILDREN,0.0004964493262646,0.0018563150089095,leaky_removable,0.0004868954504401,0.0006238506959086,leaky_removable,never_danger,-9.553875824486213e-06,-0.0012324643130008,False,8.0,507.0
home_credit,CODE_GENDER,gbm,random,YEARS_BUILD_MEDI,0.0,0.0017021538773419,low_low,0.0003088939759733,0.0021502082175954,leaky_removable,never_danger,0.0003088939759733,0.0004480543402534,True,118.0,1765.0
home_credit,CODE_GENDER,gbm,random,NONLIVINGAPARTMENTS_AVG,-0.000349178751916,0.0015385657229729,low_low,-0.0001026271177298,0.000865487279812,low_low,never_danger,0.0002465516341862,-0.0006730784431608,False,124.0,590.0
home_credit,CODE_GENDER,gbm,random,FLOORSMAX_MEDI,-5.481371152884496e-05,0.0013129920777929,low_low,0.0002572502140268,0.0082742939567974,leaky_and_relied_on,entered_danger,0.0003120639255556,0.0069613018790045,True,46.0,1236.0
home_credit,CODE_GENDER,gbm,random,YEARS_BEGINEXPLUATATION_MODE,-0.0004091876585938,0.0011805280247587,low_low,0.0007276355103917,0.0035382112607478,leaky_and_relied_on,entered_danger,0.0011368231689855,0.0023576832359891,True,131.0,963.0
home_credit,CODE_GENDER,gbm,random,AMT_REQ_CREDIT_BUREAU_WEEK,0.0,0.0010667595616429,low_low,-1.3912556500339512e-05,0.0005505733188823,low_low,never_danger,-1.3912556500339512e-05,-0.0005161862427605,False,7.0,25.0
home_credit,CODE_GENDER,gbm,random,LIVE_CITY_NOT_WORK_CITY,0.000489052777239,0.0010195020890155,leaky_removable,-7.968901033499343e-05,0.0009760654600309,low_low,never_danger,-0.000568741787574,-4.343662898457384e-05,False,2.0,253.0
home_credit,CODE_GENDER,gbm,random,LIVINGAPARTMENTS_MEDI,-5.84679589640924e-05,0.0008911917377575,low_low,5.18638973342922e-05,0.002747238667869,low_low,never_danger,0.0001103318562983,0.0018560469301115,False,575.0,2044.0
home_credit,CODE_GENDER,gbm,random,WALLSMATERIAL_MODE,4.415915876578858e-05,0.0008527486136989,low_low,-0.0001764605267529,0.0050123601883827,safe_workhorse,never_danger,-0.0002206196855187,0.0041596115746837,False,8.0,476.0
home_credit,CODE_GENDER,gbm,random,NAME_FAMILY_STATUS,0.0124796072080251,0.0007728740010137,leaky_removable,0.0037799007145376,0.0159440959488375,leaky_and_relied_on,entered_danger,-0.0086997064934874,0.0151712219478238,False,5.0,40.0
home_credit,CODE_GENDER,gbm,random,NONLIVINGAPARTMENTS_MODE,-8.365144731303787e-06,0.0007598498797345,low_low,3.79073137562802e-05,0.0005145901014355,low_low,never_danger,4.627245848758399e-05,-0.000245259778299,False,57.0,444.0
home_credit,CODE_GENDER,gbm,random,FLOORSMIN_MEDI,0.0,0.0005486183146544,low_low,0.0007621527391778,0.003532982772932,leaky_and_relied_on,entered_danger,0.0007621527391778,0.0029843644582776,True,41.0,780.0
home_credit,CODE_GENDER,gbm,random,FLAG_DOCUMENT_5,4.063699256315889e-05,0.0004960063376567,low_low,-4.891408313925094e-05,0.0,low_low,never_danger,-8.955107570240983e-05,-0.0004960063376567,False,2.0,84.0
home_credit,CODE_GENDER,gbm,random,FLAG_DOCUMENT_8,0.0144967958193648,0.0004296561249773,leaky_removable,0.0,0.0,low_low,never_danger,-0.0144967958193648,-0.0004296561249773,False,2.0,17.0
home_credit,CODE_GENDER,gbm,random,FONDKAPREMONT_MODE,-4.2045859044215206e-05,0.0003989984749144,low_low,0.0,0.0011110545472296,low_low,never_danger,4.2045859044215206e-05,0.0007120560723151,False,5.0,212.0
home_credit,CODE_GENDER,gbm,random,ELEVATORS_MODE,0.0,0.0003377893659874,low_low,0.0006450407129394,0.0,leaky_removable,never_danger,0.0006450407129394,-0.0003377893659874,True,26.0,397.0
home_credit,CODE_GENDER,gbm,random,REG_CITY_NOT_LIVE_CITY,-2.5799867434495027e-05,0.0003190837075763,low_low,0.0,0.0017226404696338,low_low,never_danger,2.5799867434495027e-05,0.0014035567620575,False,2.0,38.0
home_credit,CODE_GENDER,gbm,random,ENTRANCES_MODE,1.6334045764776483e-05,0.0002581738494857,low_low,-9.699165180550027e-05,0.0047262776024219,safe_workhorse,never_danger,-0.0001133256975702,0.0044681037529362,False,30.0,1454.0
home_credit,CODE_GENDER,gbm,random,FLOORSMAX_MODE,-3.1039089660933604e-05,0.0,low_low,0.001079147697417,0.0075490452112358,leaky_and_relied_on,entered_danger,0.0011101867870779,0.0075490452112358,True,26.0,792.0
home_credit,CODE_GENDER,gbm,random,FLAG_DOCUMENT_12,0.0,0.0,low_low,0.0,0.0,low_low,never_danger,0.0,0.0,False,1.0,1.0
home_credit,CODE_GENDER,gbm,random,FLAG_DOCUMENT_13,0.0,0.0,low_low,0.0,0.0,low_low,never_danger,0.0,0.0,False,2.0,9.0
home_credit,CODE_GENDER,gbm,random,FLAG_DOCUMENT_14,0.0,0.0,low_low,0.0,0.0,low_low,never_danger,0.0,0.0,False,2.0,17.0
home_credit,CODE_GENDER,gbm,random,ELEVATORS_MEDI,0.0,0.0,low_low,-0.0002293370468704,0.0017549140486665,low_low,never_danger,-0.0002293370468704,0.0017549140486665,False,38.0,250.0
home_credit,CODE_GENDER,gbm,random,FLAG_DOCUMENT_16,0.0,0.0,low_low,0.0,0.0051262499703708,safe_workhorse,never_danger,0.0,0.0051262499703708,False,2.0,57.0
home_credit,CODE_GENDER,gbm,random,FLAG_DOCUMENT_17,0.0,0.0,low_low,0.0,0.0,low_low,never_danger,0.0,0.0,False,2.0,3.0
home_credit,CODE_GENDER,gbm,random,FLAG_DOCUMENT_19,0.0,0.0,low_low,0.0,0.0,low_low,never_danger,0.0,0.0,False,2.0,3.0
home_credit,CODE_GENDER,gbm,random,FLAG_DOCUMENT_18,0.0,0.0,low_low,0.0,0.0004040411417202,low_low,never_danger,0.0,0.0004040411417202,False,2.0,37.0
home_credit,CODE_GENDER,gbm,random,NONLIVINGAPARTMENTS_MEDI,-1.4749070973629763e-05,0.0,low_low,-0.000108350637809,0.0,low_low,never_danger,-9.360156683544397e-05,0.0,False,76.0,468.0
home_credit,CODE_GENDER,gbm,random,FLAG_DOCUMENT_20,0.0,0.0,low_low,0.0,0.0,low_low,never_danger,0.0,0.0,False,2.0,4.0
home_credit,CODE_GENDER,gbm,random,FLAG_DOCUMENT_11,0.0,0.0,low_low,0.0,0.0,low_low,never_danger,0.0,0.0,False,2.0,25.0
home_credit,CODE_GENDER,gbm,random,FLAG_DOCUMENT_21,0.0,0.0,low_low,0.0,0.0,low_low,never_danger,0.0,0.0,False,2.0,1.0
home_credit,CODE_GENDER,gbm,random,LIVE_REGION_NOT_WORK_REGION,0.0003103468695316,0.0,leaky_removable,0.0002596276762135,0.0012716231074379,leaky_removable,never_danger,-5.071919331804952e-05,0.0012716231074379,False,2.0,76.0
home_credit,CODE_GENDER,gbm,random,REG_REGION_NOT_LIVE_REGION,-1.1447040158873988e-06,0.0,low_low,0.0001330498283056,0.0002786416879229,low_low,never_danger,0.0001341945323215,0.0002786416879229,False,2.0,51.0
home_credit,CODE_GENDER,gbm,random,FLAG_CONT_MOBILE,0.0,0.0,low_low,0.013295605063026,0.0660691222752938,leaky_and_relied_on,entered_danger,0.013295605063026,0.0660691222752938,True,2.0,174.0
home_credit,CODE_GENDER,gbm,random,FLAG_DOCUMENT_9,0.0,0.0,low_low,0.0,0.0,low_low,never_danger,0.0,0.0,False,2.0,24.0
home_credit,CODE_GENDER,gbm,random,FLAG_EMP_PHONE,5.873212142932793e-05,0.0,low_low,4.446734831020649e-06,0.0003490494201197,low_low,never_danger,-5.428538659830728e-05,0.0003490494201197,False,2.0,294.0
home_credit,CODE_GENDER,gbm,random,FLAG_DOCUMENT_6,5.2524303497114566e-05,0.0,low_low,0.0002603321094541,0.0007180439065709,leaky_removable,never_danger,0.000207807805957,0.0007180439065709,True,2.0,55.0
home_credit,CODE_GENDER,gbm,random,AMT_REQ_CREDIT_BUREAU_DAY,4.931032683719305e-05,0.0,low_low,0.0001294836350254,0.0,low_low,never_danger,8.017330818825829e-05,0.0,False,7.0,30.0
home_credit,CODE_GENDER,gbm,random,FLOORSMIN_MODE,3.4781391251259565e-05,0.0,low_low,4.314653598271878e-05,0.0145026966975073,safe_workhorse,never_danger,8.365144731459218e-06,0.0145026966975073,False,25.0,1497.0
home_credit,CODE_GENDER,gbm,random,AMT_REQ_CREDIT_BUREAU_HOUR,2.32462969374847e-05,0.0,low_low,0.0,0.0,low_low,never_danger,-2.32462969374847e-05,0.0,False,4.0,30.0
home_credit,CODE_GENDER,gbm,random,FLAG_DOCUMENT_10,0.0,0.0,low_low,0.0,0.0,low_low,never_danger,0.0,0.0,False,2.0,1.0
home_credit,CODE_GENDER,gbm,random,FLAG_MOBIL,0.0,0.0,low_low,0.0,0.0,low_low,never_danger,0.0,0.0,False,2.0,1.0
home_credit,CODE_GENDER,gbm,random,FLAG_OWN_CAR,0.0,0.0,low_low,0.0012114930924818,0.0022093819198802,leaky_removable,never_danger,0.0012114930924818,0.0022093819198802,True,2.0,45.0
home_credit,CODE_GENDER,gbm,random,FLAG_DOCUMENT_4,0.0,0.0,low_low,0.0,0.0,low_low,never_danger,0.0,0.0,False,1.0,1.0
home_credit,CODE_GENDER,gbm,random,EMERGENCYSTATE_MODE,0.0,0.0,low_low,0.0,0.0,low_low,never_danger,0.0,0.0,False,3.0,34.0
home_credit,CODE_GENDER,gbm,random,FLAG_DOCUMENT_7,0.0,0.0,low_low,0.0,0.0,low_low,never_danger,0.0,0.0,False,2.0,1.0
home_credit,CODE_GENDER,gbm,random,HOUSETYPE_MODE,0.0,0.0,low_low,0.0,0.0003551988626511,low_low,never_danger,0.0,0.0003551988626511,False,4.0,47.0
home_credit,CODE_GENDER,gbm,random,FLAG_DOCUMENT_2,0.0,0.0,low_low,0.0,0.0,low_low,never_danger,0.0,0.0,False,1.0,1.0
home_credit,CODE_GENDER,gbm,random,FLAG_DOCUMENT_15,0.0,0.0,low_low,0.0,0.0,low_low,never_danger,0.0,0.0,False,2.0,9.0
home_credit,REGION_RATING_CLIENT,gbm,single_pass,EXT_SOURCE_3,-0.00082846660816005,0.3629704776136346,safe_workhorse,-0.00017143912887556122,0.3570468770085299,safe_workhorse,never_danger,0.0006570274792844887,-0.005923600605104717,False,667.0,667.0
home_credit,REGION_RATING_CLIENT,gbm,single_pass,EXT_SOURCE_2,0.0655102866073937,0.2700077787832096,leaky_and_relied_on,0.0574964865881004,0.2634005991167546,leaky_and_relied_on,stayed_danger,-0.008013800019293305,-0.006607179666454965,False,13660.0,6578.0
home_credit,REGION_RATING_CLIENT,gbm,single_pass,EXT_SOURCE_1,0.0015919197275661157,0.15718621594664112,leaky_and_relied_on,-0.0007818075334772523,0.1622858477085568,safe_workhorse,left_danger,-0.002373727261043368,0.0050996317619156906,False,6529.0,6529.0
home_credit,REGION_RATING_CLIENT,gbm,single_pass,DAYS_EMPLOYED,0.0009852425353697348,0.08879506030437123,leaky_and_relied_on,0.002089542061509664,0.09971033616790743,leaky_and_relied_on,stayed_danger,0.0011042995261399291,0.010915275863536203,False,5181.0,5181.0
home_credit,REGION_RATING_CLIENT,gbm,single_pass,AMT_CREDIT,0.0018274856708296872,0.08397706375197088,leaky_and_relied_on,0.0013524258767660946,0.09189751498826378,leaky_and_relied_on,stayed_danger,-0.00047505979406359256,0.007920451236292897,False,2217.0,3057.0
home_credit,REGION_RATING_CLIENT,gbm,single_pass,NAME_EDUCATION_TYPE,4.15161899864902e-06,0.0725168939233998,safe_workhorse,0.0005909371319695155,0.06495946117770847,leaky_and_relied_on,entered_danger,0.0005867855129708666,-0.007557432745691331,True,5.0,5.0
home_credit,REGION_RATING_CLIENT,gbm,single_pass,DAYS_BIRTH,-6.971859770765754e-05,0.07019598993734111,safe_workhorse,0.00019285170033993547,0.0679970649624156,safe_workhorse,never_danger,0.000262570298047593,-0.0021989249749255063,False,9756.0,9756.0
home_credit,REGION_RATING_CLIENT,gbm,single_pass,AMT_GOODS_PRICE,-0.0011376412782482693,0.06922022293136627,safe_workhorse,0.0004161065381074858,0.06962572454314331,safe_workhorse,never_danger,0.001553747816355755,0.00040550161177703437,False,400.0,960.0
home_credit,REGION_RATING_CLIENT,gbm,single_pass,NAME_INCOME_TYPE,0.004160677269931123,0.04683797333015717,leaky_and_relied_on,0.00793110542983413,0.070689693189179,leaky_and_relied_on,stayed_danger,0.003770428159903006,0.023851719859021833,False,7.0,7.0
home_credit,REGION_RATING_CLIENT,gbm,single_pass,OWN_CAR_AGE,0.002429410679792121,0.04623508074329385,leaky_and_relied_on,0.004340359337924182,0.047595469606414156,leaky_and_relied_on,stayed_danger,0.001910948658132061,0.0013603888631203084,False,52.0,52.0
home_credit,REGION_RATING_CLIENT,gbm,single_pass,ORGANIZATION_TYPE,0.0016342492069396863,0.03793842947871926,leaky_and_relied_on,0.0028299400484687043,0.026696909852845906,leaky_and_relied_on,stayed_danger,0.001195690841529018,-0.011241519625873355,False,57.0,57.0
home_credit,REGION_RATING_CLIENT,gbm,single_pass,NAME_CONTRACT_TYPE,0.0001007887494452131,0.035802602586861895,safe_workhorse,8.153230089253949e-05,0.02701343995491435,safe_workhorse,never_danger,-1.9256448552673608e-05,-0.008789162631947546,False,2.0,2.0
home_credit,REGION_RATING_CLIENT,gbm,single_pass,AMT_ANNUITY,0.00428099614433608,0.03486277829389481,leaky_and_relied_on,0.002418818853511495,0.042759893188007346,leaky_and_relied_on,stayed_danger,-0.001862177290824585,0.007897114894112538,False,5242.0,5179.0
home_credit,REGION_RATING_CLIENT,gbm,single_pass,DAYS_ID_PUBLISH,0.0004154874887416282,0.03282089423260303,safe_workhorse,0.00012644481752699388,0.028667836763901892,safe_workhorse,never_danger,-0.0002890426712146343,-0.004153057468701139,False,4987.0,4987.0
home_credit,REGION_RATING_CLIENT,gbm,single_pass,DAYS_LAST_PHONE_CHANGE,0.0018729084720596977,0.02665714298672757,leaky_and_relied_on,0.000810000801245403,0.02736134696830952,leaky_and_relied_on,stayed_danger,-0.0010629076708142948,0.0007042039815819516,False,2930.0,2930.0
home_credit,REGION_RATING_CLIENT,gbm,single_pass,FLAG_DOCUMENT_3,0.0007239244373702603,0.024518269863631655,leaky_and_relied_on,0.0005718500288435013,0.03546830699284665,leaky_and_relied_on,stayed_danger,-0.00015207440852675895,0.010950037129214996,False,2.0,2.0
home_credit,REGION_RATING_CLIENT,gbm,single_pass,LIVINGAREA_MEDI,0.00017119955189066617,0.019125815061898015,safe_workhorse,0.0004202617298502798,0.004105495878993945,safe_workhorse,never_danger,0.0002490621779596136,-0.015020319182904071,False,2542.0,2749.0
home_credit,REGION_RATING_CLIENT,gbm,single_pass,DAYS_REGISTRATION,0.005239756317136246,0.017505420476896183,leaky_and_relied_on,0.004302661244049299,0.02128879350944646,leaky_and_relied_on,stayed_danger,-0.0009370950730869469,0.003783373032550278,False,8430.0,8430.0
home_credit,REGION_RATING_CLIENT,gbm,single_pass,BASEMENTAREA_AVG,0.0023304978319348855,0.016038697238618678,leaky_and_relied_on,0.004612851972043685,0.004444360642217058,leaky_and_relied_on,stayed_danger,0.0022823541401088,-0.01159433659640162,False,1952.0,1952.0
home_credit,REGION_RATING_CLIENT,gbm,single_pass,AMT_REQ_CREDIT_BUREAU_QRT,0.00026788802444073224,0.013772496845844806,safe_workhorse,-6.588156441311721e-05,0.010670650728476698,safe_workhorse,never_danger,-0.00033376958885384945,-0.0031018461173681084,False,8.0,8.0
home_credit,REGION_RATING_CLIENT,gbm,single_pass,NONLIVINGAREA_AVG,0.0006599638989711165,0.01305103059446666,leaky_and_relied_on,0.0005124148785057737,0.0037401763044688356,safe_workhorse,left_danger,-0.00014754902046534282,-0.009310854289997825,False,1223.0,1223.0
home_credit,REGION_RATING_CLIENT,gbm,single_pass,HOUR_APPR_PROCESS_START,0.06247851786468452,0.012792248697350031,leaky_and_relied_on,0.06602103996490745,0.015477092289011129,leaky_and_relied_on,stayed_danger,0.0035425221002229265,0.002684843591661098,False,23.0,81.0
home_credit,REGION_RATING_CLIENT,gbm,single_pass,ENTRANCES_AVG,0.00048441707978026384,0.012594114513240327,safe_workhorse,-0.00024974785507738686,0.007266869073264577,safe_workhorse,never_danger,-0.0007341649348576508,-0.00532724543997575,False,121.0,121.0
home_credit,REGION_RATING_CLIENT,gbm,single_pass,AMT_INCOME_TOTAL,0.016505527695584422,0.011589777242667972,leaky_and_relied_on,0.015181753915291574,0.016211755424815042,leaky_and_relied_on,stayed_danger,-0.001323773780292848,0.0046219781821470705,False,369.0,461.0
home_credit,REGION_RATING_CLIENT,gbm,single_pass,OBS_30_CNT_SOCIAL_CIRCLE,-0.00027502528623288833,0.011227481451122902,safe_workhorse,0.00043315260986942494,0.005336669203685367,safe_workhorse,never_danger,0.0007081778961023133,-0.005890812247437535,False,25.0,25.0
home_credit,REGION_RATING_CLIENT,gbm,single_pass,YEARS_BEGINEXPLUATATION_AVG,0.0008105686387686716,0.009781939495677384,leaky_and_relied_on,0.0008659807814761278,0.010368963775917612,leaky_and_relied_on,stayed_danger,5.541214270745611e-05,0.0005870242802402271,False,132.0,132.0
home_credit,REGION_RATING_CLIENT,gbm,single_pass,AMT_REQ_CREDIT_BUREAU_YEAR,-0.0003584812903709933,0.00971702106851168,safe_workhorse,-0.0005875808802382476,0.008275547165672999,safe_workhorse,never_danger,-0.0002290995898672543,-0.001441473902838681,False,14.0,14.0
home_credit,REGION_RATING_CLIENT,gbm,single_pass,NONLIVINGAREA_MEDI,0.00016789934779524174,0.009106844192172878,safe_workhorse,0.001070246619963755,0.007191971308084616,leaky_and_relied_on,entered_danger,0.0009023472721685133,-0.0019148728840882616,True,1228.0,1228.0
home_credit,REGION_RATING_CLIENT,gbm,single_pass,LIVINGAREA_AVG,0.0011277869365028171,0.00858888556698778,leaky_and_relied_on,0.0014040569002287339,0.0071134872059786195,leaky_and_relied_on,stayed_danger,0.00027626996372591677,-0.001475398361009161,False,2534.0,2717.0
home_credit,REGION_RATING_CLIENT,gbm,single_pass,OCCUPATION_TYPE,3.0309547718454512e-05,0.008562155209230263,safe_workhorse,-0.0003041368079027107,0.006427718344745484,safe_workhorse,never_danger,-0.00033444635562116524,-0.0021344368644847797,False,19.0,19.0
home_credit,REGION_RATING_CLIENT,gbm,single_pass,LANDAREA_MODE,0.0010164594755206035,0.00772814089448033,leaky_and_relied_on,0.0046940337477654245,0.0021084416788208432,leaky_removable,left_danger,0.0036775742722448207,-0.0056196992156594865,False,1773.0,1773.0
home_credit,REGION_RATING_CLIENT,gbm,single_pass,APARTMENTS_MODE,0.0005555145076656442,0.007475312016751165,safe_workhorse,0.0015391239522635658,0.006105483961770126,leaky_and_relied_on,entered_danger,0.0009836094445979217,-0.0013698280549810388,True,483.0,483.0
home_credit,REGION_RATING_CLIENT,gbm,single_pass,BASEMENTAREA_MEDI,0.0007114833294362466,0.007451355921651257,leaky_and_relied_on,0.0006484156500233152,0.00117307050136098,leaky_removable,left_danger,-6.306767941293139e-05,-0.006278285420290276,False,1949.0,1949.0
home_credit,REGION_RATING_CLIENT,gbm,single_pass,LIVINGAREA_MODE,-0.0011990529643230551,0.006493250416231279,safe_workhorse,0.0052615584364807955,0.02621746624574751,leaky_and_relied_on,entered_danger,0.006460611400803851,0.01972421582951623,True,2491.0,2491.0
home_credit,REGION_RATING_CLIENT,gbm,single_pass,YEARS_BEGINEXPLUATATION_MEDI,0.00034394592506363785,0.006295905428672433,safe_workhorse,0.00016424384405839821,0.00467847640830307,safe_workhorse,never_danger,-0.00017970208100523963,-0.0016174290203693625,False,130.0,130.0
home_credit,REGION_RATING_CLIENT,gbm,single_pass,TOTALAREA_MODE,0.0022813421507396512,0.006289591456282677,leaky_and_relied_on,0.00012792672260470984,0.0035139244470948927,safe_workhorse,left_danger,-0.0021534154281349412,-0.0027756670091877845,False,2492.0,2786.0
home_credit,REGION_RATING_CLIENT,gbm,single_pass,LANDAREA_AVG,0.001710877035283409,0.005684443688174554,leaky_and_relied_on,0.0015602976128836765,0.009630708294459467,leaky_and_relied_on,stayed_danger,-0.00015057942239973246,0.0039462646062849134,False,1781.0,1781.0
home_credit,REGION_RATING_CLIENT,gbm,single_pass,BASEMENTAREA_MODE,0.0053547080275268,0.005440866919589822,leaky_and_relied_on,0.0010545126557379048,0.004778913820111521,leaky_and_relied_on,stayed_danger,-0.004300195371788895,-0.0006619530994783004,False,1957.0,1957.0
home_credit,REGION_RATING_CLIENT,gbm,single_pass,APARTMENTS_AVG,0.0011342732182160198,0.005252297443086348,leaky_and_relied_on,0.0003851917734003951,0.004069564387460215,safe_workhorse,left_danger,-0.0007490814448156246,-0.001182733055626133,False,894.0,894.0
home_credit,REGION_RATING_CLIENT,gbm,single_pass,WEEKDAY_APPR_PROCESS_START,-0.00017985073213320213,0.0052342809779276165,safe_workhorse,0.0003022676783219991,0.006444091594206536,safe_workhorse,never_danger,0.0004821184104552012,0.0012098106162789198,False,7.0,7.0
home_credit,REGION_RATING_CLIENT,gbm,single_pass,DEF_60_CNT_SOCIAL_CIRCLE,-0.0002094514106413925,0.005178058945295587,safe_workhorse,0.00046289092123177336,0.006271357197633236,safe_workhorse,never_danger,0.0006723423318731659,0.0010932982523376494,False,7.0,7.0
home_credit,REGION_RATING_CLIENT,gbm,single_pass,APARTMENTS_MEDI,-0.0002433347469897651,0.005057562053805839,safe_workhorse,4.74001910435673e-05,0.0056401569634388065,safe_workhorse,never_danger,0.0002907349380333324,0.0005825949096329676,False,649.0,649.0
home_credit,REGION_RATING_CLIENT,gbm,single_pass,ELEVATORS_AVG,0.002774484232580243,0.005049378395750156,leaky_and_relied_on,-2.060918543091983e-05,0.0017771179783305636,low_low,left_danger,-0.002795093418011163,-0.0032722604174195923,False,107.0,117.0
home_credit,REGION_RATING_CLIENT,gbm,single_pass,LANDAREA_MEDI,0.0008131695356845103,0.004602458404916209,leaky_and_relied_on,0.001243994028844586,0.008311527315637295,leaky_and_relied_on,stayed_danger,0.0004308244931600757,0.0037090689107210856,False,1775.0,1775.0
home_credit,REGION_RATING_CLIENT,gbm,single_pass,FLAG_EMAIL,-7.366924726659452e-05,0.0044766723846136015,safe_workhorse,8.72419388544543e-05,0.002337791613368412,low_low,never_danger,0.00016091118612104882,-0.0021388807712451894,False,2.0,2.0
home_credit,REGION_RATING_CLIENT,gbm,single_pass,REG_REGION_NOT_WORK_REGION,0.008137098910829099,0.004275748480059593,leaky_and_relied_on,0.00946029252861702,0.0016452351798153365,leaky_removable,left_danger,0.0013231936177879218,-0.0026305133002442567,False,2.0,2.0
home_credit,REGION_RATING_CLIENT,gbm,single_pass,LIVINGAPARTMENTS_AVG,-0.00021442326194192062,0.003964148382098785,safe_workhorse,0.00020920357471108098,0.0027774249419862743,low_low,never_danger,0.0004236268366530016,-0.0011867234401125104,False,715.0,715.0
home_credit,REGION_RATING_CLIENT,gbm,single_pass,OBS_60_CNT_SOCIAL_CIRCLE,-0.0006422068764724731,0.003924832978558048,safe_workhorse,-0.0007151759228452237,0.005638092343233358,safe_workhorse,never_danger,-7.296904637275057e-05,0.0017132593646753107,False,25.0,25.0
home_credit,REGION_RATING_CLIENT,gbm,single_pass,FLAG_WORK_PHONE,0.00031008460671113627,0.0038226917274035003,safe_workhorse,0.00023412337446213627,0.0018026213597833773,low_low,never_danger,-7.596123224899999e-05,-0.0020200703676201233,False,2.0,2.0
home_credit,REGION_RATING_CLIENT,gbm,single_pass,NONLIVINGAREA_MODE,0.000278671412480147,0.0037102761473041925,safe_workhorse,0.0007881274387005366,0.005728387267279906,leaky_and_relied_on,entered_danger,0.0005094560262203896,0.0020181111199757138,True,1198.0,1198.0
home_credit,REGION_RATING_CLIENT,gbm,single_pass,FLAG_PHONE,0.001376743547828596,0.0036653646132829456,leaky_and_relied_on,0.0006701559301682813,0.006387851885059647,leaky_and_relied_on,stayed_danger,-0.0007065876176603147,0.0027224872717767014,False,2.0,2.0
home_credit,REGION_RATING_CLIENT,gbm,single_pass,REG_CITY_NOT_WORK_CITY,0.0007437203156222871,0.003625898959649954,leaky_and_relied_on,0.0006581124789223347,0.0039404438036541685,leaky_and_relied_on,stayed_danger,-8.56078366999524e-05,0.00031454484400421454,False,2.0,2.0
home_credit,REGION_RATING_CLIENT,gbm,single_pass,COMMONAREA_MODE,0.001453522906156368,0.0033191274576125766,leaky_and_relied_on,0.0011337773817392538,0.0031068043796983456,leaky_and_relied_on,stayed_danger,-0.0003197455244171143,-0.000212323077914231,False,1239.0,1239.0
home_credit,REGION_RATING_CLIENT,gbm,single_pass,FLOORSMIN_AVG,0.00020238819623010773,0.003130135233606105,safe_workhorse,0.004896810628113068,0.0032363789003686965,leaky_and_relied_on,entered_danger,0.00469442243188296,0.00010624366676259154,True,97.0,97.0
home_credit,REGION_RATING_CLIENT,gbm,single_pass,COMMONAREA_AVG,0.0007116796916573742,0.0031074522880628103,leaky_and_relied_on,0.000591152315735477,0.0011265640839653456,leaky_removable,left_danger,-0.00012052737592189717,-0.0019808882040974647,False,1264.0,1264.0
home_credit,REGION_RATING_CLIENT,gbm,single_pass,LIVINGAPARTMENTS_MODE,-0.000172993041329228,0.0030710731911539214,safe_workhorse,-0.00028340575820771095,0.0012595558921359774,low_low,never_danger,-0.00011041271687848295,-0.001811517299017944,False,450.0,450.0
home_credit,REGION_RATING_CLIENT,gbm,single_pass,COMMONAREA_MEDI,0.0002080778170129305,0.003055478856827182,safe_workhorse,4.514000324651324e-05,0.0011671028473630625,low_low,never_danger,-0.00016293781376641725,-0.0018883760094641196,False,1269.0,1269.0
home_credit,REGION_RATING_CLIENT,gbm,single_pass,YEARS_BUILD_MODE,0.0005096006651960528,0.0030015094064692336,safe_workhorse,7.682822046874981e-05,0.004417821604542802,safe_workhorse,never_danger,-0.00043277244472730294,0.0014163121980735683,False,118.0,118.0
home_credit,REGION_RATING_CLIENT,gbm,single_pass,DEF_30_CNT_SOCIAL_CIRCLE,7.784944751223488e-05,0.002968896848878527,low_low,0.0002942213011478234,0.00862709675098872,safe_workhorse,never_danger,0.00021637185363558855,0.005658199902110193,False,8.0,8.0
home_credit,REGION_RATING_CLIENT,gbm,single_pass,NAME_TYPE_SUITE,0.000540430625821986,0.002847586552835455,low_low,-0.00015112042774945156,0.0008019925445258186,low_low,never_danger,-0.0006915510535714375,-0.0020455940083096364,False,8.0,8.0
home_credit,REGION_RATING_CLIENT,gbm,single_pass,ENTRANCES_MEDI,-0.0001174406636798464,0.002842706143857084,low_low,9.979677457847558e-05,0.00873546858017309,safe_workhorse,never_danger,0.000217237438258322,0.005892762436316005,False,41.0,41.0
home_credit,REGION_RATING_CLIENT,gbm,single_pass,CNT_FAM_MEMBERS,-0.000325387312145331,0.0028031733864255677,low_low,-7.02844944380221e-05,0.0018386575187350634,low_low,never_danger,0.0002551028177073089,-0.0009645158676905043,False,9.0,9.0
home_credit,REGION_RATING_CLIENT,gbm,single_pass,AMT_REQ_CREDIT_BUREAU_MON,0.0009483913348480976,0.0027074171831460757,leaky_removable,0.000589744149795135,0.008852676742401464,leaky_and_relied_on,entered_danger,-0.00035864718505296267,0.006145259559255388,False,19.0,19.0
home_credit,REGION_RATING_CLIENT,gbm,single_pass,YEARS_BUILD_AVG,4.407654570317554e-05,0.0021487250677496325,low_low,0.0011423654468159183,0.00350095153042799,leaky_and_relied_on,entered_danger,0.0010982889011127428,0.0013522264626783576,True,119.0,119.0
home_credit,REGION_RATING_CLIENT,gbm,single_pass,FLOORSMAX_AVG,0.006338264080888179,0.0020944685357916675,leaky_removable,0.0014884122812435674,0.003989936695199092,leaky_and_relied_on,entered_danger,-0.0048498517996446115,0.0018954681594074247,False,140.0,142.0
home_credit,REGION_RATING_CLIENT,gbm,single_pass,FLAG_OWN_REALTY,0.0005536469350152951,0.00199954922129002,low_low,0.0005138448680185315,0.0014129735273095295,low_low,never_danger,-3.980206699676363e-05,-0.0005865756939804905,False,2.0,2.0
home_credit,REGION_RATING_CLIENT,gbm,single_pass,NAME_HOUSING_TYPE,0.0017120395370215703,0.001981370425105646,leaky_removable,0.002643211882850949,0.006112101672155483,leaky_and_relied_on,entered_danger,0.0009311723458293787,0.0041307312470498375,False,6.0,6.0
home_credit,REGION_RATING_CLIENT,gbm,single_pass,CNT_CHILDREN,0.00017399491423186753,0.0018563150089095709,low_low,-0.0003250436444580451,0.0003984327471335751,low_low,never_danger,-0.0004990385586899126,-0.0014578822617759958,False,8.0,8.0
home_credit,REGION_RATING_CLIENT,gbm,single_pass,YEARS_BUILD_MEDI,-0.00025689522746417113,0.0017021538773419884,low_low,-9.472763840592257e-05,0.002731439858364048,low_low,never_danger,0.00016216758905824856,0.0010292859810220594,False,118.0,118.0
home_credit,REGION_RATING_CLIENT,gbm,single_pass,NONLIVINGAPARTMENTS_AVG,0.000303906723793812,0.0015385657229729196,low_low,0.00020966418368377758,0.004156152463187042,safe_workhorse,never_danger,-9.424254011003441e-05,0.0026175867402141225,False,124.0,124.0
home_credit,REGION_RATING_CLIENT,gbm,single_pass,FLOORSMAX_MEDI,-1.0983423946075988e-05,0.0013129920777929034,low_low,0.0009460696286955894,0.0011748592965708197,leaky_removable,never_danger,0.0009570530526416654,-0.00013813278122208378,True,46.0,90.0
home_credit,REGION_RATING_CLIENT,gbm,single_pass,YEARS_BEGINEXPLUATATION_MODE,0.0009689833325002617,0.0011805280247587238,leaky_removable,0.0012395885230125137,0.001366663289716035,leaky_removable,never_danger,0.00027060519051225207,0.00018613526495731112,False,131.0,131.0
home_credit,REGION_RATING_CLIENT,gbm,single_pass,AMT_REQ_CREDIT_BUREAU_WEEK,0.0002190552383867228,0.001066759561642907,low_low,0.0005662821402051543,0.0,low_low,never_danger,0.0003472269018184315,-0.001066759561642907,False,7.0,7.0
home_credit,REGION_RATING_CLIENT,gbm,single_pass,LIVE_CITY_NOT_WORK_CITY,0.0005088380092643119,0.0010195020890155543,low_low,0.0003703165795929886,0.00039976535916362517,low_low,never_danger,-0.00013852142967132333,-0.0006197367298519292,False,2.0,2.0
home_credit,REGION_RATING_CLIENT,gbm,single_pass,LIVINGAPARTMENTS_MEDI,-0.0010502926947184132,0.0008911917377575631,low_low,-0.0005259408052616932,0.0069860477782288715,safe_workhorse,never_danger,0.00052435188945672,0.006094856040471309,False,575.0,575.0
home_credit,REGION_RATING_CLIENT,gbm,single_pass,WALLSMATERIAL_MODE,0.003745526625201556,0.0008527486136989544,leaky_removable,0.00360832582746331,0.0,leaky_removable,never_danger,-0.0001372007977382462,-0.0008527486136989544,False,8.0,8.0
home_credit,REGION_RATING_CLIENT,gbm,single_pass,NAME_FAMILY_STATUS,-0.0004555379291847128,0.0007728740010137531,low_low,-0.000669868396275608,0.006904303806781296,safe_workhorse,never_danger,-0.00021433046709089525,0.006131429805767543,False,5.0,5.0
home_credit,REGION_RATING_CLIENT,gbm,single_pass,NONLIVINGAPARTMENTS_MODE,0.00013210852909333325,0.000759849879734568,low_low,0.0001557665252999385,0.0003973711191323532,low_low,never_danger,2.3657996206605253e-05,-0.0003624787606022148,False,57.0,57.0
home_credit,REGION_RATING_CLIENT,gbm,single_pass,FLOORSMIN_MEDI,8.386052436093472e-05,0.0005486183146544033,low_low,0.0011634481949095443,0.0,leaky_removable,never_danger,0.0010795876705486096,-0.0005486183146544033,True,41.0,41.0
home_credit,REGION_RATING_CLIENT,gbm,single_pass,FLAG_DOCUMENT_5,2.8252431621211828e-05,0.0004960063376567057,low_low,-4.973596058177598e-06,0.0,low_low,never_danger,-3.3226027679389424e-05,-0.0004960063376567057,False,2.0,2.0
home_credit,REGION_RATING_CLIENT,gbm,single_pass,FLAG_DOCUMENT_8,3.8901141024538787e-05,0.00042965612497732693,low_low,0.0001115649242972916,0.0011833432296637337,low_low,never_danger,7.26637832727528e-05,0.0007536871046864067,False,2.0,2.0
home_credit,REGION_RATING_CLIENT,gbm,single_pass,FONDKAPREMONT_MODE,0.0009159307788315863,0.00039899847491447235,leaky_removable,0.0008360868712655289,0.000379819921547145,leaky_removable,never_danger,-7.984390756605737e-05,-1.917855336732734e-05,False,5.0,5.0
home_credit,REGION_RATING_CLIENT,gbm,single_pass,ELEVATORS_MODE,0.0008640266155291565,0.00033778936598740083,leaky_removable,-0.00016127294571923744,0.002547152049276971,low_low,never_danger,-0.0010252995612483938,0.00220936268328957,False,26.0,59.0
home_credit,REGION_RATING_CLIENT,gbm,single_pass,REG_CITY_NOT_LIVE_CITY,0.0005697530826971997,0.00031908370757635624,leaky_removable,0.0012124750236043535,0.0019798659961713506,leaky_removable,never_danger,0.0006427219409071538,0.0016607822885949944,False,2.0,2.0
home_credit,REGION_RATING_CLIENT,gbm,single_pass,ENTRANCES_MODE,-2.2272105797771503e-05,0.00025817384948570156,low_low,0.00030679788124048367,0.0010021355162991151,low_low,never_danger,0.0003290699870382552,0.0007439616668134135,False,30.0,30.0
home_credit,REGION_RATING_CLIENT,gbm,single_pass,FLAG_DOCUMENT_14,0.0,0.0,low_low,0.0,0.0,low_low,never_danger,0.0,0.0,False,2.0,2.0
home_credit,REGION_RATING_CLIENT,gbm,single_pass,FLAG_DOCUMENT_12,0.0,0.0,low_low,0.0,0.0,low_low,never_danger,0.0,0.0,False,1.0,1.0
home_credit,REGION_RATING_CLIENT,gbm,single_pass,FLAG_DOCUMENT_11,0.0,0.0,low_low,0.0,0.0,low_low,never_danger,0.0,0.0,False,2.0,2.0
home_credit,REGION_RATING_CLIENT,gbm,single_pass,FLAG_DOCUMENT_21,0.0,0.0,low_low,0.0,0.0,low_low,never_danger,0.0,0.0,False,2.0,2.0
home_credit,REGION_RATING_CLIENT,gbm,single_pass,FLAG_DOCUMENT_10,0.0,0.0,low_low,0.0,0.0,low_low,never_danger,0.0,0.0,False,2.0,2.0
home_credit,REGION_RATING_CLIENT,gbm,single_pass,FLAG_DOCUMENT_4,0.0,0.0,low_low,0.0,0.0,low_low,never_danger,0.0,0.0,False,1.0,1.0
home_credit,REGION_RATING_CLIENT,gbm,single_pass,FLAG_DOCUMENT_19,0.0,0.0,low_low,0.0,0.0,low_low,never_danger,0.0,0.0,False,2.0,2.0
home_credit,REGION_RATING_CLIENT,gbm,single_pass,FLAG_DOCUMENT_16,0.0,0.0,low_low,0.0,0.0011610128015462037,low_low,never_danger,0.0,0.0011610128015462037,False,2.0,2.0
home_credit,REGION_RATING_CLIENT,gbm,single_pass,FLAG_DOCUMENT_15,0.0,0.0,low_low,0.0,0.0,low_low,never_danger,0.0,0.0,False,2.0,2.0
home_credit,REGION_RATING_CLIENT,gbm,single_pass,FLAG_DOCUMENT_17,0.0,0.0,low_low,0.0,0.0,low_low,never_danger,0.0,0.0,False,2.0,2.0
home_credit,REGION_RATING_CLIENT,gbm,single_pass,FLAG_DOCUMENT_18,0.0,0.0,low_low,0.0,0.0,low_low,never_danger,0.0,0.0,False,2.0,2.0
home_credit,REGION_RATING_CLIENT,gbm,single_pass,NONLIVINGAPARTMENTS_MEDI,4.0028434789740605e-05,0.0,low_low,-4.219463792232148e-06,0.0,low_low,never_danger,-4.424789858197275e-05,0.0,False,76.0,76.0
home_credit,REGION_RATING_CLIENT,gbm,single_pass,FLAG_OWN_CAR,0.0,0.0,low_low,-6.93600968739716e-06,0.0,low_low,never_danger,-6.93600968739716e-06,0.0,False,2.0,2.0
home_credit,REGION_RATING_CLIENT,gbm,single_pass,FLAG_DOCUMENT_20,0.0,0.0,low_low,0.0,0.0,low_low,never_danger,0.0,0.0,False,2.0,2.0
home_credit,REGION_RATING_CLIENT,gbm,single_pass,HOUSETYPE_MODE,0.0,0.0,low_low,0.0,0.0,low_low,never_danger,0.0,0.0,False,4.0,4.0
home_credit,REGION_RATING_CLIENT,gbm,single_pass,FLAG_CONT_MOBILE,-1.0434769942113676e-06,0.0,low_low,0.0,0.0,low_low,never_danger,1.0434769942113676e-06,0.0,False,2.0,2.0
home_credit,REGION_RATING_CLIENT,gbm,single_pass,FLAG_DOCUMENT_13,4.22382125377041e-05,0.0,low_low,0.00012206133648058337,0.0,low_low,never_danger,7.982312394287926e-05,0.0,False,2.0,2.0
home_credit,REGION_RATING_CLIENT,gbm,single_pass,FLOORSMAX_MODE,8.472873015155091e-05,0.0,low_low,0.0025562491683846166,0.001006546047027807,leaky_removable,never_danger,0.0024715204382330658,0.001006546047027807,True,26.0,60.0
home_credit,REGION_RATING_CLIENT,gbm,single_pass,AMT_REQ_CREDIT_BUREAU_HOUR,8.958266136911419e-05,0.0,low_low,9.658665514105103e-05,0.0,low_low,never_danger,7.003993771936839e-06,0.0,False,4.0,4.0
home_credit,REGION_RATING_CLIENT,gbm,single_pass,REG_REGION_NOT_LIVE_REGION,0.000139549505282055,0.0,low_low,6.196997069951582e-05,0.0003515541164415234,low_low,never_danger,-7.757953458253919e-05,0.0003515541164415234,False,2.0,2.0
home_credit,REGION_RATING_CLIENT,gbm,single_pass,ELEVATORS_MEDI,0.0012467758787271688,0.0,leaky_removable,-3.26925323766325e-05,0.0023166586586175573,low_low,never_danger,-0.0012794684111038014,0.0023166586586175573,False,38.0,81.0
home_credit,REGION_RATING_CLIENT,gbm,single_pass,FLAG_DOCUMENT_9,0.00028659617544399827,0.0,low_low,0.00032440397675495005,0.0,low_low,never_danger,3.780780131095178e-05,0.0,False,2.0,2.0
home_credit,REGION_RATING_CLIENT,gbm,single_pass,LIVE_REGION_NOT_WORK_REGION,0.0005509933040468873,0.0,low_low,0.001373100337126898,0.0,leaky_removable,never_danger,0.0008221070330800106,0.0,True,2.0,2.0
home_credit,REGION_RATING_CLIENT,gbm,single_pass,FLAG_DOCUMENT_2,0.0,0.0,low_low,0.0,0.0,low_low,never_danger,0.0,0.0,False,1.0,1.0
home_credit,REGION_RATING_CLIENT,gbm,single_pass,AMT_REQ_CREDIT_BUREAU_DAY,0.0,0.0,low_low,0.0,0.0,low_low,never_danger,0.0,0.0,False,7.0,7.0
home_credit,REGION_RATING_CLIENT,gbm,single_pass,EMERGENCYSTATE_MODE,0.0,0.0,low_low,7.211550824526291e-06,0.0,low_low,never_danger,7.211550824526291e-06,0.0,False,3.0,3.0
home_credit,REGION_RATING_CLIENT,gbm,single_pass,FLAG_MOBIL,0.0,0.0,low_low,0.0,0.0,low_low,never_danger,0.0,0.0,False,2.0,2.0
home_credit,REGION_RATING_CLIENT,gbm,single_pass,FLAG_DOCUMENT_7,0.0,0.0,low_low,0.0,0.0,low_low,never_danger,0.0,0.0,False,2.0,2.0
home_credit,REGION_RATING_CLIENT,gbm,single_pass,FLAG_DOCUMENT_6,-5.133633427210071e-05,0.0,low_low,-0.0001090494659639285,0.00032062807462323223,low_low,never_danger,-5.7713131691827786e-05,0.00032062807462323223,False,2.0,2.0
home_credit,REGION_RATING_CLIENT,gbm,single_pass,FLAG_EMP_PHONE,0.0,0.0,low_low,0.0,0.0006680162124015937,low_low,never_danger,0.0,0.0006680162124015937,False,2.0,2.0
home_credit,REGION_RATING_CLIENT,gbm,single_pass,FLOORSMIN_MODE,0.00017068371261224068,0.0,low_low,-7.464289469518714e-05,0.0008311120367732368,low_low,never_danger,-0.0002453266073074278,0.0008311120367732368,False,25.0,25.0
home_credit,REGION_RATING_CLIENT,gbm,top_k=5,EXT_SOURCE_3,-0.00082846660816005,0.3629704776136346,safe_workhorse,-0.0016224559282506323,0.3622311191707743,safe_workhorse,never_danger,-0.0007939893200905822,-0.0007393584428603273,False,667.0,667.0
home_credit,REGION_RATING_CLIENT,gbm,top_k=5,EXT_SOURCE_2,0.0655102866073937,0.2700077787832096,leaky_and_relied_on,0.056240932089371885,0.26587435669899057,leaky_and_relied_on,stayed_danger,-0.00926935451802182,-0.004133422084219018,False,13660.0,6489.0
home_credit,REGION_RATING_CLIENT,gbm,top_k=5,EXT_SOURCE_1,0.0015919197275661157,0.15718621594664112,leaky_and_relied_on,-3.757268097963618e-05,0.15098409310974883,safe_workhorse,left_danger,-0.0016294924085457519,-0.006202122836892282,False,6529.0,2875.0
home_credit,REGION_RATING_CLIENT,gbm,top_k=5,DAYS_EMPLOYED,0.0009852425353697348,0.08879506030437123,leaky_and_relied_on,0.0021853586551687345,0.1036016402424281,leaky_and_relied_on,stayed_danger,0.0012001161197989997,0.014806579938056869,False,5181.0,5181.0
home_credit,REGION_RATING_CLIENT,gbm,top_k=5,AMT_CREDIT,0.0018274856708296872,0.08397706375197088,leaky_and_relied_on,-0.00010249300850981858,0.07770648935123393,safe_workhorse,left_danger,-0.0019299786793395058,-0.006270574400736945,False,2217.0,5728.0
home_credit,REGION_RATING_CLIENT,gbm,top_k=5,NAME_EDUCATION_TYPE,4.15161899864902e-06,0.0725168939233998,safe_workhorse,-0.0004308551631700741,0.03013931675409653,safe_workhorse,never_danger,-0.0004350067821687231,-0.042377577169303265,False,5.0,274.0
home_credit,REGION_RATING_CLIENT,gbm,top_k=5,DAYS_BIRTH,-6.971859770765754e-05,0.07019598993734111,safe_workhorse,0.001101067502903108,0.0712746514915321,leaky_and_relied_on,entered_danger,0.0011707861006107656,0.0010786615541909933,True,9756.0,9756.0
home_credit,REGION_RATING_CLIENT,gbm,top_k=5,AMT_GOODS_PRICE,-0.0011376412782482693,0.06922022293136627,safe_workhorse,-8.027565582491292e-05,0.07086465904609389,safe_workhorse,never_danger,0.0010573656224233563,0.0016444361147276154,False,400.0,4894.0
home_credit,REGION_RATING_CLIENT,gbm,top_k=5,NAME_INCOME_TYPE,0.004160677269931123,0.04683797333015717,leaky_and_relied_on,0.0012420639008082768,0.05855575947855248,leaky_and_relied_on,stayed_danger,-0.0029186133691228465,0.01171778614839531,False,7.0,655.0
home_credit,REGION_RATING_CLIENT,gbm,top_k=5,OWN_CAR_AGE,0.002429410679792121,0.04623508074329385,leaky_and_relied_on,0.002098576532603946,0.019104878313701817,leaky_and_relied_on,stayed_danger,-0.00033083414718817475,-0.02713020242959203,False,52.0,552.0
home_credit,REGION_RATING_CLIENT,gbm,top_k=5,ORGANIZATION_TYPE,0.0016342492069396863,0.03793842947871926,leaky_and_relied_on,0.001433841946860026,0.02905318884929907,leaky_and_relied_on,stayed_danger,-0.00020040726007966017,-0.008885240629420192,False,57.0,57.0
home_credit,REGION_RATING_CLIENT,gbm,top_k=5,NAME_CONTRACT_TYPE,0.0001007887494452131,0.035802602586861895,safe_workhorse,-0.00023043684480292815,0.04152550432497646,safe_workhorse,never_danger,-0.00033122559424814124,0.005722901738114565,False,2.0,2.0
home_credit,REGION_RATING_CLIENT,gbm,top_k=5,AMT_ANNUITY,0.00428099614433608,0.03486277829389481,leaky_and_relied_on,0.0030142692873057265,0.0325620601590557,leaky_and_relied_on,stayed_danger,-0.0012667268570303535,-0.0023007181348391054,False,5242.0,6240.0
home_credit,REGION_RATING_CLIENT,gbm,top_k=5,DAYS_ID_PUBLISH,0.0004154874887416282,0.03282089423260303,safe_workhorse,2.3709518601733313e-05,0.03844236690323657,safe_workhorse,never_danger,-0.0003917779701398949,0.005621472670633537,False,4987.0,4987.0
home_credit,REGION_RATING_CLIENT,gbm,top_k=5,DAYS_LAST_PHONE_CHANGE,0.0018729084720596977,0.02665714298672757,leaky_and_relied_on,0.00407736437937547,0.0338992601153519,leaky_and_relied_on,stayed_danger,0.0022044559073157726,0.007242117128624333,False,2930.0,2930.0
home_credit,REGION_RATING_CLIENT,gbm,top_k=5,FLAG_DOCUMENT_3,0.0007239244373702603,0.024518269863631655,leaky_and_relied_on,0.0008744876875166119,0.007876629882146654,leaky_and_relied_on,stayed_danger,0.0001505632501463516,-0.016641639981485,False,2.0,78.0
home_credit,REGION_RATING_CLIENT,gbm,top_k=5,LIVINGAREA_MEDI,0.00017119955189066617,0.019125815061898015,safe_workhorse,0.0010203901047749707,0.006967480056886515,leaky_and_relied_on,entered_danger,0.0008491905528843046,-0.012158335005011501,True,2542.0,3446.0
home_credit,REGION_RATING_CLIENT,gbm,top_k=5,DAYS_REGISTRATION,0.005239756317136246,0.017505420476896183,leaky_and_relied_on,0.003794229561621454,0.016490859261129892,leaky_and_relied_on,stayed_danger,-0.0014455267555147921,-0.0010145612157662909,False,8430.0,6481.0
home_credit,REGION_RATING_CLIENT,gbm,top_k=5,BASEMENTAREA_AVG,0.0023304978319348855,0.016038697238618678,leaky_and_relied_on,0.001586949735182297,0.008129718948573695,leaky_and_relied_on,stayed_danger,-0.0007435480967525885,-0.007908978290044983,False,1952.0,2053.0
home_credit,REGION_RATING_CLIENT,gbm,top_k=5,AMT_REQ_CREDIT_BUREAU_QRT,0.00026788802444073224,0.013772496845844806,safe_workhorse,4.8612056594543594e-05,0.01841759236528486,safe_workhorse,never_danger,-0.00021927596784618864,0.004645095519440055,False,8.0,8.0
home_credit,REGION_RATING_CLIENT,gbm,top_k=5,NONLIVINGAREA_AVG,0.0006599638989711165,0.01305103059446666,leaky_and_relied_on,0.001530511563571113,0.017033402219431972,leaky_and_relied_on,stayed_danger,0.0008705476645999965,0.003982371624965312,False,1223.0,1228.0
home_credit,REGION_RATING_CLIENT,gbm,top_k=5,HOUR_APPR_PROCESS_START,0.06247851786468452,0.012792248697350031,leaky_and_relied_on,0.05241669664502646,0.013149282950694256,leaky_and_relied_on,stayed_danger,-0.010061821219658061,0.00035703425334422494,False,23.0,4608.0
home_credit,REGION_RATING_CLIENT,gbm,top_k=5,ENTRANCES_AVG,0.00048441707978026384,0.012594114513240327,safe_workhorse,0.0005948796491770603,0.023380225070788383,leaky_and_relied_on,entered_danger,0.00011046256939679645,0.010786110557548056,True,121.0,121.0
home_credit,REGION_RATING_CLIENT,gbm,top_k=5,AMT_INCOME_TOTAL,0.016505527695584422,0.011589777242667972,leaky_and_relied_on,0.009099831235795186,0.018121925940841426,leaky_and_relied_on,stayed_danger,-0.007405696459789236,0.006532148698173455,False,369.0,4904.0
home_credit,REGION_RATING_CLIENT,gbm,top_k=5,OBS_30_CNT_SOCIAL_CIRCLE,-0.00027502528623288833,0.011227481451122902,safe_workhorse,-0.0009588252384050034,0.008392422238408774,safe_workhorse,never_danger,-0.000683799952172115,-0.0028350592127141284,False,25.0,776.0
home_credit,REGION_RATING_CLIENT,gbm,top_k=5,YEARS_BEGINEXPLUATATION_AVG,0.0008105686387686716,0.009781939495677384,leaky_and_relied_on,0.0009315425690773038,0.0051036704539219,leaky_and_relied_on,stayed_danger,0.00012097393030863213,-0.004678269041755484,False,132.0,337.0
home_credit,REGION_RATING_CLIENT,gbm,top_k=5,AMT_REQ_CREDIT_BUREAU_YEAR,-0.0003584812903709933,0.00971702106851168,safe_workhorse,-0.0003619925343278485,0.01217243232838045,safe_workhorse,never_danger,-3.5112439568551926e-06,0.00245541125986877,False,14.0,14.0
home_credit,REGION_RATING_CLIENT,gbm,top_k=5,NONLIVINGAREA_MEDI,0.00016789934779524174,0.009106844192172878,safe_workhorse,0.000478292841885386,0.0014766344722273708,low_low,never_danger,0.0003103934940901443,-0.007630209719945507,False,1228.0,1205.0
home_credit,REGION_RATING_CLIENT,gbm,top_k=5,LIVINGAREA_AVG,0.0011277869365028171,0.00858888556698778,leaky_and_relied_on,0.0004665476528264101,0.01365380850325904,safe_workhorse,left_danger,-0.000661239283676407,0.00506492293627126,False,2534.0,3491.0
home_credit,REGION_RATING_CLIENT,gbm,top_k=5,OCCUPATION_TYPE,3.0309547718454512e-05,0.008562155209230263,safe_workhorse,0.000207049491460487,0.010409157906662128,safe_workhorse,never_danger,0.0001767399437420325,0.0018470026974318644,False,19.0,19.0
home_credit,REGION_RATING_CLIENT,gbm,top_k=5,LANDAREA_MODE,0.0010164594755206035,0.00772814089448033,leaky_and_relied_on,0.006840364302024416,0.007879030881924447,leaky_and_relied_on,stayed_danger,0.005823904826503812,0.00015088998744411733,False,1773.0,2487.0
home_credit,REGION_RATING_CLIENT,gbm,top_k=5,APARTMENTS_MODE,0.0005555145076656442,0.007475312016751165,safe_workhorse,0.001915514062790402,0.012871442946811168,leaky_and_relied_on,entered_danger,0.001359999555124758,0.005396130930060003,True,483.0,2866.0
home_credit,REGION_RATING_CLIENT,gbm,top_k=5,BASEMENTAREA_MEDI,0.0007114833294362466,0.007451355921651257,leaky_and_relied_on,-0.00012246641344906272,0.0042719073970923374,safe_workhorse,left_danger,-0.0008339497428853093,-0.0031794485245589194,False,1949.0,2082.0
home_credit,REGION_RATING_CLIENT,gbm,top_k=5,LIVINGAREA_MODE,-0.0011990529643230551,0.006493250416231279,safe_workhorse,0.0011544954311349276,0.008183727349014994,leaky_and_relied_on,entered_danger,0.0023535483954579828,0.0016904769327837146,True,2491.0,3352.0
home_credit,REGION_RATING_CLIENT,gbm,top_k=5,YEARS_BEGINEXPLUATATION_MEDI,0.00034394592506363785,0.006295905428672433,safe_workhorse,0.005216276469059133,0.018418141155256442,leaky_and_relied_on,entered_danger,0.004872330543995496,0.01212223572658401,True,130.0,130.0
home_credit,REGION_RATING_CLIENT,gbm,top_k=5,TOTALAREA_MODE,0.0022813421507396512,0.006289591456282677,leaky_and_relied_on,0.0013722360488559238,0.007752846492468782,leaky_and_relied_on,stayed_danger,-0.0009091061018837274,0.0014632550361861046,False,2492.0,3615.0
home_credit,REGION_RATING_CLIENT,gbm,top_k=5,LANDAREA_AVG,0.001710877035283409,0.005684443688174554,leaky_and_relied_on,0.0006478945686219318,0.008102746705945806,leaky_and_relied_on,stayed_danger,-0.0010629824666614773,0.0024183030177712525,False,1781.0,2116.0
home_credit,REGION_RATING_CLIENT,gbm,top_k=5,BASEMENTAREA_MODE,0.0053547080275268,0.005440866919589822,leaky_and_relied_on,0.006069610535677361,0.01946576058870901,leaky_and_relied_on,stayed_danger,0.0007149025081505615,0.014024893669119189,False,1957.0,1957.0
home_credit,REGION_RATING_CLIENT,gbm,top_k=5,APARTMENTS_AVG,0.0011342732182160198,0.005252297443086348,leaky_and_relied_on,0.0011439439903408565,0.005108074747157966,leaky_and_relied_on,stayed_danger,9.670772124836758e-06,-0.00014422269592838204,False,894.0,3083.0
home_credit,REGION_RATING_CLIENT,gbm,top_k=5,WEEKDAY_APPR_PROCESS_START,-0.00017985073213320213,0.0052342809779276165,safe_workhorse,-0.0006747906479558363,0.0054297955559087525,safe_workhorse,never_danger,-0.0004949399158226342,0.00019551457798113597,False,7.0,7.0
home_credit,REGION_RATING_CLIENT,gbm,top_k=5,DEF_60_CNT_SOCIAL_CIRCLE,-0.0002094514106413925,0.005178058945295587,safe_workhorse,-0.00037229016689508396,0.011824078537481048,safe_workhorse,never_danger,-0.00016283875625369145,0.006646019592185461,False,7.0,7.0
home_credit,REGION_RATING_CLIENT,gbm,top_k=5,APARTMENTS_MEDI,-0.0002433347469897651,0.005057562053805839,safe_workhorse,-0.0001017372133058192,0.004656388795551419,safe_workhorse,never_danger,0.00014159753368394592,-0.0004011732582544199,False,649.0,3066.0
home_credit,REGION_RATING_CLIENT,gbm,top_k=5,ELEVATORS_AVG,0.002774484232580243,0.005049378395750156,leaky_and_relied_on,0.00043561034098082985,0.0006817543372210556,low_low,left_danger,-0.0023388738915994132,-0.0043676240585291005,False,107.0,422.0
home_credit,REGION_RATING_CLIENT,gbm,top_k=5,LANDAREA_MEDI,0.0008131695356845103,0.004602458404916209,leaky_and_relied_on,0.0011965797989553328,0.014695774719330612,leaky_and_relied_on,stayed_danger,0.0003834102632708225,0.010093316314414402,False,1775.0,2230.0
home_credit,REGION_RATING_CLIENT,gbm,top_k=5,FLAG_EMAIL,-7.366924726659452e-05,0.0044766723846136015,safe_workhorse,5.39496000073747e-07,0.01148712628784287,safe_workhorse,never_danger,7.420874326666827e-05,0.007010453903229268,False,2.0,2.0
home_credit,REGION_RATING_CLIENT,gbm,top_k=5,REG_REGION_NOT_WORK_REGION,0.008137098910829099,0.004275748480059593,leaky_and_relied_on,5.303378231580336e-05,0.0005682655134012576,low_low,left_danger,-0.008084065128513295,-0.0037074829666583356,False,2.0,20.0
home_credit,REGION_RATING_CLIENT,gbm,top_k=5,LIVINGAPARTMENTS_AVG,-0.00021442326194192062,0.003964148382098785,safe_workhorse,-0.00032876448438627913,0.006970123799456245,safe_workhorse,never_danger,-0.00011434122244435851,0.0030059754173574604,False,715.0,1785.0
home_credit,REGION_RATING_CLIENT,gbm,top_k=5,OBS_60_CNT_SOCIAL_CIRCLE,-0.0006422068764724731,0.003924832978558048,safe_workhorse,-0.0004621319858566952,0.008778924033302186,safe_workhorse,never_danger,0.00018007489061577791,0.0048540910547441385,False,25.0,516.0
home_credit,REGION_RATING_CLIENT,gbm,top_k=5,FLAG_WORK_PHONE,0.00031008460671113627,0.0038226917274035003,safe_workhorse,0.0002033640051085639,0.00685995807834363,safe_workhorse,never_danger,-0.00010672060160257237,0.00303726635094013,False,2.0,2.0
home_credit,REGION_RATING_CLIENT,gbm,top_k=5,NONLIVINGAREA_MODE,0.000278671412480147,0.0037102761473041925,safe_workhorse,0.0014013010752646383,0.002932711025590216,leaky_removable,never_danger,0.0011226296627844913,-0.0007775651217139766,True,1198.0,1173.0
home_credit,REGION_RATING_CLIENT,gbm,top_k=5,FLAG_PHONE,0.001376743547828596,0.0036653646132829456,leaky_and_relied_on,0.00023977720211869612,0.0012913148758306044,low_low,left_danger,-0.0011369663457098998,-0.002374049737452341,False,2.0,149.0
home_credit,REGION_RATING_CLIENT,gbm,top_k=5,REG_CITY_NOT_WORK_CITY,0.0007437203156222871,0.003625898959649954,leaky_and_relied_on,8.879296544617166e-05,0.0031401079163325763,safe_workhorse,left_danger,-0.0006549273501761155,-0.00048579104331737764,False,2.0,2.0
home_credit,REGION_RATING_CLIENT,gbm,top_k=5,COMMONAREA_MODE,0.001453522906156368,0.0033191274576125766,leaky_and_relied_on,0.00046921013075169605,0.004412813245226272,safe_workhorse,left_danger,-0.000984312775404672,0.0010936857876136957,False,1239.0,1239.0
home_credit,REGION_RATING_CLIENT,gbm,top_k=5,FLOORSMIN_AVG,0.00020238819623010773,0.003130135233606105,safe_workhorse,0.00126077712868069,0.004989820364143354,leaky_and_relied_on,entered_danger,0.0010583889324505824,0.0018596851305372492,True,97.0,1001.0
home_credit,REGION_RATING_CLIENT,gbm,top_k=5,COMMONAREA_AVG,0.0007116796916573742,0.0031074522880628103,leaky_and_relied_on,0.0009808063130876121,0.00615289272930946,leaky_and_relied_on,stayed_danger,0.00026912662143023795,0.00304544044124665,False,1264.0,1264.0
home_credit,REGION_RATING_CLIENT,gbm,top_k=5,LIVINGAPARTMENTS_MODE,-0.000172993041329228,0.0030710731911539214,safe_workhorse,0.002032713066900005,0.01474978987863968,leaky_and_relied_on,entered_danger,0.002205706108229233,0.011678716687485758,True,450.0,1153.0
home_credit,REGION_RATING_CLIENT,gbm,top_k=5,COMMONAREA_MEDI,0.0002080778170129305,0.003055478856827182,safe_workhorse,-0.00012195831959389558,0.0024926167105129653,low_low,never_danger,-0.0003300361366068261,-0.0005628621463142167,False,1269.0,1269.0
home_credit,REGION_RATING_CLIENT,gbm,top_k=5,YEARS_BUILD_MODE,0.0005096006651960528,0.0030015094064692336,safe_workhorse,0.0006457798530427495,0.006681801630699861,leaky_and_relied_on,entered_danger,0.0001361791878466967,0.003680292224230627,True,118.0,118.0
home_credit,REGION_RATING_CLIENT,gbm,top_k=5,DEF_30_CNT_SOCIAL_CIRCLE,7.784944751223488e-05,0.002968896848878527,low_low,-7.416170449106029e-05,0.0024958303401960897,low_low,never_danger,-0.00015201115200329517,-0.00047306650868243717,False,8.0,8.0
home_credit,REGION_RATING_CLIENT,gbm,top_k=5,NAME_TYPE_SUITE,0.000540430625821986,0.002847586552835455,low_low,0.0004960650012301615,0.0002894629668358573,low_low,never_danger,-4.436562459182443e-05,-0.0025581235859995976,False,8.0,8.0
home_credit,REGION_RATING_CLIENT,gbm,top_k=5,ENTRANCES_MEDI,-0.0001174406636798464,0.002842706143857084,low_low,0.0006495465566944691,0.009154746941512103,leaky_and_relied_on,entered_danger,0.0007669872203743156,0.006312040797655018,True,41.0,41.0
home_credit,REGION_RATING_CLIENT,gbm,top_k=5,CNT_FAM_MEMBERS,-0.000325387312145331,0.0028031733864255677,low_low,-0.0002160964841468882,0.001827670855736411,low_low,never_danger,0.00010929082799844282,-0.0009755025306891567,False,9.0,9.0
home_credit,REGION_RATING_CLIENT,gbm,top_k=5,AMT_REQ_CREDIT_BUREAU_MON,0.0009483913348480976,0.0027074171831460757,leaky_removable,0.0007184365707441964,0.004048101887334892,leaky_and_relied_on,entered_danger,-0.00022995476410390123,0.0013406847041888166,False,19.0,19.0
home_credit,REGION_RATING_CLIENT,gbm,top_k=5,YEARS_BUILD_AVG,4.407654570317554e-05,0.0021487250677496325,low_low,0.0005883118291176492,0.0058569570812757,leaky_and_relied_on,entered_danger,0.0005442352834144736,0.0037082320135260675,True,119.0,119.0
home_credit,REGION_RATING_CLIENT,gbm,top_k=5,FLOORSMAX_AVG,0.006338264080888179,0.0020944685357916675,leaky_removable,0.00184859617627382,0.012492083532688191,leaky_and_relied_on,entered_danger,-0.004489667904614358,0.010397614996896523,False,140.0,2562.0
home_credit,REGION_RATING_CLIENT,gbm,top_k=5,FLAG_OWN_REALTY,0.0005536469350152951,0.00199954922129002,low_low,0.0001864522862331297,0.0004084681639703206,low_low,never_danger,-0.0003671946487821654,-0.0015910810573196994,False,2.0,2.0
home_credit,REGION_RATING_CLIENT,gbm,top_k=5,NAME_HOUSING_TYPE,0.0017120395370215703,0.001981370425105646,leaky_removable,0.002635946168671932,0.0018852978534740137,leaky_removable,never_danger,0.0009239066316503617,-9.607257163163243e-05,False,6.0,6.0
home_credit,REGION_RATING_CLIENT,gbm,top_k=5,CNT_CHILDREN,0.00017399491423186753,0.0018563150089095709,low_low,-0.00024908327515302806,0.0007202292166726115,low_low,never_danger,-0.0004230781893848956,-0.0011360857922369594,False,8.0,8.0
home_credit,REGION_RATING_CLIENT,gbm,top_k=5,YEARS_BUILD_MEDI,-0.00025689522746417113,0.0017021538773419884,low_low,0.000561846006704414,0.006737993753706699,safe_workhorse,never_danger,0.0008187412341685851,0.00503583987636471,False,118.0,118.0
home_credit,REGION_RATING_CLIENT,gbm,top_k=5,NONLIVINGAPARTMENTS_AVG,0.000303906723793812,0.0015385657229729196,low_low,5.12757117621776e-05,0.00047882417994764206,low_low,never_danger,-0.0002526310120316344,-0.0010597415430252774,False,124.0,160.0
home_credit,REGION_RATING_CLIENT,gbm,top_k=5,FLOORSMAX_MEDI,-1.0983423946075988e-05,0.0013129920777929034,low_low,0.005451092267685431,0.012860903879375617,leaky_and_relied_on,entered_danger,0.0054620756916315075,0.011547911801582714,True,46.0,2574.0
home_credit,REGION_RATING_CLIENT,gbm,top_k=5,YEARS_BEGINEXPLUATATION_MODE,0.0009689833325002617,0.0011805280247587238,leaky_removable,-0.00020443631417288444,0.005977855585742812,safe_workhorse,never_danger,-0.0011734196466731462,0.004797327560984088,False,131.0,344.0
home_credit,REGION_RATING_CLIENT,gbm,top_k=5,AMT_REQ_CREDIT_BUREAU_WEEK,0.0002190552383867228,0.001066759561642907,low_low,0.00016416672308932067,0.00033176050055189904,low_low,never_danger,-5.488851529740214e-05,-0.0007349990610910079,False,7.0,7.0
home_credit,REGION_RATING_CLIENT,gbm,top_k=5,LIVE_CITY_NOT_WORK_CITY,0.0005088380092643119,0.0010195020890155543,low_low,0.0006134933102939222,0.0009622064699711818,leaky_removable,never_danger,0.00010465530102961025,-5.729561904437247e-05,True,2.0,2.0
home_credit,REGION_RATING_CLIENT,gbm,top_k=5,LIVINGAPARTMENTS_MEDI,-0.0010502926947184132,0.0008911917377575631,low_low,0.0003351397243696708,0.012526333851585483,safe_workhorse,never_danger,0.001385432419088084,0.01163514211382792,False,575.0,1492.0
home_credit,REGION_RATING_CLIENT,gbm,top_k=5,WALLSMATERIAL_MODE,0.003745526625201556,0.0008527486136989544,leaky_removable,0.002336538237422148,0.006223098364275828,leaky_and_relied_on,entered_danger,-0.0014089883877794083,0.005370349750576874,False,8.0,222.0
home_credit,REGION_RATING_CLIENT,gbm,top_k=5,NAME_FAMILY_STATUS,-0.0004555379291847128,0.0007728740010137531,low_low,-0.00019777480150930948,0.005465338276763756,safe_workhorse,never_danger,0.0002577631276754033,0.004692464275750003,False,5.0,5.0
home_credit,REGION_RATING_CLIENT,gbm,top_k=5,NONLIVINGAPARTMENTS_MODE,0.00013210852909333325,0.000759849879734568,low_low,0.0003637919392951661,0.001267514349927926,low_low,never_danger,0.00023168341020183284,0.000507664470193358,False,57.0,57.0
home_credit,REGION_RATING_CLIENT,gbm,top_k=5,FLOORSMIN_MEDI,8.386052436093472e-05,0.0005486183146544033,low_low,-0.0009441190257261534,0.006139060062914812,safe_workhorse,never_danger,-0.0010279795500870881,0.005590441748260409,False,41.0,981.0
home_credit,REGION_RATING_CLIENT,gbm,top_k=5,FLAG_DOCUMENT_5,2.8252431621211828e-05,0.0004960063376567057,low_low,-9.532417726969556e-05,0.0,low_low,never_danger,-0.0001235766088909074,-0.0004960063376567057,False,2.0,2.0
home_credit,REGION_RATING_CLIENT,gbm,top_k=5,FLAG_DOCUMENT_8,3.8901141024538787e-05,0.00042965612497732693,low_low,-4.339973623630477e-05,0.00406373745861901,safe_workhorse,never_danger,-8.230087726084355e-05,0.0036340813336416837,False,2.0,10.0
home_credit,REGION_RATING_CLIENT,gbm,top_k=5,FONDKAPREMONT_MODE,0.0009159307788315863,0.00039899847491447235,leaky_removable,0.0005016320263532492,0.0006117409816966173,low_low,never_danger,-0.00041429875247833703,0.00021274250678214493,False,5.0,5.0
home_credit,REGION_RATING_CLIENT,gbm,top_k=5,ELEVATORS_MODE,0.0008640266155291565,0.00033778936598740083,leaky_removable,7.882043512139614e-05,0.009032733737182877,safe_workhorse,never_danger,-0.0007852061804077603,0.008694944371195475,False,26.0,538.0
home_credit,REGION_RATING_CLIENT,gbm,top_k=5,REG_CITY_NOT_LIVE_CITY,0.0005697530826971997,0.00031908370757635624,leaky_removable,0.0002719715574888371,0.0004382930854672138,low_low,never_danger,-0.0002977815252083626,0.00011920937789085755,False,2.0,2.0
home_credit,REGION_RATING_CLIENT,gbm,top_k=5,ENTRANCES_MODE,-2.2272105797771503e-05,0.00025817384948570156,low_low,0.0008495063007502024,0.004257578502704758,leaky_and_relied_on,entered_danger,0.0008717784065479739,0.003999404653219056,True,30.0,30.0
home_credit,REGION_RATING_CLIENT,gbm,top_k=5,FLAG_DOCUMENT_14,0.0,0.0,low_low,0.0,0.0,low_low,never_danger,0.0,0.0,False,2.0,2.0
home_credit,REGION_RATING_CLIENT,gbm,top_k=5,FLAG_DOCUMENT_12,0.0,0.0,low_low,0.0,0.0,low_low,never_danger,0.0,0.0,False,1.0,1.0
home_credit,REGION_RATING_CLIENT,gbm,top_k=5,FLAG_DOCUMENT_11,0.0,0.0,low_low,0.0,0.0,low_low,never_danger,0.0,0.0,False,2.0,2.0
home_credit,REGION_RATING_CLIENT,gbm,top_k=5,FLAG_DOCUMENT_21,0.0,0.0,low_low,0.0,0.0,low_low,never_danger,0.0,0.0,False,2.0,2.0
home_credit,REGION_RATING_CLIENT,gbm,top_k=5,FLAG_DOCUMENT_10,0.0,0.0,low_low,0.0,0.0,low_low,never_danger,0.0,0.0,False,2.0,2.0
home_credit,REGION_RATING_CLIENT,gbm,top_k=5,FLAG_DOCUMENT_4,0.0,0.0,low_low,0.0,0.0,low_low,never_danger,0.0,0.0,False,1.0,1.0
home_credit,REGION_RATING_CLIENT,gbm,top_k=5,FLAG_DOCUMENT_19,0.0,0.0,low_low,0.0,0.0,low_low,never_danger,0.0,0.0,False,2.0,2.0
home_credit,REGION_RATING_CLIENT,gbm,top_k=5,FLAG_DOCUMENT_16,0.0,0.0,low_low,0.0,0.0017725945346427504,low_low,never_danger,0.0,0.0017725945346427504,False,2.0,2.0
home_credit,REGION_RATING_CLIENT,gbm,top_k=5,FLAG_DOCUMENT_15,0.0,0.0,low_low,0.0,0.0,low_low,never_danger,0.0,0.0,False,2.0,2.0
home_credit,REGION_RATING_CLIENT,gbm,top_k=5,FLAG_DOCUMENT_17,0.0,0.0,low_low,0.0,0.0,low_low,never_danger,0.0,0.0,False,2.0,2.0
home_credit,REGION_RATING_CLIENT,gbm,top_k=5,FLAG_DOCUMENT_18,0.0,0.0,low_low,0.0,0.0,low_low,never_danger,0.0,0.0,False,2.0,2.0
home_credit,REGION_RATING_CLIENT,gbm,top_k=5,NONLIVINGAPARTMENTS_MEDI,4.0028434789740605e-05,0.0,low_low,0.0003646525450926363,0.0017770918527847924,low_low,never_danger,0.0003246241103028957,0.0017770918527847924,False,76.0,105.0
home_credit,REGION_RATING_CLIENT,gbm,top_k=5,FLAG_OWN_CAR,0.0,0.0,low_low,0.0005395367752713432,0.0459331955520609,safe_workhorse,never_danger,0.0005395367752713432,0.0459331955520609,False,2.0,2.0
home_credit,REGION_RATING_CLIENT,gbm,top_k=5,FLAG_DOCUMENT_20,0.0,0.0,low_low,0.0,0.0,low_low,never_danger,0.0,0.0,False,2.0,2.0
home_credit,REGION_RATING_CLIENT,gbm,top_k=5,HOUSETYPE_MODE,0.0,0.0,low_low,-7.221678936053522e-06,0.0,low_low,never_danger,-7.221678936053522e-06,0.0,False,4.0,4.0
home_credit,REGION_RATING_CLIENT,gbm,top_k=5,FLAG_CONT_MOBILE,-1.0434769942113676e-06,0.0,low_low,0.0,0.0,low_low,never_danger,1.0434769942113676e-06,0.0,False,2.0,2.0
home_credit,REGION_RATING_CLIENT,gbm,top_k=5,FLAG_DOCUMENT_13,4.22382125377041e-05,0.0,low_low,2.359768210864477e-05,0.0,low_low,never_danger,-1.8640530429059333e-05,0.0,False,2.0,2.0
home_credit,REGION_RATING_CLIENT,gbm,top_k=5,FLOORSMAX_MODE,8.472873015155091e-05,0.0,low_low,0.010004516687616816,0.04008327609100898,leaky_and_relied_on,entered_danger,0.009919787957465264,0.04008327609100898,True,26.0,2568.0
home_credit,REGION_RATING_CLIENT,gbm,top_k=5,AMT_REQ_CREDIT_BUREAU_HOUR,8.958266136911419e-05,0.0,low_low,1.2689315820191283e-05,0.0,low_low,never_danger,-7.68933455489229e-05,0.0,False,4.0,4.0
home_credit,REGION_RATING_CLIENT,gbm,top_k=5,REG_REGION_NOT_LIVE_REGION,0.000139549505282055,0.0,low_low,0.00011869239889743533,0.0,low_low,never_danger,-2.085710638461968e-05,0.0,False,2.0,2.0
home_credit,REGION_RATING_CLIENT,gbm,top_k=5,ELEVATORS_MEDI,0.0012467758787271688,0.0,leaky_removable,0.00021244589501276945,0.0,low_low,never_danger,-0.0010343299837143993,0.0,False,38.0,542.0
home_credit,REGION_RATING_CLIENT,gbm,top_k=5,FLAG_DOCUMENT_9,0.00028659617544399827,0.0,low_low,0.0001401874778065304,0.0,low_low,never_danger,-0.00014640869763746787,0.0,False,2.0,2.0
home_credit,REGION_RATING_CLIENT,gbm,top_k=5,LIVE_REGION_NOT_WORK_REGION,0.0005509933040468873,0.0,low_low,0.000307215928278759,0.0,low_low,never_danger,-0.00024377737576812834,0.0,False,2.0,18.0
home_credit,REGION_RATING_CLIENT,gbm,top_k=5,FLAG_DOCUMENT_2,0.0,0.0,low_low,0.0,0.0,low_low,never_danger,0.0,0.0,False,1.0,1.0
home_credit,REGION_RATING_CLIENT,gbm,top_k=5,AMT_REQ_CREDIT_BUREAU_DAY,0.0,0.0,low_low,4.286669045459046e-05,0.0,low_low,never_danger,4.286669045459046e-05,0.0,False,7.0,7.0
home_credit,REGION_RATING_CLIENT,gbm,top_k=5,EMERGENCYSTATE_MODE,0.0,0.0,low_low,0.0,0.0,low_low,never_danger,0.0,0.0,False,3.0,3.0
home_credit,REGION_RATING_CLIENT,gbm,top_k=5,FLAG_MOBIL,0.0,0.0,low_low,0.0,0.0,low_low,never_danger,0.0,0.0,False,2.0,2.0
home_credit,REGION_RATING_CLIENT,gbm,top_k=5,FLAG_DOCUMENT_7,0.0,0.0,low_low,0.0,0.0,low_low,never_danger,0.0,0.0,False,2.0,2.0
home_credit,REGION_RATING_CLIENT,gbm,top_k=5,FLAG_DOCUMENT_6,-5.133633427210071e-05,0.0,low_low,-0.00040473485092022975,0.0,low_low,never_danger,-0.00035339851664812906,0.0,False,2.0,2.0
home_credit,REGION_RATING_CLIENT,gbm,top_k=5,FLAG_EMP_PHONE,0.0,0.0,low_low,0.0,0.0,low_low,never_danger,0.0,0.0,False,2.0,2.0
home_credit,REGION_RATING_CLIENT,gbm,top_k=5,FLOORSMIN_MODE,0.00017068371261224068,0.0,low_low,0.005879974433661328,0.012874501986669085,leaky_and_relied_on,entered_danger,0.005709290721049087,0.012874501986669085,True,25.0,439.0
home_credit,REGION_RATING_CLIENT,gbm,full,EXT_SOURCE_3,-0.00082846660816005,0.3629704776136346,safe_workhorse,0.0006959738979266161,0.3247690953792417,leaky_and_relied_on,entered_danger,0.0015244405060866662,-0.0382013822343929,True,667.0,5507.0
home_credit,REGION_RATING_CLIENT,gbm,full,EXT_SOURCE_2,0.0655102866073937,0.2700077787832096,leaky_and_relied_on,0.017098819333199587,0.18029557396687457,leaky_and_relied_on,stayed_danger,-0.04841146727419412,-0.08971220481633502,False,13660.0,6423.0
home_credit,REGION_RATING_CLIENT,gbm,full,EXT_SOURCE_1,0.0015919197275661157,0.15718621594664112,leaky_and_relied_on,-0.0002421546547974218,0.11305941904406788,safe_workhorse,left_danger,-0.0018340743823635375,-0.044126796902573234,False,6529.0,4562.0
home_credit,REGION_RATING_CLIENT,gbm,full,DAYS_EMPLOYED,0.0009852425353697348,0.08879506030437123,leaky_and_relied_on,0.0016116296122568486,0.07916890074893077,leaky_and_relied_on,stayed_danger,0.0006263870768871138,-0.009626159555440467,False,5181.0,5785.0
home_credit,REGION_RATING_CLIENT,gbm,full,AMT_CREDIT,0.0018274856708296872,0.08397706375197088,leaky_and_relied_on,0.0008293596906465917,0.08077986360341068,leaky_and_relied_on,stayed_danger,-0.0009981259801830956,-0.003197200148560203,False,2217.0,6374.0
home_credit,REGION_RATING_CLIENT,gbm,full,NAME_EDUCATION_TYPE,4.15161899864902e-06,0.0725168939233998,safe_workhorse,2.2236038528755665e-05,0.01896581250344737,safe_workhorse,never_danger,1.8084419530106643e-05,-0.053551081419952434,False,5.0,1138.0
home_credit,REGION_RATING_CLIENT,gbm,full,DAYS_BIRTH,-6.971859770765754e-05,0.07019598993734111,safe_workhorse,0.0014466923810630972,0.09018851508004969,leaky_and_relied_on,entered_danger,0.0015164109787707547,0.019992525142708578,True,9756.0,6456.0
home_credit,REGION_RATING_CLIENT,gbm,full,AMT_GOODS_PRICE,-0.0011376412782482693,0.06922022293136627,safe_workhorse,-0.0003505502869826316,0.05073568378023383,safe_workhorse,never_danger,0.0007870909912656377,-0.01848453915113244,False,400.0,6345.0
home_credit,REGION_RATING_CLIENT,gbm,full,NAME_INCOME_TYPE,0.004160677269931123,0.04683797333015717,leaky_and_relied_on,0.0018464155266275871,0.029288610236709776,leaky_and_relied_on,stayed_danger,-0.002314261743303536,-0.017549363093447394,False,7.0,1764.0
home_credit,REGION_RATING_CLIENT,gbm,full,OWN_CAR_AGE,0.002429410679792121,0.04623508074329385,leaky_and_relied_on,0.0028176737512737525,0.014317614220735176,leaky_and_relied_on,stayed_danger,0.0003882630714816316,-0.03191746652255867,False,52.0,4089.0
home_credit,REGION_RATING_CLIENT,gbm,full,ORGANIZATION_TYPE,0.0016342492069396863,0.03793842947871926,leaky_and_relied_on,-7.575598573763553e-05,0.005287163117781889,safe_workhorse,left_danger,-0.0017100051926773217,-0.032651266360937375,False,57.0,3740.0
home_credit,REGION_RATING_CLIENT,gbm,full,NAME_CONTRACT_TYPE,0.0001007887494452131,0.035802602586861895,safe_workhorse,0.0010096000482415323,0.03403337113354154,leaky_and_relied_on,entered_danger,0.0009088112987963192,-0.0017692314533203565,True,2.0,103.0
home_credit,REGION_RATING_CLIENT,gbm,full,AMT_ANNUITY,0.00428099614433608,0.03486277829389481,leaky_and_relied_on,0.004632699712402788,0.03910443701558189,leaky_and_relied_on,stayed_danger,0.00035170356806670834,0.0042416587216870805,False,5242.0,6451.0
home_credit,REGION_RATING_CLIENT,gbm,full,DAYS_ID_PUBLISH,0.0004154874887416282,0.03282089423260303,safe_workhorse,0.0009691155842129762,0.03940879933485958,leaky_and_relied_on,entered_danger,0.000553628095471348,0.0065879051022565485,True,4987.0,6485.0
home_credit,REGION_RATING_CLIENT,gbm,full,DAYS_LAST_PHONE_CHANGE,0.0018729084720596977,0.02665714298672757,leaky_and_relied_on,0.0012341553935458105,0.04438517774850585,leaky_and_relied_on,stayed_danger,-0.0006387530785138872,0.017728034761778283,False,2930.0,5799.0
home_credit,REGION_RATING_CLIENT,gbm,full,FLAG_DOCUMENT_3,0.0007239244373702603,0.024518269863631655,leaky_and_relied_on,0.00023608264498513608,0.004588917351556783,safe_workhorse,left_danger,-0.0004878417923851242,-0.019929352512074873,False,2.0,1378.0
home_credit,REGION_RATING_CLIENT,gbm,full,LIVINGAREA_MEDI,0.00017119955189066617,0.019125815061898015,safe_workhorse,0.0009666900230055564,0.0018604723749936123,leaky_removable,never_danger,0.0007954904711148902,-0.017265342686904404,True,2542.0,5750.0
home_credit,REGION_RATING_CLIENT,gbm,full,DAYS_REGISTRATION,0.005239756317136246,0.017505420476896183,leaky_and_relied_on,0.0024780581312497272,0.007433264963927613,leaky_and_relied_on,stayed_danger,-0.0027616981858865188,-0.01007215551296857,False,8430.0,6423.0
home_credit,REGION_RATING_CLIENT,gbm,full,BASEMENTAREA_AVG,0.0023304978319348855,0.016038697238618678,leaky_and_relied_on,0.0019990739728039885,0.0032910528042753547,leaky_and_relied_on,stayed_danger,-0.000331423859130897,-0.012747644434343324,False,1952.0,3718.0
home_credit,REGION_RATING_CLIENT,gbm,full,AMT_REQ_CREDIT_BUREAU_QRT,0.00026788802444073224,0.013772496845844806,safe_workhorse,-0.0002833637243609299,0.0075248168987244405,safe_workhorse,never_danger,-0.0005512517488016622,-0.0062476799471203655,False,8.0,229.0
home_credit,REGION_RATING_CLIENT,gbm,full,NONLIVINGAREA_AVG,0.0006599638989711165,0.01305103059446666,leaky_and_relied_on,0.0013745719638697195,0.0036981264212163235,leaky_and_relied_on,stayed_danger,0.000714608064898603,-0.009352904173250336,False,1223.0,2996.0
home_credit,REGION_RATING_CLIENT,gbm,full,HOUR_APPR_PROCESS_START,0.06247851786468452,0.012792248697350031,leaky_and_relied_on,0.03571862005766613,0.005493789001723219,leaky_and_relied_on,stayed_danger,-0.026759897807018394,-0.007298459695626812,False,23.0,6236.0
home_credit,REGION_RATING_CLIENT,gbm,full,ENTRANCES_AVG,0.00048441707978026384,0.012594114513240327,safe_workhorse,-0.0010524581048760417,0.007160262649929483,safe_workhorse,never_danger,-0.0015368751846563055,-0.005433851863310844,False,121.0,1350.0
home_credit,REGION_RATING_CLIENT,gbm,full,AMT_INCOME_TOTAL,0.016505527695584422,0.011589777242667972,leaky_and_relied_on,0.008089214585155814,0.008168358663864613,leaky_and_relied_on,stayed_danger,-0.008416313110428609,-0.0034214185788033584,False,369.0,6306.0
home_credit,REGION_RATING_CLIENT,gbm,full,OBS_30_CNT_SOCIAL_CIRCLE,-0.00027502528623288833,0.011227481451122902,safe_workhorse,-0.00048388341316738524,0.007498567512223343,safe_workhorse,never_danger,-0.0002088581269344969,-0.003728913938899559,False,25.0,2296.0
home_credit,REGION_RATING_CLIENT,gbm,full,YEARS_BEGINEXPLUATATION_AVG,0.0008105686387686716,0.009781939495677384,leaky_and_relied_on,0.0003476276126660238,0.005890370312238553,safe_workhorse,left_danger,-0.00046294102610264785,-0.003891569183438831,False,132.0,3633.0
home_credit,REGION_RATING_CLIENT,gbm,full,AMT_REQ_CREDIT_BUREAU_YEAR,-0.0003584812903709933,0.00971702106851168,safe_workhorse,0.0024392233507535056,0.007439663821586737,leaky_and_relied_on,entered_danger,0.002797704641124499,-0.002277357246924943,True,14.0,1502.0
home_credit,REGION_RATING_CLIENT,gbm,full,NONLIVINGAREA_MEDI,0.00016789934779524174,0.009106844192172878,safe_workhorse,0.00018239144879754753,0.0026633571584295745,low_low,never_danger,1.4492101002305785e-05,-0.006443487033743303,False,1228.0,2917.0
home_credit,REGION_RATING_CLIENT,gbm,full,LIVINGAREA_AVG,0.0011277869365028171,0.00858888556698778,leaky_and_relied_on,0.0018354124216889201,0.0013637435535835461,leaky_removable,left_danger,0.000707625485186103,-0.007225142013404235,False,2534.0,5747.0
home_credit,REGION_RATING_CLIENT,gbm,full,OCCUPATION_TYPE,3.0309547718454512e-05,0.008562155209230263,safe_workhorse,-0.00012493753129469987,0.01199413398936521,safe_workhorse,never_danger,-0.00015524707901315438,0.0034319787801349467,False,19.0,1850.0
home_credit,REGION_RATING_CLIENT,gbm,full,LANDAREA_MODE,0.0010164594755206035,0.00772814089448033,leaky_and_relied_on,0.006573384687911621,0.016755279772281084,leaky_and_relied_on,stayed_danger,0.005556925212391017,0.009027138877800754,False,1773.0,4558.0
home_credit,REGION_RATING_CLIENT,gbm,full,APARTMENTS_MODE,0.0005555145076656442,0.007475312016751165,safe_workhorse,0.002264744252499806,0.006494500588259562,leaky_and_relied_on,entered_danger,0.0017092297448341618,-0.0009808114284916031,True,483.0,4955.0
home_credit,REGION_RATING_CLIENT,gbm,full,BASEMENTAREA_MEDI,0.0007114833294362466,0.007451355921651257,leaky_and_relied_on,0.001017028738157899,0.011680428734996945,leaky_and_relied_on,stayed_danger,0.0003055454087216525,0.004229072813345688,False,1949.0,2766.0
home_credit,REGION_RATING_CLIENT,gbm,full,LIVINGAREA_MODE,-0.0011990529643230551,0.006493250416231279,safe_workhorse,0.0009793683923500218,0.0033244303770907074,leaky_and_relied_on,entered_danger,0.002178421356673077,-0.003168820039140572,True,2491.0,5165.0
home_credit,REGION_RATING_CLIENT,gbm,full,YEARS_BEGINEXPLUATATION_MEDI,0.00034394592506363785,0.006295905428672433,safe_workhorse,0.00014100344539802467,0.0043292060905829885,safe_workhorse,never_danger,-0.00020294247966561317,-0.001966699338089444,False,130.0,3523.0
home_credit,REGION_RATING_CLIENT,gbm,full,TOTALAREA_MODE,0.0022813421507396512,0.006289591456282677,leaky_and_relied_on,0.001479856050683037,0.00757621571810907,leaky_and_relied_on,stayed_danger,-0.0008014861000566142,0.0012866242618263931,False,2492.0,5745.0
home_credit,REGION_RATING_CLIENT,gbm,full,LANDAREA_AVG,0.001710877035283409,0.005684443688174554,leaky_and_relied_on,0.0013158265225973187,0.011037994301871827,leaky_and_relied_on,stayed_danger,-0.0003950505126860903,0.005353550613697273,False,1781.0,4596.0
home_credit,REGION_RATING_CLIENT,gbm,full,BASEMENTAREA_MODE,0.0053547080275268,0.005440866919589822,leaky_and_relied_on,0.0033345879869016493,0.007117381381702032,leaky_and_relied_on,stayed_danger,-0.0020201200406251506,0.00167651446211221,False,1957.0,2759.0
home_credit,REGION_RATING_CLIENT,gbm,full,APARTMENTS_AVG,0.0011342732182160198,0.005252297443086348,leaky_and_relied_on,-0.0008878571814890712,0.000881476438932975,low_low,left_danger,-0.002022130399705091,-0.004370821004153373,False,894.0,5119.0
home_credit,REGION_RATING_CLIENT,gbm,full,WEEKDAY_APPR_PROCESS_START,-0.00017985073213320213,0.0052342809779276165,safe_workhorse,0.0008515837967405737,0.012505220532624244,leaky_and_relied_on,entered_danger,0.0010314345288737758,0.007270939554696628,True,7.0,700.0
home_credit,REGION_RATING_CLIENT,gbm,full,DEF_60_CNT_SOCIAL_CIRCLE,-0.0002094514106413925,0.005178058945295587,safe_workhorse,-0.0004731204428594316,0.009534211839254337,safe_workhorse,never_danger,-0.00026366903221803907,0.00435615289395875,False,7.0,125.0
home_credit,REGION_RATING_CLIENT,gbm,full,APARTMENTS_MEDI,-0.0002433347469897651,0.005057562053805839,safe_workhorse,0.0005456543376941792,0.0033183789030628796,safe_workhorse,never_danger,0.0007889890846839442,-0.0017391831507429594,False,649.0,5103.0
home_credit,REGION_RATING_CLIENT,gbm,full,ELEVATORS_AVG,0.002774484232580243,0.005049378395750156,leaky_and_relied_on,-2.1088452227813193e-05,0.0003914595591338849,low_low,left_danger,-0.0027955726848080563,-0.004657918836616271,False,107.0,407.0
home_credit,REGION_RATING_CLIENT,gbm,full,LANDAREA_MEDI,0.0008131695356845103,0.004602458404916209,leaky_and_relied_on,0.0013565472962531854,0.006497194056173033,leaky_and_relied_on,stayed_danger,0.0005433777605686751,0.0018947356512568235,False,1775.0,4577.0
home_credit,REGION_RATING_CLIENT,gbm,full,FLAG_EMAIL,-7.366924726659452e-05,0.0044766723846136015,safe_workhorse,-0.00024969120158979674,0.0007945305430021904,low_low,never_danger,-0.00017602195432320222,-0.003682141841611411,False,2.0,220.0
home_credit,REGION_RATING_CLIENT,gbm,full,REG_REGION_NOT_WORK_REGION,0.008137098910829099,0.004275748480059593,leaky_and_relied_on,0.00042298842054051545,0.0,low_low,left_danger,-0.007714110490288583,-0.004275748480059593,False,2.0,86.0
home_credit,REGION_RATING_CLIENT,gbm,full,LIVINGAPARTMENTS_AVG,-0.00021442326194192062,0.003964148382098785,safe_workhorse,0.0007628401859319123,0.003539754896425842,leaky_and_relied_on,entered_danger,0.000977263447873833,-0.00042439348567294274,True,715.0,4639.0
home_credit,REGION_RATING_CLIENT,gbm,full,OBS_60_CNT_SOCIAL_CIRCLE,-0.0006422068764724731,0.003924832978558048,safe_workhorse,-0.00020918189294942823,0.00808078128129414,safe_workhorse,never_danger,0.0004330249835230449,0.004155948302736092,False,25.0,2223.0
home_credit,REGION_RATING_CLIENT,gbm,full,FLAG_WORK_PHONE,0.00031008460671113627,0.0038226917274035003,safe_workhorse,0.0006679426719011783,0.00471701709633385,leaky_and_relied_on,entered_danger,0.000357858065190042,0.0008943253689303499,True,2.0,94.0
home_credit,REGION_RATING_CLIENT,gbm,full,NONLIVINGAREA_MODE,0.000278671412480147,0.0037102761473041925,safe_workhorse,-0.00080733961593773,0.00985964699824816,safe_workhorse,never_danger,-0.001086011028417877,0.006149370850943967,False,1198.0,2281.0
home_credit,REGION_RATING_CLIENT,gbm,full,FLAG_PHONE,0.001376743547828596,0.0036653646132829456,leaky_and_relied_on,0.0007356971699076009,0.0011514781542856577,leaky_removable,left_danger,-0.0006410463779209951,-0.002513886458997288,False,2.0,931.0
home_credit,REGION_RATING_CLIENT,gbm,full,REG_CITY_NOT_WORK_CITY,0.0007437203156222871,0.003625898959649954,leaky_and_relied_on,-0.00023255063269767007,0.005691852884044921,safe_workhorse,left_danger,-0.0009762709483199572,0.0020659539243949674,False,2.0,135.0
home_credit,REGION_RATING_CLIENT,gbm,full,COMMONAREA_MODE,0.001453522906156368,0.0033191274576125766,leaky_and_relied_on,0.0011076811057902703,0.012462615740022193,leaky_and_relied_on,stayed_danger,-0.0003458418003660978,0.009143488282409616,False,1239.0,1904.0
home_credit,REGION_RATING_CLIENT,gbm,full,FLOORSMIN_AVG,0.00020238819623010773,0.003130135233606105,safe_workhorse,0.0007159655965339074,0.0044021431099580365,leaky_and_relied_on,entered_danger,0.0005135774003037996,0.0012720078763519315,True,97.0,4390.0
home_credit,REGION_RATING_CLIENT,gbm,full,COMMONAREA_AVG,0.0007116796916573742,0.0031074522880628103,leaky_and_relied_on,0.0012033001398155329,0.0053256151354986216,leaky_and_relied_on,stayed_danger,0.0004916204481581587,0.0022181628474358113,False,1264.0,2468.0
home_credit,REGION_RATING_CLIENT,gbm,full,LIVINGAPARTMENTS_MODE,-0.000172993041329228,0.0030710731911539214,safe_workhorse,0.0005547170070139051,0.0021545282858653225,low_low,never_danger,0.0007277100483431331,-0.0009165449052885989,False,450.0,3639.0
home_credit,REGION_RATING_CLIENT,gbm,full,COMMONAREA_MEDI,0.0002080778170129305,0.003055478856827182,safe_workhorse,0.0006573451126351326,0.004704360332905675,leaky_and_relied_on,entered_danger,0.0004492672956222021,0.0016488814760784926,True,1269.0,2458.0
home_credit,REGION_RATING_CLIENT,gbm,full,YEARS_BUILD_MODE,0.0005096006651960528,0.0030015094064692336,safe_workhorse,-1.3702244026791987e-05,0.004515714958577867,safe_workhorse,never_danger,-0.0005233029092228448,0.0015142055521086334,False,118.0,2490.0
home_credit,REGION_RATING_CLIENT,gbm,full,DEF_30_CNT_SOCIAL_CIRCLE,7.784944751223488e-05,0.002968896848878527,low_low,-2.202479595596607e-05,0.0006527835588182831,low_low,never_danger,-9.987424346820095e-05,-0.002316113290060244,False,8.0,186.0
home_credit,REGION_RATING_CLIENT,gbm,full,NAME_TYPE_SUITE,0.000540430625821986,0.002847586552835455,low_low,0.0005108482546874793,0.0004270037768395835,low_low,never_danger,-2.95823711345067e-05,-0.0024205827759958714,False,8.0,286.0
home_credit,REGION_RATING_CLIENT,gbm,full,ENTRANCES_MEDI,-0.0001174406636798464,0.002842706143857084,low_low,-8.606619420892248e-05,0.009166610696439126,safe_workhorse,never_danger,3.137446947092393e-05,0.006323904552582041,False,41.0,1270.0
home_credit,REGION_RATING_CLIENT,gbm,full,CNT_FAM_MEMBERS,-0.000325387312145331,0.0028031733864255677,low_low,-6.220191290822186e-05,0.005645295471684857,safe_workhorse,never_danger,0.0002631853992371092,0.002842122085259289,False,9.0,318.0
home_credit,REGION_RATING_CLIENT,gbm,full,AMT_REQ_CREDIT_BUREAU_MON,0.0009483913348480976,0.0027074171831460757,leaky_removable,-1.5041388630909758e-05,0.0,low_low,never_danger,-0.0009634327234790073,-0.0027074171831460757,False,19.0,368.0
home_credit,REGION_RATING_CLIENT,gbm,full,YEARS_BUILD_AVG,4.407654570317554e-05,0.0021487250677496325,low_low,0.0030165346910214553,0.004811106540199326,leaky_and_relied_on,entered_danger,0.00297245814531828,0.0026623814724496936,True,119.0,2076.0
home_credit,REGION_RATING_CLIENT,gbm,full,FLOORSMAX_AVG,0.006338264080888179,0.0020944685357916675,leaky_removable,0.0005152868095091411,0.00425158552631372,safe_workhorse,never_danger,-0.005822977271379037,0.002157116990522052,False,140.0,5323.0
home_credit,REGION_RATING_CLIENT,gbm,full,FLAG_OWN_REALTY,0.0005536469350152951,0.00199954922129002,low_low,0.0005599618436488596,0.0025916878341957802,low_low,never_danger,6.314908633564542e-06,0.0005921386129057603,False,2.0,104.0
home_credit,REGION_RATING_CLIENT,gbm,full,NAME_HOUSING_TYPE,0.0017120395370215703,0.001981370425105646,leaky_removable,0.0005689510798350117,0.0,leaky_removable,never_danger,-0.0011430884571865586,-0.001981370425105646,False,6.0,391.0
home_credit,REGION_RATING_CLIENT,gbm,full,CNT_CHILDREN,0.00017399491423186753,0.0018563150089095709,low_low,0.0011379922199502347,0.0016069139406058365,leaky_removable,never_danger,0.0009639973057183671,-0.0002494010683037344,True,8.0,116.0
home_credit,REGION_RATING_CLIENT,gbm,full,YEARS_BUILD_MEDI,-0.00025689522746417113,0.0017021538773419884,low_low,0.0007644170213550571,0.002427598876709403,leaky_removable,never_danger,0.0010213122488192282,0.0007254449993674146,True,118.0,2432.0
home_credit,REGION_RATING_CLIENT,gbm,full,NONLIVINGAPARTMENTS_AVG,0.000303906723793812,0.0015385657229729196,low_low,-6.405852379356424e-05,0.0004411670458113697,low_low,never_danger,-0.0003679652475873762,-0.0010973986771615498,False,124.0,461.0
home_credit,REGION_RATING_CLIENT,gbm,full,FLOORSMAX_MEDI,-1.0983423946075988e-05,0.0013129920777929034,low_low,0.0035742591237618803,0.004239166764645301,leaky_and_relied_on,entered_danger,0.0035852425477079564,0.0029261746868523976,True,46.0,5257.0
home_credit,REGION_RATING_CLIENT,gbm,full,YEARS_BEGINEXPLUATATION_MODE,0.0009689833325002617,0.0011805280247587238,leaky_removable,0.0009748452766741966,0.00560772176002091,leaky_and_relied_on,entered_danger,5.861944173934908e-06,0.0044271937352621865,False,131.0,3593.0
home_credit,REGION_RATING_CLIENT,gbm,full,AMT_REQ_CREDIT_BUREAU_WEEK,0.0002190552383867228,0.001066759561642907,low_low,3.289998612652223e-05,0.0004884748243079374,low_low,never_danger,-0.00018615525226020057,-0.0005782847373349695,False,7.0,34.0
home_credit,REGION_RATING_CLIENT,gbm,full,LIVE_CITY_NOT_WORK_CITY,0.0005088380092643119,0.0010195020890155543,low_low,-0.00019016415199937242,0.011693059312061677,safe_workhorse,never_danger,-0.0006990021612636844,0.010673557223046123,False,2.0,20.0
home_credit,REGION_RATING_CLIENT,gbm,full,LIVINGAPARTMENTS_MEDI,-0.0010502926947184132,0.0008911917377575631,low_low,0.00010362705472177769,0.004330032628938757,safe_workhorse,never_danger,0.0011539197494401909,0.0034388408911811942,False,575.0,4777.0
home_credit,REGION_RATING_CLIENT,gbm,full,WALLSMATERIAL_MODE,0.003745526625201556,0.0008527486136989544,leaky_removable,0.0017730575821971017,0.0075384810197203205,leaky_and_relied_on,entered_danger,-0.0019724690430044543,0.0066857324060213665,False,8.0,2094.0
home_credit,REGION_RATING_CLIENT,gbm,full,NAME_FAMILY_STATUS,-0.0004555379291847128,0.0007728740010137531,low_low,3.732961614113517e-05,0.008730482022088953,safe_workhorse,never_danger,0.000492867545325848,0.0079576080210752,False,5.0,383.0
home_credit,REGION_RATING_CLIENT,gbm,full,NONLIVINGAPARTMENTS_MODE,0.00013210852909333325,0.000759849879734568,low_low,-1.1343132234120646e-05,0.0007460782510974334,low_low,never_danger,-0.0001434516613274539,-1.377162863713463e-05,False,57.0,485.0
home_credit,REGION_RATING_CLIENT,gbm,full,FLOORSMIN_MEDI,8.386052436093472e-05,0.0005486183146544033,low_low,0.0005203071551882932,0.003970162016898318,safe_workhorse,never_danger,0.0004364466308273585,0.003421543702243915,False,41.0,4295.0
home_credit,REGION_RATING_CLIENT,gbm,full,FLAG_DOCUMENT_5,2.8252431621211828e-05,0.0004960063376567057,low_low,0.0,0.0,low_low,never_danger,-2.8252431621211828e-05,-0.0004960063376567057,False,2.0,6.0
home_credit,REGION_RATING_CLIENT,gbm,full,FLAG_DOCUMENT_8,3.8901141024538787e-05,0.00042965612497732693,low_low,0.00047164256316285514,0.0,low_low,never_danger,0.0004327414221383164,-0.00042965612497732693,False,2.0,304.0
home_credit,REGION_RATING_CLIENT,gbm,full,FONDKAPREMONT_MODE,0.0009159307788315863,0.00039899847491447235,leaky_removable,0.00031446928428737755,0.0013125089554769415,low_low,never_danger,-0.0006014614945442087,0.0009135104805624691,False,5.0,154.0
home_credit,REGION_RATING_CLIENT,gbm,full,ELEVATORS_MODE,0.0008640266155291565,0.00033778936598740083,leaky_removable,6.354155704473286e-05,0.0,low_low,never_danger,-0.0008004850584844236,-0.00033778936598740083,False,26.0,428.0
home_credit,REGION_RATING_CLIENT,gbm,full,REG_CITY_NOT_LIVE_CITY,0.0005697530826971997,0.00031908370757635624,leaky_removable,-1.7428474985159426e-05,0.0014606268047524875,low_low,never_danger,-0.000587181557682359,0.0011415430971761314,False,2.0,71.0
home_credit,REGION_RATING_CLIENT,gbm,full,ENTRANCES_MODE,-2.2272105797771503e-05,0.00025817384948570156,low_low,0.01408369339784601,0.023037194661637332,leaky_and_relied_on,entered_danger,0.014105965503643781,0.02277902081215163,True,30.0,388.0
home_credit,REGION_RATING_CLIENT,gbm,full,FLAG_DOCUMENT_14,0.0,0.0,low_low,0.0,0.0,low_low,never_danger,0.0,0.0,False,2.0,13.0
home_credit,REGION_RATING_CLIENT,gbm,full,FLAG_DOCUMENT_12,0.0,0.0,low_low,0.0,0.0,low_low,never_danger,0.0,0.0,False,1.0,1.0
home_credit,REGION_RATING_CLIENT,gbm,full,FLAG_DOCUMENT_11,0.0,0.0,low_low,0.0,0.0,low_low,never_danger,0.0,0.0,False,2.0,12.0
home_credit,REGION_RATING_CLIENT,gbm,full,FLAG_DOCUMENT_21,0.0,0.0,low_low,0.0,0.0,low_low,never_danger,0.0,0.0,False,2.0,3.0
home_credit,REGION_RATING_CLIENT,gbm,full,FLAG_DOCUMENT_10,0.0,0.0,low_low,0.0,0.0,low_low,never_danger,0.0,0.0,False,2.0,1.0
home_credit,REGION_RATING_CLIENT,gbm,full,FLAG_DOCUMENT_4,0.0,0.0,low_low,0.0,0.0,low_low,never_danger,0.0,0.0,False,1.0,1.0
home_credit,REGION_RATING_CLIENT,gbm,full,FLAG_DOCUMENT_19,0.0,0.0,low_low,0.0,0.0,low_low,never_danger,0.0,0.0,False,2.0,1.0
home_credit,REGION_RATING_CLIENT,gbm,full,FLAG_DOCUMENT_16,0.0,0.0,low_low,0.00010148354821895022,0.0021185798788907356,low_low,never_danger,0.00010148354821895022,0.0021185798788907356,False,2.0,26.0
home_credit,REGION_RATING_CLIENT,gbm,full,FLAG_DOCUMENT_15,0.0,0.0,low_low,0.0,0.0,low_low,never_danger,0.0,0.0,False,2.0,8.0
home_credit,REGION_RATING_CLIENT,gbm,full,FLAG_DOCUMENT_17,0.0,0.0,low_low,0.0,0.0,low_low,never_danger,0.0,0.0,False,2.0,1.0
home_credit,REGION_RATING_CLIENT,gbm,full,FLAG_DOCUMENT_18,0.0,0.0,low_low,0.0,0.0,low_low,never_danger,0.0,0.0,False,2.0,5.0
home_credit,REGION_RATING_CLIENT,gbm,full,NONLIVINGAPARTMENTS_MEDI,4.0028434789740605e-05,0.0,low_low,8.267635728151924e-05,0.00038886125796660983,low_low,never_danger,4.264792249177863e-05,0.00038886125796660983,False,76.0,521.0
home_credit,REGION_RATING_CLIENT,gbm,full,FLAG_OWN_CAR,0.0,0.0,low_low,0.0006351652403636665,0.012807128391511635,leaky_and_relied_on,entered_danger,0.0006351652403636665,0.012807128391511635,True,2.0,255.0
home_credit,REGION_RATING_CLIENT,gbm,full,FLAG_DOCUMENT_20,0.0,0.0,low_low,0.0,0.0,low_low,never_danger,0.0,0.0,False,2.0,4.0
home_credit,REGION_RATING_CLIENT,gbm,full,HOUSETYPE_MODE,0.0,0.0,low_low,-2.396066343948178e-05,0.0004397980487386069,low_low,never_danger,-2.396066343948178e-05,0.0004397980487386069,False,4.0,36.0
home_credit,REGION_RATING_CLIENT,gbm,full,FLAG_CONT_MOBILE,-1.0434769942113676e-06,0.0,low_low,0.09385494198990578,0.11581751397242294,leaky_and_relied_on,entered_danger,0.0938559854669,0.11581751397242294,True,2.0,41.0
home_credit,REGION_RATING_CLIENT,gbm,full,FLAG_DOCUMENT_13,4.22382125377041e-05,0.0,low_low,1.7597055576668018e-05,0.0,low_low,never_danger,-2.4641156961036084e-05,0.0,False,2.0,14.0
home_credit,REGION_RATING_CLIENT,gbm,full,FLOORSMAX_MODE,8.472873015155091e-05,0.0,low_low,0.004625551060816991,0.001363472678936806,leaky_removable,never_danger,0.004540822330665439,0.001363472678936806,True,26.0,5337.0
home_credit,REGION_RATING_CLIENT,gbm,full,AMT_REQ_CREDIT_BUREAU_HOUR,8.958266136911419e-05,0.0,low_low,0.0002809849087454408,0.0,low_low,never_danger,0.00019140224737632658,0.0,False,4.0,17.0
home_credit,REGION_RATING_CLIENT,gbm,full,REG_REGION_NOT_LIVE_REGION,0.000139549505282055,0.0,low_low,0.00010830252726783396,0.0004996811135867368,low_low,never_danger,-3.124697801422105e-05,0.0004996811135867368,False,2.0,27.0
home_credit,REGION_RATING_CLIENT,gbm,full,ELEVATORS_MEDI,0.0012467758787271688,0.0,leaky_removable,7.477222160234831e-05,0.0,low_low,never_danger,-0.0011720036571248205,0.0,False,38.0,412.0
home_credit,REGION_RATING_CLIENT,gbm,full,FLAG_DOCUMENT_9,0.00028659617544399827,0.0,low_low,6.238164590763873e-05,0.0,low_low,never_danger,-0.00022421452953635954,0.0,False,2.0,13.0
home_credit,REGION_RATING_CLIENT,gbm,full,LIVE_REGION_NOT_WORK_REGION,0.0005509933040468873,0.0,low_low,0.0,0.0003538468063450311,low_low,never_danger,-0.0005509933040468873,0.0003538468063450311,False,2.0,84.0
home_credit,REGION_RATING_CLIENT,gbm,full,FLAG_DOCUMENT_2,0.0,0.0,low_low,0.0,0.0,low_low,never_danger,0.0,0.0,False,1.0,1.0
home_credit,REGION_RATING_CLIENT,gbm,full,AMT_REQ_CREDIT_BUREAU_DAY,0.0,0.0,low_low,0.0,0.0,low_low,never_danger,0.0,0.0,False,7.0,24.0
home_credit,REGION_RATING_CLIENT,gbm,full,EMERGENCYSTATE_MODE,0.0,0.0,low_low,0.0,0.0,low_low,never_danger,0.0,0.0,False,3.0,16.0
home_credit,REGION_RATING_CLIENT,gbm,full,FLAG_MOBIL,0.0,0.0,low_low,0.0,0.0,low_low,never_danger,0.0,0.0,False,2.0,1.0
home_credit,REGION_RATING_CLIENT,gbm,full,FLAG_DOCUMENT_7,0.0,0.0,low_low,0.0,0.0,low_low,never_danger,0.0,0.0,False,2.0,1.0
home_credit,REGION_RATING_CLIENT,gbm,full,FLAG_DOCUMENT_6,-5.133633427210071e-05,0.0,low_low,-0.0002690037611939866,0.0,low_low,never_danger,-0.0002176674269218859,0.0,False,2.0,79.0
home_credit,REGION_RATING_CLIENT,gbm,full,FLAG_EMP_PHONE,0.0,0.0,low_low,0.0006016194961829368,0.033091125233089984,leaky_and_relied_on,entered_danger,0.0006016194961829368,0.033091125233089984,True,2.0,1276.0
home_credit,REGION_RATING_CLIENT,gbm,full,FLOORSMIN_MODE,0.00017068371261224068,0.0,low_low,0.0015781140001376536,0.017388262406011955,leaky_and_relied_on,entered_danger,0.0014074302875254129,0.017388262406011955,True,25.0,3086.0
home_credit,REGION_RATING_CLIENT,gbm,random,EXT_SOURCE_3,-0.00082846660816005,0.3629704776136346,safe_workhorse,0.00046343159631860863,0.3211061398815127,safe_workhorse,never_danger,0.0012918982044786587,-0.04186433773212189,False,667.0,4898.0
home_credit,REGION_RATING_CLIENT,gbm,random,EXT_SOURCE_2,0.0655102866073937,0.2700077787832096,leaky_and_relied_on,0.002864173107418555,0.13265667294570732,leaky_and_relied_on,stayed_danger,-0.06264611349997515,-0.13735110583750226,False,13660.0,6381.0
home_credit,REGION_RATING_CLIENT,gbm,random,EXT_SOURCE_1,0.0015919197275661157,0.15718621594664112,leaky_and_relied_on,0.00675185322022831,0.16205916940698423,leaky_and_relied_on,stayed_danger,0.005159933492662194,0.00487295346034311,False,6529.0,2669.0
home_credit,REGION_RATING_CLIENT,gbm,random,DAYS_EMPLOYED,0.0009852425353697348,0.08879506030437123,leaky_and_relied_on,0.0013040312100361274,0.09411709412368281,leaky_and_relied_on,stayed_danger,0.0003187886746663926,0.005322033819311581,False,5181.0,5722.0
home_credit,REGION_RATING_CLIENT,gbm,random,AMT_CREDIT,0.0018274856708296872,0.08397706375197088,leaky_and_relied_on,0.0005406381813315875,0.09732213723228324,safe_workhorse,left_danger,-0.0012868474894980996,0.013345073480312358,False,2217.0,5971.0
home_credit,REGION_RATING_CLIENT,gbm,random,NAME_EDUCATION_TYPE,4.15161899864902e-06,0.0725168939233998,safe_workhorse,2.22071287944825e-05,0.0011779240255458347,low_low,never_danger,1.805550979583348e-05,-0.07133896989785396,False,5.0,328.0
home_credit,REGION_RATING_CLIENT,gbm,random,DAYS_BIRTH,-6.971859770765754e-05,0.07019598993734111,safe_workhorse,0.0005193354734338573,0.05865693398533343,safe_workhorse,never_danger,0.0005890540711415149,-0.01153905595200768,False,9756.0,6411.0
home_credit,REGION_RATING_CLIENT,gbm,random,AMT_GOODS_PRICE,-0.0011376412782482693,0.06922022293136627,safe_workhorse,4.845786896432447e-05,0.07230537702469338,safe_workhorse,never_danger,0.0011860991472125938,0.0030851540933271027,False,400.0,5061.0
home_credit,REGION_RATING_CLIENT,gbm,random,NAME_INCOME_TYPE,0.004160677269931123,0.04683797333015717,leaky_and_relied_on,-0.00018419502072823944,0.06933883639043853,safe_workhorse,left_danger,-0.0043448722906593625,0.02250086306028136,False,7.0,419.0
home_credit,REGION_RATING_CLIENT,gbm,random,OWN_CAR_AGE,0.002429410679792121,0.04623508074329385,leaky_and_relied_on,0.0018590137114808726,0.007479623852358495,leaky_and_relied_on,stayed_danger,-0.0005703969683112484,-0.038755456890935354,False,52.0,1837.0
home_credit,REGION_RATING_CLIENT,gbm,random,ORGANIZATION_TYPE,0.0016342492069396863,0.03793842947871926,leaky_and_relied_on,0.0012351934655080664,0.0064304411290218135,leaky_and_relied_on,stayed_danger,-0.0003990557414316198,-0.031507988349697445,False,57.0,2986.0
home_credit,REGION_RATING_CLIENT,gbm,random,NAME_CONTRACT_TYPE,0.0001007887494452131,0.035802602586861895,safe_workhorse,0.0,0.0,low_low,never_danger,-0.0001007887494452131,-0.035802602586861895,False,2.0,40.0
home_credit,REGION_RATING_CLIENT,gbm,random,AMT_ANNUITY,0.00428099614433608,0.03486277829389481,leaky_and_relied_on,0.0013214232236582468,0.06825303383122329,leaky_and_relied_on,stayed_danger,-0.002959572920677833,0.03339025553732848,False,5242.0,6229.0
home_credit,REGION_RATING_CLIENT,gbm,random,DAYS_ID_PUBLISH,0.0004154874887416282,0.03282089423260303,safe_workhorse,0.00015162225267719708,0.03924306021808897,safe_workhorse,never_danger,-0.0002638652360644311,0.006422165985485936,False,4987.0,6393.0
home_credit,REGION_RATING_CLIENT,gbm,random,DAYS_LAST_PHONE_CHANGE,0.0018729084720596977,0.02665714298672757,leaky_and_relied_on,0.002742270872085073,0.028526124145586335,leaky_and_relied_on,stayed_danger,0.0008693624000253755,0.0018689811588587651,False,2930.0,6160.0
home_credit,REGION_RATING_CLIENT,gbm,random,FLAG_DOCUMENT_3,0.0007239244373702603,0.024518269863631655,leaky_and_relied_on,0.00090298966797564,0.0031578833342532846,leaky_and_relied_on,stayed_danger,0.0001790652306053797,-0.02136038652937837,False,2.0,298.0
home_credit,REGION_RATING_CLIENT,gbm,random,LIVINGAREA_MEDI,0.00017119955189066617,0.019125815061898015,safe_workhorse,5.616015905036686e-05,0.003349002455954837,safe_workhorse,never_danger,-0.0001150393928402993,-0.01577681260594318,False,2542.0,3727.0
home_credit,REGION_RATING_CLIENT,gbm,random,DAYS_REGISTRATION,0.005239756317136246,0.017505420476896183,leaky_and_relied_on,0.0016951314968488118,0.005822142364363912,leaky_and_relied_on,stayed_danger,-0.003544624820287434,-0.01168327811253227,False,8430.0,6428.0
home_credit,REGION_RATING_CLIENT,gbm,random,BASEMENTAREA_AVG,0.0023304978319348855,0.016038697238618678,leaky_and_relied_on,0.002651082655878989,0.008952911244554336,leaky_and_relied_on,stayed_danger,0.00032058482394410354,-0.007085785994064342,False,1952.0,2323.0
home_credit,REGION_RATING_CLIENT,gbm,random,AMT_REQ_CREDIT_BUREAU_QRT,0.00026788802444073224,0.013772496845844806,safe_workhorse,0.00016000169131531462,0.0008180985081075056,low_low,never_danger,-0.00010788633312541762,-0.0129543983377373,False,8.0,481.0
home_credit,REGION_RATING_CLIENT,gbm,random,NONLIVINGAREA_AVG,0.0006599638989711165,0.01305103059446666,leaky_and_relied_on,-0.0002480835620278121,0.007282033635356928,safe_workhorse,left_danger,-0.0009080474609989286,-0.005768996959109732,False,1223.0,2235.0
home_credit,REGION_RATING_CLIENT,gbm,random,HOUR_APPR_PROCESS_START,0.06247851786468452,0.012792248697350031,leaky_and_relied_on,0.029058002678101703,0.008772637621289945,leaky_and_relied_on,stayed_danger,-0.033420515186582817,-0.004019611076060086,False,23.0,3928.0
home_credit,REGION_RATING_CLIENT,gbm,random,ENTRANCES_AVG,0.00048441707978026384,0.012594114513240327,safe_workhorse,0.01722038252961955,0.0849541170532417,leaky_and_relied_on,entered_danger,0.016735965449839286,0.07236000254000137,True,121.0,576.0
home_credit,REGION_RATING_CLIENT,gbm,random,AMT_INCOME_TOTAL,0.016505527695584422,0.011589777242667972,leaky_and_relied_on,0.0047235999532862175,0.013557310162034607,leaky_and_relied_on,stayed_danger,-0.011781927742298205,0.001967532919366636,False,369.0,3381.0
home_credit,REGION_RATING_CLIENT,gbm,random,OBS_30_CNT_SOCIAL_CIRCLE,-0.00027502528623288833,0.011227481451122902,safe_workhorse,-0.000394341823981903,0.004198514459845945,safe_workhorse,never_danger,-0.00011931653774901465,-0.007028966991276957,False,25.0,863.0
home_credit,REGION_RATING_CLIENT,gbm,random,YEARS_BEGINEXPLUATATION_AVG,0.0008105686387686716,0.009781939495677384,leaky_and_relied_on,0.005782907053590658,0.003670390279453261,leaky_and_relied_on,stayed_danger,0.004972338414821986,-0.006111549216224124,False,132.0,3299.0
home_credit,REGION_RATING_CLIENT,gbm,random,AMT_REQ_CREDIT_BUREAU_YEAR,-0.0003584812903709933,0.00971702106851168,safe_workhorse,0.000792058717134414,0.0058556211488429875,leaky_and_relied_on,entered_danger,0.0011505400075054073,-0.0038613999196686925,True,14.0,386.0
home_credit,REGION_RATING_CLIENT,gbm,random,NONLIVINGAREA_MEDI,0.00016789934779524174,0.009106844192172878,safe_workhorse,-9.399728865879808e-05,0.0018868725243456467,low_low,never_danger,-0.0002618966364540398,-0.007219971667827231,False,1228.0,2496.0
home_credit,REGION_RATING_CLIENT,gbm,random,LIVINGAREA_AVG,0.0011277869365028171,0.00858888556698778,leaky_and_relied_on,0.000912881266389376,0.011914190566727417,leaky_and_relied_on,stayed_danger,-0.00021490567011344113,0.003325304999739636,False,2534.0,3736.0
home_credit,REGION_RATING_CLIENT,gbm,random,OCCUPATION_TYPE,3.0309547718454512e-05,0.008562155209230263,safe_workhorse,0.0019237417109049914,0.00838399298775873,leaky_and_relied_on,entered_danger,0.001893432163186537,-0.0001781622214715329,True,19.0,2952.0
home_credit,REGION_RATING_CLIENT,gbm,random,LANDAREA_MODE,0.0010164594755206035,0.00772814089448033,leaky_and_relied_on,0.005269730493577196,0.0029038049609005434,leaky_removable,left_danger,0.004253271018056592,-0.004824335933579786,False,1773.0,3396.0
home_credit,REGION_RATING_CLIENT,gbm,random,APARTMENTS_MODE,0.0005555145076656442,0.007475312016751165,safe_workhorse,0.0006862497638521648,0.00503896120657186,leaky_and_relied_on,entered_danger,0.00013073525618652055,-0.002436350810179305,True,483.0,3924.0
home_credit,REGION_RATING_CLIENT,gbm,random,BASEMENTAREA_MEDI,0.0007114833294362466,0.007451355921651257,leaky_and_relied_on,0.001227651899078519,0.006168680708100807,leaky_and_relied_on,stayed_danger,0.0005161685696422725,-0.0012826752135504495,False,1949.0,2914.0
home_credit,REGION_RATING_CLIENT,gbm,random,LIVINGAREA_MODE,-0.0011990529643230551,0.006493250416231279,safe_workhorse,0.00027631670360459546,0.009111382935005914,safe_workhorse,never_danger,0.0014753696679276505,0.002618132518774635,False,2491.0,3697.0
home_credit,REGION_RATING_CLIENT,gbm,random,YEARS_BEGINEXPLUATATION_MEDI,0.00034394592506363785,0.006295905428672433,safe_workhorse,0.001514595091267057,0.0025632529141327394,leaky_removable,never_danger,0.001170649166203419,-0.0037326525145396933,True,130.0,2606.0
home_credit,REGION_RATING_CLIENT,gbm,random,TOTALAREA_MODE,0.0022813421507396512,0.006289591456282677,leaky_and_relied_on,-0.00032676346797004817,0.008077730600557491,safe_workhorse,left_danger,-0.0026081056187096992,0.0017881391442748137,False,2492.0,4484.0
home_credit,REGION_RATING_CLIENT,gbm,random,LANDAREA_AVG,0.001710877035283409,0.005684443688174554,leaky_and_relied_on,0.0008248448730265645,0.005749325333040236,leaky_and_relied_on,stayed_danger,-0.0008860321622568445,6.488164486568183e-05,False,1781.0,3360.0
home_credit,REGION_RATING_CLIENT,gbm,random,BASEMENTAREA_MODE,0.0053547080275268,0.005440866919589822,leaky_and_relied_on,0.0011231171904870552,0.006988915672951,leaky_and_relied_on,stayed_danger,-0.004231590837039745,0.001548048753361178,False,1957.0,2565.0
home_credit,REGION_RATING_CLIENT,gbm,random,APARTMENTS_AVG,0.0011342732182160198,0.005252297443086348,leaky_and_relied_on,0.0008181823297117141,0.006033615698915819,leaky_and_relied_on,stayed_danger,-0.0003160908885043057,0.0007813182558294709,False,894.0,3035.0
home_credit,REGION_RATING_CLIENT,gbm,random,WEEKDAY_APPR_PROCESS_START,-0.00017985073213320213,0.0052342809779276165,safe_workhorse,-0.00036132632400793786,0.010039926527407239,safe_workhorse,never_danger,-0.00018147559187473573,0.004805645549479622,False,7.0,3227.0
home_credit,REGION_RATING_CLIENT,gbm,random,DEF_60_CNT_SOCIAL_CIRCLE,-0.0002094514106413925,0.005178058945295587,safe_workhorse,-0.0004715737645071272,0.009411178882308364,safe_workhorse,never_danger,-0.00026212235386573467,0.004233119937012778,False,7.0,323.0
home_credit,REGION_RATING_CLIENT,gbm,random,APARTMENTS_MEDI,-0.0002433347469897651,0.005057562053805839,safe_workhorse,0.0008182483413580633,0.004894285846206934,leaky_and_relied_on,entered_danger,0.0010615830883478285,-0.0001632762075989046,True,649.0,2648.0
home_credit,REGION_RATING_CLIENT,gbm,random,ELEVATORS_AVG,0.002774484232580243,0.005049378395750156,leaky_and_relied_on,4.783785287056919e-05,0.0,low_low,left_danger,-0.002726646379709674,-0.005049378395750156,False,107.0,378.0
home_credit,REGION_RATING_CLIENT,gbm,random,LANDAREA_MEDI,0.0008131695356845103,0.004602458404916209,leaky_and_relied_on,8.197315351576862e-05,0.022219562408413662,safe_workhorse,left_danger,-0.0007311963821687417,0.017617104003497454,False,1775.0,2480.0
home_credit,REGION_RATING_CLIENT,gbm,random,FLAG_EMAIL,-7.366924726659452e-05,0.0044766723846136015,safe_workhorse,3.5112863280262195e-05,0.0032049106690895954,safe_workhorse,never_danger,0.00010878211054685672,-0.001271761715524006,False,2.0,127.0
home_credit,REGION_RATING_CLIENT,gbm,random,REG_REGION_NOT_WORK_REGION,0.008137098910829099,0.004275748480059593,leaky_and_relied_on,3.9008683231167575e-05,0.0036472019074502105,safe_workhorse,left_danger,-0.00809809022759793,-0.0006285465726093824,False,2.0,69.0
home_credit,REGION_RATING_CLIENT,gbm,random,LIVINGAPARTMENTS_AVG,-0.00021442326194192062,0.003964148382098785,safe_workhorse,0.0003953709823532936,0.00754439425185805,safe_workhorse,never_danger,0.0006097942442952141,0.0035802458697592656,False,715.0,2263.0
home_credit,REGION_RATING_CLIENT,gbm,random,OBS_60_CNT_SOCIAL_CIRCLE,-0.0006422068764724731,0.003924832978558048,safe_workhorse,-0.0003218664812147276,0.00303917039503875,safe_workhorse,never_danger,0.00032034039525774555,-0.0008856625835192977,False,25.0,824.0
home_credit,REGION_RATING_CLIENT,gbm,random,FLAG_WORK_PHONE,0.00031008460671113627,0.0038226917274035003,safe_workhorse,1.7394922028057813e-05,0.0017190729848817025,low_low,never_danger,-0.00029268968468307847,-0.0021036187425217978,False,2.0,402.0
home_credit,REGION_RATING_CLIENT,gbm,random,NONLIVINGAREA_MODE,0.000278671412480147,0.0037102761473041925,safe_workhorse,0.00028856339571488033,0.03010634958938572,safe_workhorse,never_danger,9.891983234733314e-06,0.026396073442081527,False,1198.0,1271.0
home_credit,REGION_RATING_CLIENT,gbm,random,FLAG_PHONE,0.001376743547828596,0.0036653646132829456,leaky_and_relied_on,0.0003480957466347245,0.0012424635044121968,low_low,left_danger,-0.0010286478011938714,-0.002422901108870749,False,2.0,26.0
home_credit,REGION_RATING_CLIENT,gbm,random,REG_CITY_NOT_WORK_CITY,0.0007437203156222871,0.003625898959649954,leaky_and_relied_on,8.922484788254081e-06,0.004291506837214834,safe_workhorse,left_danger,-0.000734797830834033,0.0006656078775648805,False,2.0,296.0
home_credit,REGION_RATING_CLIENT,gbm,random,COMMONAREA_MODE,0.001453522906156368,0.0033191274576125766,leaky_and_relied_on,0.0006525657239681015,0.014845343187632332,leaky_and_relied_on,stayed_danger,-0.0008009571821882666,0.011526215730019756,False,1239.0,3077.0
home_credit,REGION_RATING_CLIENT,gbm,random,FLOORSMIN_AVG,0.00020238819623010773,0.003130135233606105,safe_workhorse,0.001357952425515574,0.0036554793903298185,leaky_and_relied_on,entered_danger,0.0011555642292854662,0.0005253441567237135,True,97.0,2306.0
home_credit,REGION_RATING_CLIENT,gbm,random,COMMONAREA_AVG,0.0007116796916573742,0.0031074522880628103,leaky_and_relied_on,-8.601950733218011e-05,0.01647514451931039,safe_workhorse,left_danger,-0.0007976991989895542,0.01336769223124758,False,1264.0,2509.0
home_credit,REGION_RATING_CLIENT,gbm,random,LIVINGAPARTMENTS_MODE,-0.000172993041329228,0.0030710731911539214,safe_workhorse,5.668061949581915e-05,0.013701048126713024,safe_workhorse,never_danger,0.00022967366082504714,0.010629974935559103,False,450.0,2965.0
home_credit,REGION_RATING_CLIENT,gbm,random,COMMONAREA_MEDI,0.0002080778170129305,0.003055478856827182,safe_workhorse,0.0009747004076082977,0.013259751971649124,leaky_and_relied_on,entered_danger,0.0007666225905953672,0.010204273114821942,True,1269.0,2136.0
home_credit,REGION_RATING_CLIENT,gbm,random,YEARS_BUILD_MODE,0.0005096006651960528,0.0030015094064692336,safe_workhorse,0.006615988348599422,0.03985599146852035,leaky_and_relied_on,entered_danger,0.006106387683403369,0.036854482062051115,True,118.0,3285.0
home_credit,REGION_RATING_CLIENT,gbm,random,DEF_30_CNT_SOCIAL_CIRCLE,7.784944751223488e-05,0.002968896848878527,low_low,0.0008842669831167216,0.002333252748308049,leaky_removable,never_danger,0.0008064175356044867,-0.000635644100570478,True,8.0,240.0
home_credit,REGION_RATING_CLIENT,gbm,random,NAME_TYPE_SUITE,0.000540430625821986,0.002847586552835455,low_low,0.0010338415321691885,0.0025860338285811943,leaky_removable,never_danger,0.0004934109063472025,-0.0002615527242542607,True,8.0,329.0
home_credit,REGION_RATING_CLIENT,gbm,random,ENTRANCES_MEDI,-0.0001174406636798464,0.002842706143857084,low_low,0.0022906483751599094,0.006864425755080511,leaky_and_relied_on,entered_danger,0.0024080890388397556,0.004021719611223426,True,41.0,2552.0
home_credit,REGION_RATING_CLIENT,gbm,random,CNT_FAM_MEMBERS,-0.000325387312145331,0.0028031733864255677,low_low,0.0009191182144337561,0.00939457879984365,leaky_and_relied_on,entered_danger,0.0012445055265790871,0.006591405413418083,True,9.0,403.0
home_credit,REGION_RATING_CLIENT,gbm,random,AMT_REQ_CREDIT_BUREAU_MON,0.0009483913348480976,0.0027074171831460757,leaky_removable,-6.615073643703173e-05,0.0020735417736211493,low_low,never_danger,-0.0010145420712851293,-0.0006338754095249264,False,19.0,355.0
home_credit,REGION_RATING_CLIENT,gbm,random,YEARS_BUILD_AVG,4.407654570317554e-05,0.0021487250677496325,low_low,0.0026423082571674474,0.0029374191382595277,leaky_removable,never_danger,0.002598231711464272,0.0007886940705098952,True,119.0,2634.0
home_credit,REGION_RATING_CLIENT,gbm,random,FLOORSMAX_AVG,0.006338264080888179,0.0020944685357916675,leaky_removable,0.002940505058574683,0.03653683354992971,leaky_and_relied_on,entered_danger,-0.003397759022313496,0.03444236501413804,False,140.0,2618.0
home_credit,REGION_RATING_CLIENT,gbm,random,FLAG_OWN_REALTY,0.0005536469350152951,0.00199954922129002,low_low,0.0003209877717829768,0.001216977421394764,low_low,never_danger,-0.0002326591632323183,-0.0007825717998952559,False,2.0,468.0
home_credit,REGION_RATING_CLIENT,gbm,random,NAME_HOUSING_TYPE,0.0017120395370215703,0.001981370425105646,leaky_removable,0.0009811732530323302,0.002769032270559521,leaky_removable,never_danger,-0.00073086628398924,0.0007876618454538747,False,6.0,426.0
home_credit,REGION_RATING_CLIENT,gbm,random,CNT_CHILDREN,0.00017399491423186753,0.0018563150089095709,low_low,4.852520891578394e-05,0.0035718658679455844,safe_workhorse,never_danger,-0.0001254697053160836,0.0017155508590360135,False,8.0,752.0
home_credit,REGION_RATING_CLIENT,gbm,random,YEARS_BUILD_MEDI,-0.00025689522746417113,0.0017021538773419884,low_low,0.00033688127166127125,0.005165942626426767,safe_workhorse,never_danger,0.0005937764991254424,0.0034637887490847783,False,118.0,1762.0
home_credit,REGION_RATING_CLIENT,gbm,random,NONLIVINGAPARTMENTS_AVG,0.000303906723793812,0.0015385657229729196,low_low,0.0002985627515860845,0.0009055253611895939,low_low,never_danger,-5.34397220772751e-06,-0.0006330403617833257,False,124.0,510.0
home_credit,REGION_RATING_CLIENT,gbm,random,FLOORSMAX_MEDI,-1.0983423946075988e-05,0.0013129920777929034,low_low,0.002790325415664774,0.00843575661735913,leaky_and_relied_on,entered_danger,0.00280130883961085,0.007122764539566227,True,46.0,1705.0
home_credit,REGION_RATING_CLIENT,gbm,random,YEARS_BEGINEXPLUATATION_MODE,0.0009689833325002617,0.0011805280247587238,leaky_removable,0.0006980327794367192,0.030385399259063216,leaky_and_relied_on,entered_danger,-0.0002709505530635425,0.029204871234304493,False,131.0,1894.0
home_credit,REGION_RATING_CLIENT,gbm,random,AMT_REQ_CREDIT_BUREAU_WEEK,0.0002190552383867228,0.001066759561642907,low_low,-9.662679049242673e-05,0.0003903400245307662,low_low,never_danger,-0.0003156820288791495,-0.0006764195371121407,False,7.0,56.0
home_credit,REGION_RATING_CLIENT,gbm,random,LIVE_CITY_NOT_WORK_CITY,0.0005088380092643119,0.0010195020890155543,low_low,0.0008735850286389013,0.006216028900780536,leaky_and_relied_on,entered_danger,0.0003647470193745894,0.0051965268117649815,True,2.0,541.0
home_credit,REGION_RATING_CLIENT,gbm,random,LIVINGAPARTMENTS_MEDI,-0.0010502926947184132,0.0008911917377575631,low_low,0.0011367830184929374,0.01139912193885254,leaky_and_relied_on,entered_danger,0.0021870757132113504,0.010507930201094978,True,575.0,2156.0
home_credit,REGION_RATING_CLIENT,gbm,random,WALLSMATERIAL_MODE,0.003745526625201556,0.0008527486136989544,leaky_removable,0.006822032097163122,0.015819176437565162,leaky_and_relied_on,entered_danger,0.0030765054719615655,0.014966427823866207,False,8.0,839.0
home_credit,REGION_RATING_CLIENT,gbm,random,NAME_FAMILY_STATUS,-0.0004555379291847128,0.0007728740010137531,low_low,0.0001913271231585467,0.014643405544718352,safe_workhorse,never_danger,0.0006468650523432594,0.013870531543704599,False,5.0,207.0
home_credit,REGION_RATING_CLIENT,gbm,random,NONLIVINGAPARTMENTS_MODE,0.00013210852909333325,0.000759849879734568,low_low,0.00039490336840215524,0.001000005091617786,low_low,never_danger,0.000262794839308822,0.00024015521188321804,False,57.0,384.0
home_credit,REGION_RATING_CLIENT,gbm,random,FLOORSMIN_MEDI,8.386052436093472e-05,0.0005486183146544033,low_low,0.00614836240324681,0.016868988337682873,leaky_and_relied_on,entered_danger,0.0060645018788858755,0.01632037002302847,True,41.0,962.0
home_credit,REGION_RATING_CLIENT,gbm,random,FLAG_DOCUMENT_5,2.8252431621211828e-05,0.0004960063376567057,low_low,0.0,0.0,low_low,never_danger,-2.8252431621211828e-05,-0.0004960063376567057,False,2.0,19.0
home_credit,REGION_RATING_CLIENT,gbm,random,FLAG_DOCUMENT_8,3.8901141024538787e-05,0.00042965612497732693,low_low,-0.0003538767611577454,0.0022113227569059203,low_low,never_danger,-0.00039277790218228414,0.0017816666319285933,False,2.0,97.0
home_credit,REGION_RATING_CLIENT,gbm,random,FONDKAPREMONT_MODE,0.0009159307788315863,0.00039899847491447235,leaky_removable,-0.00022095088142795038,0.0017240447548800897,low_low,never_danger,-0.0011368816602595367,0.0013250462799656174,False,5.0,268.0
home_credit,REGION_RATING_CLIENT,gbm,random,ELEVATORS_MODE,0.0008640266155291565,0.00033778936598740083,leaky_removable,0.0001700116354172998,0.0,low_low,never_danger,-0.0006940149801118567,-0.00033778936598740083,False,26.0,273.0
home_credit,REGION_RATING_CLIENT,gbm,random,REG_CITY_NOT_LIVE_CITY,0.0005697530826971997,0.00031908370757635624,leaky_removable,2.0342677703766297e-05,0.0005774294538504808,low_low,never_danger,-0.0005494104049934334,0.0002583457462741246,False,2.0,94.0
home_credit,REGION_RATING_CLIENT,gbm,random,ENTRANCES_MODE,-2.2272105797771503e-05,0.00025817384948570156,low_low,0.0009612497618040949,0.05579623994390578,leaky_and_relied_on,entered_danger,0.0009835218676018664,0.05553806609442007,True,30.0,1929.0
home_credit,REGION_RATING_CLIENT,gbm,random,FLAG_DOCUMENT_14,0.0,0.0,low_low,0.0,0.0,low_low,never_danger,0.0,0.0,False,2.0,17.0
home_credit,REGION_RATING_CLIENT,gbm,random,FLAG_DOCUMENT_12,0.0,0.0,low_low,0.0,0.0,low_low,never_danger,0.0,0.0,False,1.0,1.0
home_credit,REGION_RATING_CLIENT,gbm,random,FLAG_DOCUMENT_11,0.0,0.0,low_low,0.0,0.0,low_low,never_danger,0.0,0.0,False,2.0,21.0
home_credit,REGION_RATING_CLIENT,gbm,random,FLAG_DOCUMENT_21,0.0,0.0,low_low,0.0,0.0,low_low,never_danger,0.0,0.0,False,2.0,3.0
home_credit,REGION_RATING_CLIENT,gbm,random,FLAG_DOCUMENT_10,0.0,0.0,low_low,0.0,0.0,low_low,never_danger,0.0,0.0,False,2.0,1.0
home_credit,REGION_RATING_CLIENT,gbm,random,FLAG_DOCUMENT_4,0.0,0.0,low_low,0.0,0.0,low_low,never_danger,0.0,0.0,False,1.0,1.0
home_credit,REGION_RATING_CLIENT,gbm,random,FLAG_DOCUMENT_19,0.0,0.0,low_low,0.0,0.0,low_low,never_danger,0.0,0.0,False,2.0,1.0
home_credit,REGION_RATING_CLIENT,gbm,random,FLAG_DOCUMENT_16,0.0,0.0,low_low,0.0,0.0035781798081512464,safe_workhorse,never_danger,0.0,0.0035781798081512464,False,2.0,62.0
home_credit,REGION_RATING_CLIENT,gbm,random,FLAG_DOCUMENT_15,0.0,0.0,low_low,0.0,0.0,low_low,never_danger,0.0,0.0,False,2.0,11.0
home_credit,REGION_RATING_CLIENT,gbm,random,FLAG_DOCUMENT_17,0.0,0.0,low_low,0.0,0.0,low_low,never_danger,0.0,0.0,False,2.0,3.0
home_credit,REGION_RATING_CLIENT,gbm,random,FLAG_DOCUMENT_18,0.0,0.0,low_low,5.412251882002117e-05,0.0,low_low,never_danger,5.412251882002117e-05,0.0,False,2.0,42.0
home_credit,REGION_RATING_CLIENT,gbm,random,NONLIVINGAPARTMENTS_MEDI,4.0028434789740605e-05,0.0,low_low,-4.265464172648059e-05,0.0,low_low,never_danger,-8.26830765162212e-05,0.0,False,76.0,468.0
home_credit,REGION_RATING_CLIENT,gbm,random,FLAG_OWN_CAR,0.0,0.0,low_low,-0.000177182378105889,0.00932150917726197,safe_workhorse,never_danger,-0.000177182378105889,0.00932150917726197,False,2.0,139.0
home_credit,REGION_RATING_CLIENT,gbm,random,FLAG_DOCUMENT_20,0.0,0.0,low_low,0.0,0.0,low_low,never_danger,0.0,0.0,False,2.0,2.0
home_credit,REGION_RATING_CLIENT,gbm,random,HOUSETYPE_MODE,0.0,0.0,low_low,-3.6423242383176735e-05,0.00020568689934433987,low_low,never_danger,-3.6423242383176735e-05,0.00020568689934433987,False,4.0,55.0
home_credit,REGION_RATING_CLIENT,gbm,random,FLAG_CONT_MOBILE,-1.0434769942113676e-06,0.0,low_low,0.01023947428096914,0.09291396115304348,leaky_and_relied_on,entered_danger,0.010240517757963351,0.09291396115304348,True,2.0,410.0
home_credit,REGION_RATING_CLIENT,gbm,random,FLAG_DOCUMENT_13,4.22382125377041e-05,0.0,low_low,0.0,0.0,low_low,never_danger,-4.22382125377041e-05,0.0,False,2.0,18.0
home_credit,REGION_RATING_CLIENT,gbm,random,FLOORSMAX_MODE,8.472873015155091e-05,0.0,low_low,0.000355243629727231,0.00897333122883252,safe_workhorse,never_danger,0.00027051489957568013,0.00897333122883252,False,26.0,976.0
home_credit,REGION_RATING_CLIENT,gbm,random,AMT_REQ_CREDIT_BUREAU_HOUR,8.958266136911419e-05,0.0,low_low,0.0,0.0,low_low,never_danger,-8.958266136911419e-05,0.0,False,4.0,31.0
home_credit,REGION_RATING_CLIENT,gbm,random,REG_REGION_NOT_LIVE_REGION,0.000139549505282055,0.0,low_low,-2.3446185552433717e-05,0.00017261266374540545,low_low,never_danger,-0.00016299569083448872,0.00017261266374540545,False,2.0,25.0
home_credit,REGION_RATING_CLIENT,gbm,random,ELEVATORS_MEDI,0.0012467758787271688,0.0,leaky_removable,-3.165731209699985e-05,0.0012212610562069193,low_low,never_danger,-0.0012784331908241686,0.0012212610562069193,False,38.0,312.0
home_credit,REGION_RATING_CLIENT,gbm,random,FLAG_DOCUMENT_9,0.00028659617544399827,0.0,low_low,0.0,0.0,low_low,never_danger,-0.00028659617544399827,0.0,False,2.0,19.0
home_credit,REGION_RATING_CLIENT,gbm,random,LIVE_REGION_NOT_WORK_REGION,0.0005509933040468873,0.0,low_low,0.0008357702443615667,0.00028592481985496697,leaky_removable,never_danger,0.00028477694031467935,0.00028592481985496697,True,2.0,97.0
home_credit,REGION_RATING_CLIENT,gbm,random,FLAG_DOCUMENT_2,0.0,0.0,low_low,0.0,0.0,low_low,never_danger,0.0,0.0,False,1.0,1.0
home_credit,REGION_RATING_CLIENT,gbm,random,AMT_REQ_CREDIT_BUREAU_DAY,0.0,0.0,low_low,1.2669669787301885e-06,0.0,low_low,never_danger,1.2669669787301885e-06,0.0,False,7.0,28.0
home_credit,REGION_RATING_CLIENT,gbm,random,EMERGENCYSTATE_MODE,0.0,0.0,low_low,-7.271584808525855e-05,0.0,low_low,never_danger,-7.271584808525855e-05,0.0,False,3.0,44.0
home_credit,REGION_RATING_CLIENT,gbm,random,FLAG_MOBIL,0.0,0.0,low_low,0.0,0.0,low_low,never_danger,0.0,0.0,False,2.0,1.0
home_credit,REGION_RATING_CLIENT,gbm,random,FLAG_DOCUMENT_7,0.0,0.0,low_low,0.0,0.0,low_low,never_danger,0.0,0.0,False,2.0,1.0
home_credit,REGION_RATING_CLIENT,gbm,random,FLAG_DOCUMENT_6,-5.133633427210071e-05,0.0,low_low,-2.3139968147556366e-05,0.0022369913449972337,low_low,never_danger,2.8196366124544347e-05,0.0022369913449972337,False,2.0,88.0
home_credit,REGION_RATING_CLIENT,gbm,random,FLAG_EMP_PHONE,0.0,0.0,low_low,0.013713644961137583,0.005623694602974324,leaky_and_relied_on,entered_danger,0.013713644961137583,0.005623694602974324,True,2.0,899.0
home_credit,REGION_RATING_CLIENT,gbm,random,FLOORSMIN_MODE,0.00017068371261224068,0.0,low_low,-0.0010703372559424328,0.0031931679296834043,safe_workhorse,never_danger,-0.0012410209685546735,0.0031931679296834043,False,25.0,1914.0
